date,district,grade,highest_price_rs_kg,average_price_rs_kg
05.01.2016,Ratnapura,Alba,2100.0,2033.0
05.01.2016,Kalutara,M-5,1300.0,1270.0
05.01.2016,Kalutara,M-4,1200.0,1130.0
05.01.2016,Kalutara,H-1,1000.0,1000.0
05.01.2016,Kalutara,H-2,950.0,915.0
05.01.2016,Galle,Alba,2000.0,1950.0
05.01.2016,Galle,C-5 Sp,1700.0,1675.0
05.01.2016,Galle,C-5,1580.0,1570.0
05.01.2016,Galle,C-4,1550.0,1545.0
05.01.2016,Galle,H-1,1460.0,1450.0
05.01.2016,Galle,H-2,1450.0,1445.0
05.01.2016,Matara,C-5 Sp,1700.0,1633.0
05.01.2016,Matara,C-5,1600.0,1530.0
05.01.2016,Matara,C-4,1550.0,1493.0
05.01.2016,Matara,M-5,1500.0,1490.0
05.01.2016,Matara,M-4,1480.0,1465.0
05.01.2016,Matara,H-1,1460.0,1445.0
05.01.2016,Matara,H-2,1420.0,1379.0
05.01.2016,Matara,H-Faq,1370.0,1225.0
05.01.2016,Hambantota,C-5,1700.0,1625.0
05.01.2016,Hambantota,C-4,1550.0,1540.0
05.01.2016,Hambantota,H-1,1450.0,1450.0
05.01.2016,Hambantota,H-2,1450.0,1440.0
05.01.2016,Monaragala,Gorosu,920.0,892.0
05.01.2016,Kalutara,C-4,1450.0,1430.0
05.01.2016,Kalutara,C-5,1500.0,1500.0
05.01.2016,Matara,Alba,2150.0,2088.0
05.01.2016,Kalutara,Alba,2000.0,2000.0
05.01.2016,Kalutara,C-5 Sp,1600.0,1570.0
05.01.2016,Ratnapura,C-5,1600.0,1533.0
05.01.2016,Ratnapura,C-4,1450.0,1416.0
05.01.2016,Ratnapura,M-5,1250.0,1250.0
05.01.2016,Ratnapura,M-4,1250.0,1250.0
05.01.2016,Ratnapura,H-1,1350.0,1266.0
05.01.2016,Ratnapura,H-2,1250.0,1232.0
05.01.2016,Badulla,C-5 Sp,1700.0,1700.0
05.01.2016,Badulla,C-5,1600.0,1600.0
05.01.2016,Badulla,C-4,1450.0,1450.0
05.01.2016,Badulla,M-5,1350.0,1350.0
05.01.2016,Badulla,M-4,1350.0,1350.0
05.01.2016,Ratnapura,C-5 Sp,1700.0,1666.0
05.01.2016,Badulla,Gorosu,1300.0,900.0
05.01.2016,Kurunegala,Heen,1100.0,1033.0
05.01.2016,Kurunegala,Gorosu,780.0,743.0
05.01.2016,Colombo,C-5 Sp,1700.0,1700.0
05.01.2016,Colombo,C-5,1600.0,1600.0
05.01.2016,Colombo,C-4,1400.0,1400.0
05.01.2016,Colombo,H-1,1300.0,1300.0
05.01.2016,Colombo,H-2,1250.0,1250.0
05.01.2016,Gampaha,C-4,1250.0,1100.0
05.01.2016,Gampaha,Gorosu,1000.0,950.0
05.01.2016,Badulla,Heen,1600.0,1175.0
12.01.2016,Kalutara,M-5,1300.0,1260.0
12.01.2016,Galle,H-2,1450.0,1445.0
12.01.2016,Galle,H-1,1460.0,1450.0
12.01.2016,Galle,C-4,1550.0,1545.0
12.01.2016,Galle,C-5,1580.0,1570.0
12.01.2016,Kalutara,M-4,1210.0,1130.0
12.01.2016,Galle,Alba,2000.0,1950.0
12.01.2016,Kalutara,H-2,950.0,920.0
12.01.2016,Kalutara,H-1,1110.0,1000.0
12.01.2016,Matara,Alba,2150.0,2088.0
12.01.2016,Galle,C-5 Sp,1700.0,1680.0
12.01.2016,Matara,C-5 Sp,1800.0,1683.0
12.01.2016,Matara,H-2,1440.0,1410.0
12.01.2016,Matara,C-4,1153.0,1520.0
12.01.2016,Matara,M-5,1500.0,1495.0
12.01.2016,Matara,M-4,1480.0,1475.0
12.01.2016,Matara,H-1,1460.0,1457.0
12.01.2016,Matara,H-Faq,1330.0,1277.0
12.01.2016,Hambantota,C-5,1600.0,1575.0
12.01.2016,Hambantota,C-4,1550.0,1550.0
12.01.2016,Hambantota,H-1,1450.0,1450.0
12.01.2016,Hambantota,H-2,1450.0,1425.0
12.01.2016,Monaragala,Gorosu,925.0,891.0
12.01.2016,Matara,C-5,1600.0,1558.0
12.01.2016,Kalutara,C-4,1450.0,1430.0
12.01.2016,Badulla,C-5,1500.0,1500.0
12.01.2016,Kalutara,C-5 Sp,1600.0,1580.0
12.01.2016,Ratnapura,Alba,2100.0,2033.0
12.01.2016,Kalutara,C-5,1550.0,1520.0
12.01.2016,Ratnapura,C-5,1550.0,1523.0
12.01.2016,Ratnapura,C-4,1400.0,1383.0
12.01.2016,Ratnapura,M-5,1300.0,1300.0
12.01.2016,Ratnapura,M-4,1300.0,1300.0
12.01.2016,Ratnapura,H-1,1350.0,1316.0
12.01.2016,Ratnapura,H-2,1200.0,1200.0
12.01.2016,Badulla,C-5 Sp,1550.0,1550.0
12.01.2016,Badulla,C-4,1450.0,1450.0
12.01.2016,Badulla,Heen,1300.0,1100.0
12.01.2016,Ratnapura,C-5 Sp,1650.0,1616.0
12.01.2016,Kurunegala,Heen,1000.0,967.0
12.01.2016,Badulla,Gorosu,1200.0,875.0
12.01.2016,Gampaha,Gorosu,1000.0,925.0
12.01.2016,Gampaha,C-4,1250.0,1125.0
12.01.2016,Colombo,H-2,1200.0,1200.0
12.01.2016,Colombo,H-1,1300.0,1300.0
12.01.2016,Kalutara,Alba,2000.0,2000.0
12.01.2016,Colombo,C-5,1600.0,1600.0
12.01.2016,Colombo,C-5 Sp,1700.0,1700.0
12.01.2016,Kurunegala,Gorosu,680.0,610.0
12.01.2016,Colombo,C-4,1400.0,1400.0
19.01.2016,Matara,C-5,1600.0,1573.0
19.01.2016,Galle,C-5 Sp,1680.0,1670.0
19.01.2016,Galle,C-5,1650.0,1645.0
19.01.2016,Galle,C-4,1550.0,1550.0
19.01.2016,Galle,H-1,1460.0,1455.0
19.01.2016,Galle,H-2,1450.0,1445.0
19.01.2016,Galle,Alba,2000.0,1975.0
19.01.2016,Matara,Alba,2150.0,2088.0
19.01.2016,Matara,C-5 Sp,1800.0,1717.0
19.01.2016,Matara,C-4,1550.0,1526.0
19.01.2016,Matara,H-Faq,1400.0,1327.0
19.01.2016,Matara,M-4,1490.0,1485.0
19.01.2016,Matara,H-1,1470.0,1460.0
19.01.2016,Matara,H-2,1450.0,1430.0
19.01.2016,Hambantota,C-5,1600.0,1575.0
19.01.2016,Hambantota,C-4,1550.0,1550.0
19.01.2016,Hambantota,H-1,1450.0,1450.0
19.01.2016,Hambantota,H-2,1450.0,1425.0
19.01.2016,Monaragala,Gorosu,1000.0,967.0
19.01.2016,Kalutara,H-2,870.0,860.0
19.01.2016,Matara,M-5,1500.0,1500.0
19.01.2016,Kalutara,H-1,950.0,920.0
19.01.2016,Badulla,C-5,1500.0,1500.0
19.01.2016,Kalutara,M-5,1210.0,1140.0
19.01.2016,Kalutara,M-4,1100.0,1030.0
19.01.2016,Ratnapura,Alba,2100.0,2033.0
19.01.2016,Ratnapura,C-5 Sp,1600.0,1533.0
19.01.2016,Ratnapura,C-5,1500.0,1433.0
19.01.2016,Ratnapura,C-4,1450.0,1383.0
19.01.2016,Ratnapura,M-5,1200.0,1150.0
19.01.2016,Ratnapura,H-1,1350.0,1316.0
19.01.2016,Ratnapura,H-2,1300.0,1266.0
19.01.2016,Badulla,C-4,1450.0,1450.0
19.01.2016,Ratnapura,M-4,1200.0,1150.0
19.01.2016,Badulla,Gorosu,1200.0,837.0
19.01.2016,Kurunegala,Heen,1200.0,1133.0
19.01.2016,Kurunegala,Gorosu,800.0,750.0
19.01.2016,Gampaha,C-4,1100.0,1050.0
19.01.2016,Gampaha,Gorosu,900.0,900.0
19.01.2016,Kalutara,Alba,2000.0,2000.0
19.01.2016,Kalutara,C-5 Sp,1550.0,1520.0
19.01.2016,Kalutara,C-5,1400.0,1365.0
19.01.2016,Badulla,Heen,1300.0,1075.0
19.01.2016,Kalutara,C-4,1300.0,1260.0
26.01.2016,Galle,H-2,1450.0,1440.0
26.01.2016,Galle,H-1,1480.0,1460.0
26.01.2016,Galle,C-4,1540.0,1500.0
26.01.2016,Galle,C-5,1600.0,1580.0
26.01.2016,Kalutara,H-1,1000.0,1000.0
26.01.2016,Galle,Alba,2100.0,2050.0
26.01.2016,Kalutara,H-2,950.0,920.0
26.01.2016,Matara,Alba,2100.0,2100.0
26.01.2016,Kalutara,M-4,1100.0,1100.0
26.01.2016,Galle,C-5 Sp,1800.0,1750.0
26.01.2016,Matara,C-5 Sp,1800.0,1717.0
26.01.2016,Hambantota,H-1,1450.0,1450.0
26.01.2016,Matara,C-4,1550.0,1550.0
26.01.2016,Matara,M-5,1520.0,1510.0
26.01.2016,Matara,M-4,1500.0,1490.0
26.01.2016,Matara,H-1,1480.0,1470.0
26.01.2016,Matara,H-2,1450.0,1440.0
26.01.2016,Matara,H-Faq,1350.0,1317.0
26.01.2016,Hambantota,C-5,1600.0,1580.0
26.01.2016,Hambantota,C-4,1560.0,1555.0
26.01.2016,Hambantota,H-2,1450.0,1425.0
26.01.2016,Monaragala,Gorosu,950.0,917.0
26.01.2016,Matara,C-5,1650.0,1600.0
26.01.2016,Kalutara,C-4,1320.0,1310.0
26.01.2016,Kalutara,M-5,1210.0,1200.0
26.01.2016,Kalutara,C-5 Sp,1500.0,1500.0
26.01.2016,Kalutara,C-5,1400.0,1380.0
26.01.2016,Ratnapura,Alba,2100.0,2035.0
26.01.2016,Ratnapura,C-5 Sp,1680.0,1660.0
26.01.2016,Ratnapura,C-5,1450.0,1433.0
26.01.2016,Ratnapura,C-4,1350.0,1316.0
26.01.2016,Ratnapura,M-5,1200.0,1150.0
26.01.2016,Ratnapura,M-4,1200.0,1150.0
26.01.2016,Ratnapura,H-2,1200.0,1183.0
26.01.2016,Badulla,C-5 Sp,1550.0,1550.0
26.01.2016,Badulla,C-5,1500.0,1500.0
26.01.2016,Badulla,C-4,1450.0,1450.0
26.01.2016,Ratnapura,H-1,1300.0,1283.0
26.01.2016,Badulla,Gorosu,1200.0,812.0
26.01.2016,Badulla,Heen,1300.0,1025.0
26.01.2016,Gampaha,Gorosu,1000.0,900.0
26.01.2016,Gampaha,C-4,1250.0,1112.0
26.01.2016,Colombo,H-2,1400.0,1400.0
26.01.2016,Colombo,H-1,1450.0,1450.0
26.01.2016,Kalutara,Alba,2000.0,2000.0
26.01.2016,Colombo,C-5,1800.0,1800.0
26.01.2016,Colombo,C-5 Sp,1850.0,1850.0
26.01.2016,Kurunegala,Gorosu,800.0,710.0
26.01.2016,Kurunegala,Heen,1200.0,1133.0
26.01.2016,Colombo,C-4,1600.0,1600.0
02.02.2016,Matara,C-5,1700.0,1600.0
02.02.2016,Kalutara,H-2,1100.0,1030.0
02.02.2016,Galle,Alba,2050.0,2000.0
02.02.2016,Galle,C-5 Sp,1800.0,1750.0
02.02.2016,Galle,C-5,1650.0,1625.0
02.02.2016,Galle,C-4,1570.0,1550.0
02.02.2016,Galle,H-1,1500.0,1490.0
02.02.2016,Galle,H-2,1480.0,1470.0
02.02.2016,Matara,Alba,2150.0,2112.0
02.02.2016,Matara,C-5 Sp,1800.0,1800.0
02.02.2016,Matara,C-4,1600.0,1550.0
02.02.2016,Kalutara,H-1,1150.0,1110.0
02.02.2016,Matara,M-4,1520.0,1495.0
02.02.2016,Matara,H-1,1500.0,1470.0
02.02.2016,Matara,H-2,1460.0,1433.0
02.02.2016,Matara,H-Faq,1350.0,1300.0
02.02.2016,Hambantota,Alba,2100.0,2100.0
02.02.2016,Hambantota,C-5 Sp,1700.0,1700.0
02.02.2016,Hambantota,C-5,1600.0,1600.0
02.02.2016,Hambantota,C-4,1560.0,1560.0
02.02.2016,Hambantota,H-1,1520.0,1520.0
02.02.2016,Hambantota,Gorosu,1460.0,1455.0
02.02.2016,Monaragala,Gorosu,950.0,917.0
02.02.2016,Matara,M-5,1550.0,1520.0
02.02.2016,Kalutara,M-4,1260.0,1250.0
02.02.2016,Ratnapura,M-5,1300.0,1275.0
02.02.2016,Kalutara,C-4,1450.0,1430.0
02.02.2016,Ratnapura,Alba,2100.0,2000.0
02.02.2016,Ratnapura,C-5 Sp,1650.0,1600.0
02.02.2016,Ratnapura,C-5,1500.0,1480.0
02.02.2016,Ratnapura,C-4,1350.0,1300.0
02.02.2016,Kalutara,M-5,1400.0,1360.0
02.02.2016,Ratnapura,H-1,1250.0,1225.0
02.02.2016,Ratnapura,H-2,1200.0,1180.0
02.02.2016,Badulla,C-5,1500.0,1500.0
02.02.2016,Badulla,C-4,1450.0,1450.0
02.02.2016,Badulla,Heen,1400.0,1025.0
02.02.2016,Badulla,Gorosu,1200.0,825.0
02.02.2016,Ratnapura,M-4,1300.0,1275.0
02.02.2016,Kurunegala,Gorosu,800.0,767.0
02.02.2016,Kurunegala,Heen,1200.0,1167.0
02.02.2016,Kalutara,C-5,1600.0,1550.0
02.02.2016,Kalutara,C-5 Sp,1700.0,1650.0
02.02.2016,Kalutara,Alba,2000.0,2000.0
02.02.2016,Gampaha,C-4,1350.0,1175.0
02.02.2016,Gampaha,Gorosu,1100.0,975.0
02.02.2016,Colombo,H-2,1400.0,1400.0
02.02.2016,Colombo,H-1,1450.0,1450.0
02.02.2016,Colombo,C-4,1600.0,1600.0
02.02.2016,Colombo,C-5,1700.0,1700.0
02.02.2016,Colombo,C-5 Sp,1750.0,1750.0
09.02.2016,Matara,M-5,1550.0,1513.0
09.02.2016,Matara,H-2,1460.0,1430.0
09.02.2016,Matara,H-1,1500.0,1465.0
09.02.2016,Matara,M-4,1520.0,1490.0
09.02.2016,Matara,H-Faq,1380.0,1320.0
09.02.2016,Matara,C-4,1600.0,1567.0
09.02.2016,Galle,M-5,1560.0,1555.0
09.02.2016,Matara,C-5 Sp,1800.0,1800.0
09.02.2016,Matara,Alba,2100.0,2100.0
09.02.2016,Galle,H-2,1470.0,1460.0
09.02.2016,Galle,H-1,1500.0,1490.0
09.02.2016,Hambantota,Alba,2100.0,2100.0
09.02.2016,Matara,C-5,1700.0,1647.0
09.02.2016,Hambantota,C-5 Sp,1700.0,1700.0
09.02.2016,Average Price,H-Faq,1380.0,1320.0
09.02.2016,Hambantota,C-4,1560.0,1560.0
09.02.2016,Hambantota,H-1,1520.0,1520.0
09.02.2016,Hambantota,H-2,1460.0,1450.0
09.02.2016,Average Price,Alba,2200.0,2063.2
09.02.2016,Average Price,C-5 Sp,1850.0,1725.83
09.02.2016,Average Price,C-5,1700.0,1589.57
09.02.2016,Average Price,C-4,1600.0,1474.63
09.02.2016,Average Price,M-5,1560.0,1437.5
09.02.2016,Average Price,M-4,1540.0,1395.5
09.02.2016,Average Price,H-1,1520.0,1389.17
09.02.2016,Average Price,H-2,1470.0,1330.83
09.02.2016,Galle,C-4,1580.0,1580.0
09.02.2016,Average Price,Heen,1400.0,1241.5
09.02.2016,Average Price,Gorosu,1000.0,825.0
09.02.2016,Hambantota,C-5,1600.0,1600.0
09.02.2016,Galle,C-5,1660.0,1655.0
09.02.2016,Galle,M-4,1540.0,1530.0
09.02.2016,Galle,Alba,2200.0,2150.0
09.02.2016,Galle,C-5 Sp,1850.0,1825.0
09.02.2016,Ratnapura,C-5 Sp,1700.0,1650.0
09.02.2016,Ratnapura,C-5,1550.0,1525.0
09.02.2016,Ratnapura,C-4,1500.0,1450.0
09.02.2016,Ratnapura,M-5,1400.0,1362.0
09.02.2016,Ratnapura,M-4,1400.0,1362.0
09.02.2016,Ratnapura,H-1,1400.0,1350.0
09.02.2016,Ratnapura,H-2,1400.0,1275.0
09.02.2016,Badulla,C-5,1500.0,1500.0
09.02.2016,Badulla,C-4,1450.0,1450.0
09.02.2016,Badulla,Heen,1400.0,1350.0
09.02.2016,Badulla,Gorosu,900.0,900.0
09.02.2016,Kurunegala,Heen,1200.0,1133.0
09.02.2016,Kurunegala,Gorosu,800.0,750.0
09.02.2016,Colombo,C-5 Sp,1750.0,1750.0
09.02.2016,Ratnapura,Alba,2100.0,1966.0
09.02.2016,Colombo,C-4,1600.0,1600.0
09.02.2016,Colombo,C-5,1700.0,1700.0
09.02.2016,Kalutara,H-1,1150.0,1110.0
09.02.2016,Kalutara,M-4,1210.0,1200.0
09.02.2016,Kalutara,M-5,1350.0,1320.0
09.02.2016,Kalutara,C-4,1450.0,1440.0
09.02.2016,Kalutara,C-5,1500.0,1500.0
09.02.2016,Kalutara,H-2,1050.0,1020.0
09.02.2016,Kalutara,Alba,2000.0,2000.0
09.02.2016,Gampaha,Gorosu,1000.0,825.0
09.02.2016,Gampaha,C-4,1300.0,1150.0
09.02.2016,Colombo,H-2,1350.0,1350.0
09.02.2016,Colombo,H-1,1400.0,1400.0
09.02.2016,Kalutara,C-5 Sp,1650.0,1630.0
16.02.2016,Hambantota,Alba,2100.0,2100.0
16.02.2016,Matara,H-Faq,1350.0,1337.0
16.02.2016,Matara,H-2,1480.0,1464.0
16.02.2016,Matara,H-1,1500.0,1493.0
16.02.2016,Matara,M-4,1540.0,1530.0
16.02.2016,Matara,C-5,1650.0,1625.0
16.02.2016,Matara,C-4,1600.0,1580.0
16.02.2016,Matara,C-5 Sp,1800.0,1725.0
16.02.2016,Matara,Alba,2100.0,2100.0
16.02.2016,Galle,H-2,1480.0,1470.0
16.02.2016,Hambantota,C-5 Sp,1700.0,1700.0
16.02.2016,Galle,H-1,1500.0,1500.0
16.02.2016,Matara,M-5,1570.0,1560.0
16.02.2016,Hambantota,C-5,1600.0,1600.0
16.02.2016,Average Price,C-5,1700.0,1594.0
16.02.2016,Hambantota,H-1,1530.0,1525.0
16.02.2016,Hambantota,H-2,1470.0,1465.0
16.02.2016,Monaragala,Gorosu,1000.0,950.0
16.02.2016,Average Price,Alba,2200.0,2076.6
16.02.2016,Average Price,C-5 Sp,1850.0,1711.83
16.02.2016,Average Price,C-4,1620.0,1477.5
16.02.2016,Average Price,M-5,1570.0,1381.0
16.02.2016,Average Price,M-4,1540.0,1331.0
16.02.2016,Average Price,H-1,1530.0,1368.5
16.02.2016,Average Price,H-2,1480.0,1307.5
16.02.2016,Average Price,H-Faq,1350.0,1337.0
16.02.2016,Average Price,Gorosu,1000.0,813.25
16.02.2016,Average Price,Heen,1400.0,1145.5
16.02.2016,Galle,C-4,1620.0,1620.0
16.02.2016,Hambantota,C-4,1570.0,1570.0
16.02.2016,Galle,C-5,1650.0,1650.0
16.02.2016,Ratnapura,C-5 Sp,1650.0,1616.0
16.02.2016,Galle,Alba,2200.0,2150.0
16.02.2016,Galle,C-5 Sp,1850.0,1830.0
16.02.2016,Ratnapura,Alba,2100.0,2033.0
16.02.2016,Ratnapura,C-5,1550.0,1533.0
16.02.2016,Ratnapura,C-4,1450.0,1450.0
16.02.2016,Ratnapura,M-5,1300.0,1283.0
16.02.2016,Ratnapura,M-4,1300.0,1283.0
16.02.2016,Ratnapura,H-1,1250.0,1233.0
16.02.2016,Ratnapura,H-2,1200.0,1186.0
16.02.2016,Badulla,C-4,1500.0,1500.0
16.02.2016,Badulla,Heen,1400.0,1075.0
16.02.2016,Badulla,Gorosu,900.0,775.0
16.02.2016,Kurunegala,Heen,1250.0,1216.0
16.02.2016,Kurunegala,Gorosu,800.0,703.0
16.02.2016,Colombo,C-5 Sp,1750.0,1750.0
16.02.2016,Badulla,C-5,1550.0,1550.0
16.02.2016,Colombo,C-4,1575.0,1575.0
16.02.2016,Colombo,C-5,1700.0,1700.0
16.02.2016,Kalutara,H-1,1100.0,1060.0
16.02.2016,Kalutara,M-4,1200.0,1180.0
16.02.2016,Kalutara,M-5,1300.0,1300.0
16.02.2016,Kalutara,C-4,1420.0,1410.0
16.02.2016,Kalutara,C-5,1500.0,1500.0
16.02.2016,Kalutara,H-2,1000.0,960.0
16.02.2016,Kalutara,Alba,2000.0,2000.0
16.02.2016,Gampaha,Gorosu,900.0,825.0
16.02.2016,Gampaha,C-4,1250.0,1115.0
16.02.2016,Colombo,H-2,1300.0,1300.0
16.02.2016,Colombo,H-1,1400.0,1400.0
16.02.2016,Kalutara,C-5 Sp,1700.0,1650.0
23.02.2016,Hambantota,Alba,2100.0,2100.0
23.02.2016,Matara,H-Faq,1400.0,1350.0
23.02.2016,Matara,H-2,1480.0,1458.0
23.02.2016,Matara,H-1,1500.0,1497.0
23.02.2016,Matara,M-4,1580.0,1550.0
23.02.2016,Matara,M-5,1590.0,1563.0
23.02.2016,Matara,C-5 Sp,1800.0,1775.0
23.02.2016,Matara,C-5,1700.0,1700.0
23.02.2016,Matara,Alba,2150.0,2112.0
23.02.2016,Galle,H-2,1490.0,1480.0
23.02.2016,Galle,H-1,1510.0,1505.0
23.02.2016,Hambantota,C-5 Sp,1700.0,1700.0
23.02.2016,Matara,C-4,1600.0,1590.0
23.02.2016,Hambantota,C-5,1600.0,1600.0
23.02.2016,Galle,C-4,1630.0,1625.0
23.02.2016,Hambantota,H-1,1530.0,1525.0
23.02.2016,Hambantota,H-2,1470.0,1465.0
23.02.2016,Average Price,Alba,2200.0,2092.4
23.02.2016,Average Price,C-5 Sp,1850.0,1726.67
23.02.2016,Average Price,C-5,1700.0,1570.71
23.02.2016,Average Price,C-4,1650.0,1481.63
23.02.2016,Average Price,M-5,1590.0,1354.33
23.02.2016,Average Price,M-4,1580.0,1316.67
23.02.2016,Average Price,H-1,1550.0,1412.83
23.02.2016,Average Price,H-2,1500.0,1322.67
23.02.2016,Average Price,H-Faq,1400.0,1350.0
23.02.2016,Average Price,Heen,1300.0,1150.0
23.02.2016,Average Price,Gorosu,1300.0,850.67
23.02.2016,Hambantota,C-4,1570.0,1570.0
23.02.2016,Galle,C-5,1650.0,1345.0
23.02.2016,Ratnapura,C-5,1600.0,1600.0
23.02.2016,Galle,Alba,2200.0,2150.0
23.02.2016,Ratnapura,C-5 Sp,1650.0,1650.0
23.02.2016,Galle,C-5 Sp,1850.0,1825.0
23.02.2016,Ratnapura,C-4,1450.0,1383.0
23.02.2016,Ratnapura,M-5,1300.0,1250.0
23.02.2016,Ratnapura,M-4,1300.0,1250.0
23.02.2016,Ratnapura,H-1,1300.0,1300.0
23.02.2016,Ratnapura,H-2,1200.0,1033.0
23.02.2016,Badulla,C-5,1550.0,1550.0
23.02.2016,Badulla,C-4,1500.0,1500.0
23.02.2016,Badulla,Heen,1300.0,1050.0
23.02.2016,Badulla,Gorosu,900.0,769.0
23.02.2016,Kurunegala,Heen,1300.0,1250.0
23.02.2016,Kurunegala,Gorosu,850.0,783.0
23.02.2016,Colombo,C-5 Sp,1800.0,1800.0
23.02.2016,Ratnapura,Alba,2200.0,2100.0
23.02.2016,Colombo,C-4,1650.0,1650.0
23.02.2016,Kalutara,H-2,1110.0,1000.0
23.02.2016,Kalutara,H-1,1100.0,1100.0
23.02.2016,Kalutara,M-4,1160.0,1150.0
23.02.2016,Colombo,C-5,1700.0,1700.0
23.02.2016,Kalutara,C-4,1400.0,1360.0
23.02.2016,Kalutara,C-5,1500.0,1500.0
23.02.2016,Kalutara,M-5,1260.0,1250.0
23.02.2016,Kalutara,Alba,2000.0,2000.0
23.02.2016,Gampaha,Gorosu,1300.0,1000.0
23.02.2016,Gampaha,C-4,1500.0,1175.0
23.02.2016,Colombo,H-2,1500.0,1500.0
23.02.2016,Colombo,H-1,1550.0,1550.0
23.02.2016,Kalutara,C-5 Sp,1650.0,1610.0
01.03.2016,Matara,H-2,1520.0,1463.0
01.03.2016,Matara,H-1,1530.0,1520.0
01.03.2016,Matara,M-4,1550.0,1540.0
01.03.2016,Matara,M-5,1600.0,1590.0
01.03.2016,Matara,C-4,1620.0,1592.0
01.03.2016,Galle,C-5,1680.0,1650.0
01.03.2016,Matara,C-5 Sp,1800.0,1750.0
01.03.2016,Matara,Alba,2150.0,2093.0
01.03.2016,Galle,H-2,1490.0,1480.0
01.03.2016,Galle,H-1,1530.0,1510.0
01.03.2016,Galle,C-4,1650.0,1630.0
01.03.2016,Matara,H-Faq,1400.0,1360.0
01.03.2016,Matara,C-5,1700.0,1628.0
01.03.2016,Hambantota,C-5,1650.0,1625.0
01.03.2016,Average Price,C-4,1650.0,1507.88
01.03.2016,Hambantota,H-1,1500.0,1490.0
01.03.2016,Hambantota,H-2,1520.0,1510.0
01.03.2016,Average Price,Alba,2200.0,2069.0
01.03.2016,Average Price,C-5 Sp,1850.0,1734.2
01.03.2016,Average Price,C-5,1700.0,1602.71
01.03.2016,Average Price,M-5,1600.0,1318.67
01.03.2016,Average Price,M-4,1550.0,1267.0
01.03.2016,Average Price,H-1,1530.0,1300.0
01.03.2016,Average Price,H-2,1520.0,1169.88
01.03.2016,Average Price,H-Faq,1400.0,1360.0
01.03.2016,Average Price,Heen,1300.0,1050.0
01.03.2016,Average Price,Gorosu,1300.0,891.67
01.03.2016,Galle,C-5 Sp,1850.0,1825.0
01.03.2016,Hambantota,C-4,1650.0,1625.0
01.03.2016,Galle,Alba,2200.0,2150.0
01.03.2016,Monaragala,Gorosu,900.0,900.0
01.03.2016,Kalutara,H-1,1100.0,1080.0
01.03.2016,Kalutara,H-2,1000.0,965.0
01.03.2016,Ratnapura,Alba,2100.0,2033.0
01.03.2016,Ratnapura,C-5 Sp,1700.0,1666.0
01.03.2016,Ratnapura,C-5,1550.0,1516.0
01.03.2016,Ratnapura,C-4,1450.0,1416.0
01.03.2016,Ratnapura,M-4,1150.0,1116.0
01.03.2016,Ratnapura,H-1,1100.0,1100.0
01.03.2016,Ratnapura,H-2,1050.0,1016.0
01.03.2016,Badulla,C-5,1600.0,1600.0
01.03.2016,Badulla,C-4,1500.0,1500.0
01.03.2016,Badulla,H-1,1300.0,1050.0
01.03.2016,Badulla,H-2,900.0,775.0
01.03.2016,Badulla,Heen,1300.0,1050.0
01.03.2016,Badulla,Gorosu,900.0,775.0
01.03.2016,Ratnapura,M-5,1150.0,1116.0
01.03.2016,Kurunegala,Gorosu,800.0,700.0
01.03.2016,Kurunegala,Heen,1250.0,1150.0
01.03.2016,Kalutara,M-5,1260.0,1250.0
01.03.2016,Kalutara,C-4,1420.0,1400.0
01.03.2016,Kalutara,C-5 Sp,1650.0,1630.0
01.03.2016,Kalutara,M-4,1150.0,1145.0
01.03.2016,Kalutara,Alba,2000.0,2000.0
01.03.2016,Gampaha,Gorosu,1300.0,1000.0
01.03.2016,Kalutara,C-5,1500.0,1500.0
01.03.2016,Colombo,H-2,1450.0,1450.0
01.03.2016,Colombo,H-1,1500.0,1500.0
01.03.2016,Colombo,C-4,1600.0,1600.0
01.03.2016,Colombo,C-5,1700.0,1700.0
01.03.2016,Colombo,C-5 Sp,1800.0,1800.0
01.03.2016,Gampaha,C-4,1500.0,1300.0
08.03.2016,Matara,C-5 Sp,1800.0,1775.0
08.03.2016,Kalutara,H-2,1000.0,965.0
08.03.2016,Galle,Alba,2200.0,2150.0
08.03.2016,Galle,C-5 Sp,1850.0,1830.0
08.03.2016,Galle,C-5,1680.0,1650.0
08.03.2016,Galle,C-4,1650.0,1630.0
08.03.2016,Galle,H-1,1540.0,1530.0
08.03.2016,Galle,H-2,1520.0,1510.0
08.03.2016,Matara,Alba,2150.0,2093.0
08.03.2016,Matara,C-5,1700.0,1637.0
08.03.2016,Hambantota,C-5,1600.0,1600.0
08.03.2016,Matara,M-5,1600.0,1575.0
08.03.2016,Matara,M-4,1550.0,1540.0
08.03.2016,Matara,H-1,1530.0,1515.0
08.03.2016,Matara,H-2,1520.0,1493.0
08.03.2016,Matara,H-Faq,1400.0,1367.0
08.03.2016,Hambantota,C-4,1600.0,1600.0
08.03.2016,Hambantota,H-1,1520.0,1510.0
08.03.2016,Hambantota,Gorosu,1500.0,1490.0
08.03.2016,Kalutara,H-1,1130.0,1110.0
08.03.2016,Monaragala,Gorosu,900.0,892.0
08.03.2016,Matara,C-4,1620.0,1605.0
08.03.2016,Kalutara,M-4,1220.0,1210.0
08.03.2016,Kalutara,Alba,2000.0,2000.0
08.03.2016,Kalutara,C-4,1450.0,1415.0
08.03.2016,Kalutara,M-5,1360.0,1340.0
08.03.2016,Ratnapura,Alba,2100.0,2066.0
08.03.2016,Ratnapura,C-5 Sp,1700.0,1683.0
08.03.2016,Ratnapura,C-5,1600.0,1583.0
08.03.2016,Ratnapura,C-4,1450.0,1416.0
08.03.2016,Ratnapura,M-5,1300.0,1266.0
08.03.2016,Ratnapura,H-1,1300.0,1250.0
08.03.2016,Ratnapura,H-2,1100.0,1066.0
08.03.2016,Badulla,Heen,1100.0,967.0
08.03.2016,Badulla,Gorosu,800.0,700.0
08.03.2016,Ratnapura,M-4,1300.0,1266.0
08.03.2016,Kurunegala,Gorosu,800.0,783.0
08.03.2016,Kurunegala,Heen,1250.0,1217.0
08.03.2016,Kalutara,C-5 Sp,1700.0,1660.0
08.03.2016,Gampaha,Gorosu,1300.0,1000.0
08.03.2016,Gampaha,C-4,1700.0,1550.0
08.03.2016,Colombo,H-2,1400.0,1400.0
08.03.2016,Kalutara,C-5,1550.0,1550.0
08.03.2016,Colombo,C-4,1550.0,1550.0
08.03.2016,Colombo,C-5,1700.0,1700.0
08.03.2016,Colombo,C-5 Sp,1800.0,1800.0
08.03.2016,Colombo,H-1,1450.0,1450.0
15.03.2016,Matara,Alba,2150.0,2125.0
15.03.2016,Kalutara,H-1,1140.0,1110.0
15.03.2016,Kalutara,H-2,1000.0,1000.0
15.03.2016,Galle,Alba,2200.0,2150.0
15.03.2016,Galle,C-5 Sp,1850.0,1830.0
15.03.2016,Galle,C-5,1680.0,1650.0
15.03.2016,Galle,C-4,1650.0,1630.0
15.03.2016,Galle,H-1,1540.0,1535.0
15.03.2016,Galle,H-2,1530.0,1515.0
15.03.2016,Monaragala,Gorosu,1000.0,975.0
15.03.2016,Kalutara,M-4,1250.0,1220.0
15.03.2016,Matara,C-4,1630.0,1623.0
15.03.2016,Matara,M-5,1600.0,1600.0
15.03.2016,Matara,M-4,1580.0,1565.0
15.03.2016,Matara,H-1,1550.0,1530.0
15.03.2016,Matara,H-2,1520.0,1500.0
15.03.2016,Matara,H-Faq,1400.0,1367.0
15.03.2016,Hambantota,C-5,1630.0,1630.0
15.03.2016,Hambantota,C-4,1630.0,1630.0
15.03.2016,Hambantota,H-1,1520.0,1510.0
15.03.2016,Hambantota,Gorosu,1520.0,1510.0
15.03.2016,Matara,C-5,1700.0,1660.0
15.03.2016,Kalutara,M-5,1400.0,1330.0
15.03.2016,Matara,C-5 Sp,1800.0,1775.0
15.03.2016,Kalutara,C-5,1700.0,1585.0
15.03.2016,Ratnapura,Alba,2200.0,2100.0
15.03.2016,Ratnapura,C-5 Sp,1900.0,1766.0
15.03.2016,Ratnapura,C-5,1800.0,1716.0
15.03.2016,Ratnapura,C-4,1600.0,1550.0
15.03.2016,Ratnapura,M-5,1500.0,1300.0
15.03.2016,Ratnapura,M-4,1500.0,1300.0
15.03.2016,Ratnapura,H-1,1500.0,1433.0
15.03.2016,Ratnapura,H-2,1400.0,1166.0
15.03.2016,Badulla,Heen,1100.0,1033.0
15.03.2016,Badulla,Gorosu,800.0,633.0
15.03.2016,Kalutara,C-4,1600.0,1480.0
15.03.2016,Kurunegala,Gorosu,800.0,787.0
15.03.2016,Colombo,C-5 Sp,1950.0,1950.0
15.03.2016,Colombo,C-5,1850.0,1850.0
15.03.2016,Colombo,C-4,1600.0,1600.0
15.03.2016,Colombo,H-1,1550.0,1550.0
15.03.2016,Colombo,H-2,1500.0,1500.0
15.03.2016,Gampaha,C-4,1600.0,1550.0
15.03.2016,Gampaha,Gorosu,1400.0,1100.0
15.03.2016,Kalutara,Alba,2000.0,2000.0
15.03.2016,Kalutara,C-5 Sp,1800.0,1680.0
15.03.2016,Kurunegala,Heen,1300.0,1267.0
21.03.2016,Matara,Alba,2100.0,2100.0
21.03.2016,Galle,H-2,1530.0,1520.0
21.03.2016,Galle,H-1,1540.0,1535.0
21.03.2016,Kalutara,H-2,1050.0,1010.0
21.03.2016,Galle,C-5,1680.0,1650.0
21.03.2016,Galle,C-5 Sp,1850.0,1830.0
21.03.2016,Galle,Alba,2200.0,2150.0
21.03.2016,Matara,C-5 Sp,1800.0,1775.0
21.03.2016,Galle,C-4,1650.0,1630.0
21.03.2016,Matara,C-5,1700.0,1677.0
21.03.2016,Matara,H-Faq,1450.0,1413.0
21.03.2016,Matara,M-5,1600.0,1595.0
21.03.2016,Matara,M-4,1580.0,1570.0
21.03.2016,Matara,H-1,1550.0,1547.0
21.03.2016,Matara,H-2,1520.0,1497.0
21.03.2016,Hambantota,C-4,1630.0,1630.0
21.03.2016,Hambantota,M-5,1630.0,1630.0
21.03.2016,Hambantota,H-1,1520.0,1510.0
21.03.2016,Hambantota,Gorosu,1520.0,1510.0
21.03.2016,Monaragala,Gorosu,1200.0,960.0
21.03.2016,Kalutara,H-1,1200.0,1130.0
21.03.2016,Matara,C-4,1630.0,1610.0
21.03.2016,Kalutara,M-4,1350.0,1250.0
21.03.2016,Kalutara,M-5,1450.0,1350.0
21.03.2016,Kalutara,C-4,1600.0,1480.0
21.03.2016,Ratnapura,Alba,2200.0,2100.0
21.03.2016,Ratnapura,C-5 Sp,1800.0,1716.0
21.03.2016,Ratnapura,C-5,1650.0,1616.0
21.03.2016,Ratnapura,C-4,1900.0,1466.0
21.03.2016,Ratnapura,M-5,1200.0,1166.0
21.03.2016,Ratnapura,M-4,1200.0,1166.0
21.03.2016,Ratnapura,H-2,1050.0,1016.0
21.03.2016,Badulla,Heen,1100.0,1033.0
21.03.2016,Badulla,Gorosu,800.0,633.0
21.03.2016,Kurunegala,Heen,1600.0,1333.0
21.03.2016,Ratnapura,H-1,1300.0,1266.0
21.03.2016,Colombo,C-5 Sp,1850.0,1850.0
21.03.2016,Kurunegala,Gorosu,800.0,767.0
21.03.2016,Kalutara,C-5 Sp,1800.0,1680.0
21.03.2016,Kalutara,Alba,2000.0,2000.0
21.03.2016,Gampaha,Gorosu,1400.0,1275.0
21.03.2016,Gampaha,C-4,1800.0,1725.0
21.03.2016,Kalutara,C-5,1700.0,1560.0
21.03.2016,Colombo,H-1,1500.0,1500.0
21.03.2016,Colombo,C-4,1700.0,1700.0
21.03.2016,Colombo,C-5,1800.0,1800.0
21.03.2016,Colombo,H-2,1450.0,1450.0
29.03.2016,Matara,Alba,2100.0,2100.0
29.03.2016,Monaragala,Gorosu,1600.0,1187.0
29.03.2016,Kalutara,M-4,1350.0,1250.0
29.03.2016,Kalutara,H-1,1200.0,1130.0
29.03.2016,Kalutara,H-2,1000.0,1000.0
29.03.2016,Galle,Alba,2200.0,2180.0
29.03.2016,Galle,C-5 Sp,1850.0,1800.0
29.03.2016,Galle,C-4,1660.0,1650.0
29.03.2016,Galle,H-1,1550.0,1540.0
29.03.2016,Galle,H-2,1520.0,1500.0
29.03.2016,Matara,C-5 Sp,1800.0,1790.0
29.03.2016,Hambantota,Gorosu,1530.0,1515.0
29.03.2016,Matara,C-4,1700.0,1658.0
29.03.2016,Matara,M-5,1680.0,1640.0
29.03.2016,Matara,M-4,1650.0,1615.0
29.03.2016,Matara,H-1,1550.0,1547.0
29.03.2016,Matara,H-2,1530.0,1503.0
29.03.2016,Matara,H-Faq,1480.0,1410.0
29.03.2016,Hambantota,C-5,1700.0,1675.0
29.03.2016,Hambantota,C-4,1650.0,1625.0
29.03.2016,Hambantota,H-1,1550.0,1540.0
29.03.2016,Kalutara,M-5,1500.0,1360.0
29.03.2016,Matara,C-5,1750.0,1688.0
29.03.2016,Kalutara,C-4,1600.0,1460.0
29.03.2016,Kalutara,Alba,2000.0,2000.0
29.03.2016,Kalutara,C-5 Sp,1800.0,1680.0
29.03.2016,Kalutara,C-5,1700.0,1580.0
29.03.2016,Ratnapura,Alba,2100.0,2100.0
29.03.2016,Ratnapura,C-5 Sp,1650.0,1616.0
29.03.2016,Ratnapura,C-5,1550.0,1516.0
29.03.2016,Ratnapura,C-4,1450.0,1450.0
29.03.2016,Ratnapura,M-5,1350.0,1316.0
29.03.2016,Ratnapura,H-1,1370.0,1360.0
29.03.2016,Ratnapura,H-2,1250.0,1215.0
29.03.2016,Badulla,C-5,1650.0,1650.0
29.03.2016,Badulla,C-4,1500.0,1500.0
29.03.2016,Ratnapura,M-4,1350.0,1316.0
29.03.2016,Badulla,Gorosu,800.0,675.0
29.03.2016,Badulla,Heen,1400.0,1125.0
29.03.2016,Gampaha,C-4,1800.0,1600.0
29.03.2016,Colombo,H-2,1450.0,1450.0
29.03.2016,Colombo,H-1,1500.0,1500.0
29.03.2016,Colombo,C-4,1700.0,1700.0
29.03.2016,Gampaha,Gorosu,1500.0,1050.0
29.03.2016,Colombo,C-5 Sp,1900.0,1900.0
29.03.2016,Kurunegala,Gorosu,800.0,750.0
29.03.2016,Kurunegala,Heen,1200.0,1166.0
29.03.2016,Colombo,C-5,1850.0,1850.0
05.04.2016,Matara,Alba,2100.0,2100.0
05.04.2016,Kalutara,H-1,1200.0,1115.0
05.04.2016,Kalutara,H-2,1000.0,980.0
05.04.2016,Galle,Alba,2200.0,2180.0
05.04.2016,Galle,C-5 Sp,1850.0,1840.0
05.04.2016,Galle,C-5,1680.0,1660.0
05.04.2016,Galle,C-4,1650.0,1640.0
05.04.2016,Galle,H-1,1550.0,1540.0
05.04.2016,Galle,H-2,1520.0,1500.0
05.04.2016,Matara,C-5 Sp,1800.0,1775.0
05.04.2016,Hambantota,Gorosu,1500.0,1500.0
05.04.2016,Matara,C-4,1630.0,1617.0
05.04.2016,Matara,M-5,1600.0,1595.0
05.04.2016,Matara,M-4,1580.0,1570.0
05.04.2016,Matara,H-1,1550.0,1550.0
05.04.2016,Matara,H-2,1550.0,1519.0
05.04.2016,Matara,H-Faq,1450.0,1425.0
05.04.2016,Hambantota,C-5,1675.0,1662.0
05.04.2016,Hambantota,C-4,1650.0,1650.0
05.04.2016,Hambantota,H-1,1550.0,1550.0
05.04.2016,Kalutara,M-4,1350.0,1250.0
05.04.2016,Monaragala,Gorosu,1500.0,1162.0
05.04.2016,Matara,C-5,1700.0,1675.0
05.04.2016,Kalutara,M-5,1400.0,1330.0
05.04.2016,Kalutara,C-5 Sp,1700.0,1630.0
05.04.2016,Kalutara,C-5,1600.0,1530.0
05.04.2016,Ratnapura,Alba,2100.0,2000.0
05.04.2016,Kalutara,C-4,1550.0,1460.0
05.04.2016,Ratnapura,C-5,1650.0,1600.0
05.04.2016,Ratnapura,C-4,1300.0,1250.0
05.04.2016,Ratnapura,M-5,1100.0,1050.0
05.04.2016,Ratnapura,H-1,1350.0,1300.0
05.04.2016,Ratnapura,H-2,1100.0,1050.0
05.04.2016,Badulla,C-5,1700.0,1700.0
05.04.2016,Badulla,C-4,1600.0,1600.0
05.04.2016,Badulla,Heen,1400.0,1150.0
05.04.2016,Ratnapura,C-5 Sp,1750.0,1700.0
05.04.2016,Kurunegala,Heen,1600.0,1533.0
05.04.2016,Badulla,Gorosu,1200.0,775.0
05.04.2016,Gampaha,Gorosu,1300.0,1100.0
05.04.2016,Gampaha,C-4,1600.0,1400.0
05.04.2016,Colombo,H-2,1450.0,1450.0
05.04.2016,Kalutara,Alba,2000.0,2000.0
05.04.2016,Colombo,C-4,1650.0,1650.0
05.04.2016,Colombo,C-5,1850.0,1850.0
05.04.2016,Colombo,C-5 Sp,1900.0,1900.0
05.04.2016,Kurunegala,Gorosu,850.0,833.0
05.04.2016,Colombo,H-1,1500.0,1500.0
19.04.2016,Matara,Alba,2100.0,2100.0
19.04.2016,Galle,Alba,2200.0,2180.0
19.04.2016,Galle,C-5 Sp,1850.0,1840.0
19.04.2016,Galle,C-5,1680.0,1660.0
19.04.2016,Galle,C-4,1650.0,1640.0
19.04.2016,Galle,H-1,1550.0,1540.0
19.04.2016,Galle,H-2,1520.0,1500.0
19.04.2016,Matara,C-5,1650.0,1650.0
19.04.2016,Hambantota,C-4,1650.0,1650.0
19.04.2016,Matara,H-2,1540.0,1510.0
19.04.2016,Matara,H-Faq,1350.0,1350.0
19.04.2016,Hambantota,C-5,1675.0,1672.0
19.04.2016,Hambantota,H-1,1570.0,1560.0
19.04.2016,Hambantota,Gorosu,1550.0,1525.0
19.04.2016,Monaragala,Gorosu,1300.0,1087.0
19.04.2016,Kalutara,H-2,1000.0,980.0
19.04.2016,Matara,H-1,1550.0,1550.0
19.04.2016,Kalutara,H-1,1200.0,1130.0
19.04.2016,Badulla,Heen,1200.0,1100.0
19.04.2016,Kalutara,M-5,1400.0,1330.0
19.04.2016,Badulla,C-5,1700.0,1700.0
19.04.2016,Badulla,C-4,1550.0,1550.0
19.04.2016,Kalutara,M-4,1350.0,1250.0
19.04.2016,Kurunegala,Heen,1300.0,1283.0
19.04.2016,Kurunegala,Gorosu,800.0,750.0
19.04.2016,Colombo,C-5 Sp,1850.0,1850.0
19.04.2016,Colombo,C-5,1750.0,1750.0
19.04.2016,Colombo,C-4,1700.0,1700.0
19.04.2016,Badulla,Gorosu,1000.0,725.0
19.04.2016,Colombo,H-2,1500.0,1500.0
19.04.2016,Gampaha,C-4,1800.0,1700.0
19.04.2016,Gampaha,Gorosu,1400.0,1200.0
19.04.2016,Kalutara,Alba,2000.0,2000.0
19.04.2016,Kalutara,C-5 Sp,1650.0,1620.0
19.04.2016,Kalutara,C-5,1600.0,1530.0
19.04.2016,Kalutara,C-4,1500.0,1450.0
19.04.2016,Colombo,H-1,1550.0,1550.0
26.04.2016,Matara,Alba,2150.0,2117.0
26.04.2016,Galle,H-2,1530.0,1510.0
26.04.2016,Galle,H-1,1550.0,1530.0
26.04.2016,Galle,C-4,1630.0,1620.0
26.04.2016,Kalutara,H-2,1000.0,1000.0
26.04.2016,Galle,C-5 Sp,1800.0,1780.0
26.04.2016,Galle,Alba,2100.0,2000.0
26.04.2016,Kalutara,H-1,1200.0,1130.0
26.04.2016,Matara,C-5 Sp,1750.0,1750.0
26.04.2016,Galle,C-5,1650.0,1630.0
26.04.2016,Matara,C-5,1700.0,1683.0
26.04.2016,Hambantota,H-1,1580.0,1575.0
26.04.2016,Matara,M-5,1600.0,1600.0
26.04.2016,Matara,M-4,1580.0,1580.0
26.04.2016,Matara,H-1,1560.0,1553.0
26.04.2016,Matara,H-2,1540.0,1519.0
26.04.2016,Matara,H-Faq,1500.0,1433.0
26.04.2016,Hambantota,C-5,1675.0,1662.0
26.04.2016,Hambantota,C-4,1650.0,1650.0
26.04.2016,Kalutara,M-5,1350.0,1300.0
26.04.2016,Hambantota,Gorosu,1560.0,1555.0
26.04.2016,Monaragala,Gorosu,1100.0,1083.0
26.04.2016,Matara,C-4,1680.0,1653.0
26.04.2016,Kalutara,C-4,1500.0,1430.0
26.04.2016,Kalutara,M-4,1300.0,1230.0
26.04.2016,Kalutara,C-5 Sp,1700.0,1650.0
26.04.2016,Kalutara,C-5,1600.0,1550.0
26.04.2016,Ratnapura,C-5 Sp,1750.0,1716.0
26.04.2016,Ratnapura,C-5,1650.0,1616.0
26.04.2016,Ratnapura,C-4,1550.0,1533.0
26.04.2016,Ratnapura,M-5,1500.0,1483.0
26.04.2016,Ratnapura,M-4,1500.0,1483.0
26.04.2016,Ratnapura,H-1,1300.0,1293.0
26.04.2016,Ratnapura,H-2,1250.0,1250.0
26.04.2016,Badulla,C-5,1700.0,1700.0
26.04.2016,Badulla,C-4,1500.0,1500.0
26.04.2016,Badulla,Heen,1400.0,1150.0
26.04.2016,Ratnapura,Alba,2100.0,2066.0
26.04.2016,Kurunegala,Heen,1500.0,1400.0
26.04.2016,Kurunegala,Gorosu,800.0,767.0
26.04.2016,Colombo,C-5 Sp,1800.0,1800.0
26.04.2016,Colombo,C-5,1700.0,1700.0
26.04.2016,Colombo,C-4,1650.0,1650.0
26.04.2016,Colombo,H-1,1550.0,1550.0
26.04.2016,Colombo,H-2,1500.0,1500.0
26.04.2016,Gampaha,C-4,1800.0,1600.0
26.04.2016,Gampaha,Gorosu,1400.0,1200.0
26.04.2016,Kalutara,Alba,2000.0,2000.0
26.04.2016,Badulla,Gorosu,800.0,700.0
03.05.2016,Galle,H-1,1580.0,1570.0
03.05.2016,Galle,C-4,1720.0,1700.0
03.05.2016,Galle,C-5,1780.0,1750.0
03.05.2016,Kalutara,M-4,1260.0,1230.0
03.05.2016,Galle,Alba,2130.0,2100.0
03.05.2016,Kalutara,H-2,1000.0,990.0
03.05.2016,Kalutara,H-1,1110.0,1100.0
03.05.2016,Galle,H-2,1550.0,1540.0
03.05.2016,Galle,C-5 Sp,1850.0,1830.0
03.05.2016,Matara,Alba,2150.0,2125.0
03.05.2016,Matara,H-1,1580.0,1570.0
03.05.2016,Matara,C-5,1750.0,1725.0
03.05.2016,Matara,C-4,1670.0,1640.0
03.05.2016,Matara,M-5,1650.0,1620.0
03.05.2016,Matara,M-4,1620.0,1600.0
03.05.2016,Matara,H-2,1560.0,1543.0
03.05.2016,Matara,H-Faq,1500.0,1433.0
03.05.2016,Hambantota,Alba,2100.0,2100.0
03.05.2016,Hambantota,Gorosu,1560.0,1555.0
03.05.2016,Monaragala,Gorosu,1200.0,900.0
03.05.2016,Kalutara,M-5,1350.0,1320.0
03.05.2016,Matara,C-5 Sp,1900.0,1883.0
03.05.2016,Kalutara,C-4,1440.0,1410.0
03.05.2016,Kalutara,Alba,2000.0,2000.0
03.05.2016,Kalutara,C-5 Sp,1660.0,1620.0
03.05.2016,Ratnapura,Alba,2200.0,2166.0
03.05.2016,Kalutara,C-5,1500.0,1500.0
03.05.2016,Ratnapura,C-5,1650.0,1633.0
03.05.2016,Ratnapura,C-4,1450.0,1433.0
03.05.2016,Ratnapura,M-5,1350.0,1316.0
03.05.2016,Ratnapura,M-4,1350.0,1316.0
03.05.2016,Ratnapura,H-1,1250.0,1250.0
03.05.2016,Ratnapura,H-2,1200.0,1185.0
03.05.2016,Badulla,C-5,1700.0,1700.0
03.05.2016,Badulla,C-4,1500.0,1500.0
03.05.2016,Badulla,Heen,1200.0,1075.0
03.05.2016,Ratnapura,C-5 Sp,1750.0,1733.0
03.05.2016,Kurunegala,Heen,1400.0,1367.0
03.05.2016,Kurunegala,Gorosu,800.0,777.0
03.05.2016,Colombo,C-5 Sp,1800.0,1800.0
03.05.2016,Colombo,C-5,1700.0,1700.0
03.05.2016,Colombo,C-4,1650.0,1650.0
03.05.2016,Colombo,H-1,1550.0,1550.0
03.05.2016,Colombo,H-2,1500.0,1500.0
03.05.2016,Gampaha,C-4,1650.0,1500.0
03.05.2016,Gampaha,Gorosu,1200.0,1050.0
03.05.2016,Badulla,Gorosu,1000.0,775.0
10.05.2016,Galle,H-1,1590.0,1580.0
10.05.2016,Galle,C-4,1650.0,1650.0
10.05.2016,Galle,C-5,1740.0,1730.0
10.05.2016,Kalutara,H-1,1100.0,1100.0
10.05.2016,Galle,Alba,2100.0,2050.0
10.05.2016,Kalutara,H-2,1000.0,965.0
10.05.2016,Galle,H-2,1570.0,1560.0
10.05.2016,Galle,C-5 Sp,1850.0,1830.0
10.05.2016,Matara,Alba,2150.0,2088.0
10.05.2016,Matara,M-4,1650.0,1610.0
10.05.2016,Matara,C-5,1800.0,1690.0
10.05.2016,Matara,C-4,1700.0,1673.0
10.05.2016,Matara,M-5,1680.0,1665.0
10.05.2016,Matara,H-1,1600.0,1587.0
10.05.2016,Matara,H-2,1570.0,1543.0
10.05.2016,Matara,H-Faq,1500.0,1475.0
10.05.2016,Hambantota,Alba,2100.0,2100.0
10.05.2016,Hambantota,Gorosu,1560.0,1557.0
10.05.2016,Monaragala,Gorosu,1200.0,916.0
10.05.2016,Matara,C-5 Sp,1850.0,1850.0
10.05.2016,Kalutara,M-4,1220.0,1210.0
10.05.2016,Kalutara,C-4,1420.0,1400.0
10.05.2016,Kalutara,C-5,1500.0,1500.0
10.05.2016,Kalutara,M-5,1350.0,1320.0
10.05.2016,Ratnapura,Alba,2200.0,2100.0
10.05.2016,Ratnapura,C-5 Sp,1800.0,1783.0
10.05.2016,Ratnapura,C-5,1700.0,1650.0
10.05.2016,Ratnapura,C-4,1550.0,1500.0
10.05.2016,Ratnapura,M-4,1400.0,1316.0
10.05.2016,Ratnapura,H-1,1500.0,1483.0
10.05.2016,Ratnapura,H-2,1400.0,1350.0
10.05.2016,Badulla,C-5,1600.0,1600.0
10.05.2016,Ratnapura,M-5,1400.0,1316.0
10.05.2016,Badulla,Heen,1200.0,1150.0
10.05.2016,Badulla,Gorosu,1000.0,700.0
10.05.2016,Kurunegala,Heen,1500.0,1417.0
10.05.2016,Kurunegala,Gorosu,800.0,750.0
10.05.2016,Gampaha,C-5,1800.0,1400.0
10.05.2016,Gampaha,Gorosu,1500.0,1075.0
10.05.2016,Kalutara,Alba,2000.0,2000.0
10.05.2016,Badulla,C-4,1500.0,1500.0
10.05.2016,Kalutara,C-5 Sp,1650.0,1620.0
17.05.2016,Matara,C-5 Sp,1800.0,1767.0
17.05.2016,Galle,H-2,1580.0,1575.0
17.05.2016,Galle,H-1,1600.0,1590.0
17.05.2016,Galle,Alba,2100.0,2050.0
17.05.2016,Galle,C-5,1740.0,1730.0
17.05.2016,Galle,C-5 Sp,1850.0,1830.0
17.05.2016,Matara,C-5,1700.0,1693.0
17.05.2016,Galle,C-4,1650.0,1650.0
17.05.2016,Matara,C-4,1680.0,1670.0
17.05.2016,Monaragala,Gorosu,1400.0,711.0
17.05.2016,Matara,M-4,1650.0,1640.0
17.05.2016,Matara,H-1,1610.0,1596.0
17.05.2016,Matara,H-2,1580.0,1557.0
17.05.2016,Matara,H-Faq,1500.0,1475.0
17.05.2016,Hambantota,Alba,2100.0,2100.0
17.05.2016,Hambantota,C-5,1825.0,1800.0
17.05.2016,Hambantota,C-4,1725.0,1700.0
17.05.2016,Hambantota,Gorosu,1625.0,1600.0
17.05.2016,Kalutara,H-2,1100.0,1030.0
17.05.2016,Matara,M-5,1670.0,1660.0
17.05.2016,Kalutara,H-1,1250.0,1150.0
17.05.2016,Matara,Alba,2150.0,2088.0
17.05.2016,Kalutara,M-5,1500.0,1380.0
17.05.2016,Ratnapura,Alba,2200.0,2166.0
17.05.2016,Ratnapura,C-5 Sp,1800.0,1766.0
17.05.2016,Ratnapura,C-5,1650.0,1633.0
17.05.2016,Ratnapura,C-4,1550.0,1533.0
17.05.2016,Ratnapura,M-5,1500.0,1466.0
17.05.2016,Ratnapura,M-4,1500.0,1466.0
17.05.2016,Ratnapura,H-1,1350.0,1350.0
17.05.2016,Ratnapura,H-2,1300.0,1283.0
17.05.2016,Badulla,C-5,1600.0,1600.0
17.05.2016,Badulla,C-4,1500.0,1500.0
17.05.2016,Kalutara,M-4,1400.0,1300.0
17.05.2016,Badulla,Gorosu,1000.0,700.0
17.05.2016,Kurunegala,Heen,1400.0,1233.0
17.05.2016,Kurunegala,Gorosu,800.0,716.0
17.05.2016,Gampaha,C-5,1800.0,1675.0
17.05.2016,Gampaha,Gorosu,1500.0,1300.0
17.05.2016,Kalutara,Alba,2100.0,2030.0
17.05.2016,Kalutara,C-5 Sp,1900.0,1700.0
17.05.2016,Kalutara,C-5,1700.0,1560.0
17.05.2016,Kalutara,C-4,1610.0,1470.0
17.05.2016,Badulla,Heen,1400.0,1175.0
24.05.2016,Matara,Alba,2150.0,2133.0
24.05.2016,Galle,H-2,1590.0,1580.0
24.05.2016,Galle,H-1,1620.0,1600.0
24.05.2016,Galle,C-4,1650.0,1650.0
24.05.2016,Kalutara,H-2,1000.0,900.0
24.05.2016,Galle,C-5 Sp,1850.0,1830.0
24.05.2016,Galle,Alba,2100.0,2050.0
24.05.2016,Matara,C-5 Sp,1850.0,1850.0
24.05.2016,Kalutara,H-1,1100.0,934.0
24.05.2016,Galle,C-5,1740.0,1730.0
24.05.2016,Matara,C-5,1800.0,1747.0
24.05.2016,Matara,H-2,1600.0,1547.0
24.05.2016,Matara,M-5,1680.0,1665.0
24.05.2016,Matara,M-4,1650.0,1635.0
24.05.2016,Matara,H-1,1630.0,1608.0
24.05.2016,Matara,H-Faq,1500.0,1467.0
24.05.2016,Hambantota,Alba,2100.0,2100.0
24.05.2016,Hambantota,C-5,1750.0,1750.0
24.05.2016,Hambantota,C-4,1700.0,1700.0
24.05.2016,Hambantota,H-1,1610.0,1600.0
24.05.2016,Kalutara,M-4,1300.0,1100.0
24.05.2016,Monaragala,Gorosu,1250.0,950.0
24.05.2016,Matara,C-4,1750.0,1725.0
24.05.2016,Hambantota,Gorosu,1590.0,1580.0
24.05.2016,Kalutara,M-5,1500.0,1300.0
24.05.2016,Kalutara,C-5,1750.0,1650.0
24.05.2016,Kalutara,C-4,1700.0,1534.0
24.05.2016,Ratnapura,Alba,2200.0,2133.0
24.05.2016,Ratnapura,C-5 Sp,1800.0,1766.0
24.05.2016,Ratnapura,C-5,1650.0,1600.0
24.05.2016,Ratnapura,C-4,1400.0,1366.0
24.05.2016,Ratnapura,M-5,1300.0,1300.0
24.05.2016,Ratnapura,M-4,1300.0,1300.0
24.05.2016,Ratnapura,H-2,1350.0,1233.0
24.05.2016,Badulla,C-5,1600.0,1600.0
24.05.2016,Badulla,C-4,1500.0,1500.0
24.05.2016,Badulla,Heen,1200.0,1150.0
24.05.2016,Ratnapura,H-1,1450.0,1416.0
24.05.2016,Kurunegala,Heen,1600.0,1450.0
24.05.2016,Badulla,Gorosu,800.0,667.0
24.05.2016,Kalutara,Alba,2100.0,1900.0
24.05.2016,Gampaha,Gorosu,1500.0,1325.0
24.05.2016,Gampaha,C-5,1700.0,1600.0
24.05.2016,Colombo,H-2,1400.0,1400.0
24.05.2016,Kalutara,C-5 Sp,1900.0,1734.0
24.05.2016,Colombo,C-4,1600.0,1600.0
24.05.2016,Colombo,C-5,1650.0,1650.0
24.05.2016,Colombo,C-5 Sp,1800.0,1800.0
24.05.2016,Kurunegala,Gorosu,850.0,800.0
24.05.2016,Colombo,H-1,1450.0,1450.0
31.05.2016,Matara,Alba,2150.0,2088.0
31.05.2016,Kalutara,M-4,1300.0,1250.0
31.05.2016,Kalutara,H-1,1100.0,1000.0
31.05.2016,Kalutara,H-2,1000.0,934.0
31.05.2016,Galle,Alba,2100.0,2080.0
31.05.2016,Galle,C-5 Sp,1850.0,1840.0
31.05.2016,Galle,C-5,1800.0,1790.0
31.05.2016,Galle,C-4,1730.0,1725.0
31.05.2016,Galle,H-1,1650.0,1640.0
31.05.2016,Galle,H-2,1640.0,1630.0
31.05.2016,Matara,C-5 Sp,1800.0,1767.0
31.05.2016,Hambantota,Gorosu,1600.0,1590.0
31.05.2016,Matara,C-4,1680.0,1670.0
31.05.2016,Matara,M-5,1670.0,1660.0
31.05.2016,Matara,M-4,1650.0,1640.0
31.05.2016,Matara,H-1,1610.0,1596.0
31.05.2016,Matara,H-2,1580.0,1557.0
31.05.2016,Matara,H-Faq,1500.0,1475.0
31.05.2016,Hambantota,Alba,2100.0,2100.0
31.05.2016,Hambantota,C-5,1750.0,1750.0
31.05.2016,Hambantota,C-4,1700.0,1700.0
31.05.2016,Hambantota,H-1,1650.0,1650.0
31.05.2016,Matara,C-5,1700.0,1693.0
31.05.2016,Kalutara,C-4,1700.0,1683.0
31.05.2016,Kalutara,M-5,1500.0,1450.0
31.05.2016,Kalutara,C-5 Sp,1900.0,1784.0
31.05.2016,Ratnapura,Alba,2200.0,2166.0
31.05.2016,Ratnapura,C-5 Sp,1800.0,1750.0
31.05.2016,Ratnapura,C-5,1720.0,1673.0
31.05.2016,Ratnapura,C-4,1650.0,1616.0
31.05.2016,Ratnapura,M-5,1500.0,1493.0
31.05.2016,Ratnapura,M-4,1500.0,1493.0
31.05.2016,Ratnapura,H-1,1450.0,1416.0
31.05.2016,Ratnapura,H-2,1400.0,1385.0
31.05.2016,Badulla,C-5,1600.0,1600.0
31.05.2016,Badulla,C-4,1500.0,1500.0
31.05.2016,Badulla,Heen,1400.0,1150.0
31.05.2016,Kalutara,C-5,1750.0,1650.0
31.05.2016,Kurunegala,Heen,1400.0,1283.0
31.05.2016,Kurunegala,Gorosu,800.0,767.0
31.05.2016,Colombo,C-5 Sp,1900.0,1900.0
31.05.2016,Colombo,C-5,1800.0,1800.0
31.05.2016,Colombo,C-4,1750.0,1750.0
31.05.2016,Colombo,H-1,1600.0,1600.0
31.05.2016,Colombo,H-2,1500.0,1500.0
31.05.2016,Gampaha,C-5,1650.0,1465.0
31.05.2016,Gampaha,Gorosu,1400.0,1050.0
31.05.2016,Kalutara,Alba,2100.0,1984.0
31.05.2016,Badulla,Gorosu,1200.0,850.0
07.06.2016,Matara,Alba,2150.0,2105.0
07.06.2016,Galle,H-2,1660.0,1650.0
07.06.2016,Galle,H-1,1680.0,1670.0
07.06.2016,Galle,C-4,1830.0,1800.0
07.06.2016,Kalutara,H-1,1350.0,1266.0
07.06.2016,Galle,C-5 Sp,1980.0,1880.0
07.06.2016,Galle,Alba,2100.0,2080.0
07.06.2016,Kalutara,H-2,1200.0,1066.0
07.06.2016,Matara,C-5 Sp,1900.0,1850.0
07.06.2016,Galle,C-5,1850.0,1840.0
07.06.2016,Matara,C-5,1800.0,1760.0
07.06.2016,Matara,H-2,1620.0,1612.0
07.06.2016,Matara,M-5,1700.0,1697.0
07.06.2016,Matara,M-4,1680.0,1665.0
07.06.2016,Matara,H-1,1650.0,1624.0
07.06.2016,Matara,H-Faq,1550.0,1517.0
07.06.2016,Hambantota,Alba,2100.0,2100.0
07.06.2016,Hambantota,C-5,1780.0,1765.0
07.06.2016,Hambantota,C-4,1720.0,1710.0
07.06.2016,Hambantota,H-1,1630.0,1625.0
07.06.2016,Hambantota,Gorosu,1600.0,1600.0
07.06.2016,Kalutara,M-4,1450.0,1367.0
07.06.2016,Matara,C-4,1750.0,1727.0
07.06.2016,Monaragala,Gorosu,1300.0,1100.0
07.06.2016,Kalutara,M-5,1600.0,1534.0
07.06.2016,Kalutara,C-5,1850.0,1784.0
07.06.2016,Kalutara,C-4,1700.0,1650.0
07.06.2016,Ratnapura,Alba,2200.0,2133.0
07.06.2016,Ratnapura,C-5 Sp,1800.0,1766.0
07.06.2016,Ratnapura,C-5,1730.0,1710.0
07.06.2016,Ratnapura,C-4,1500.0,1440.0
07.06.2016,Ratnapura,M-5,1350.0,1300.0
07.06.2016,Ratnapura,M-4,1350.0,1300.0
07.06.2016,Ratnapura,H-2,1200.0,1150.0
07.06.2016,Badulla,C-5,2000.0,1800.0
07.06.2016,Badulla,C-4,1500.0,1500.0
07.06.2016,Badulla,Heen,1300.0,1200.0
07.06.2016,Ratnapura,H-1,1550.0,1516.0
07.06.2016,Kurunegala,Heen,1500.0,1317.0
07.06.2016,Badulla,Gorosu,1200.0,850.0
07.06.2016,Kalutara,Alba,2200.0,2067.0
07.06.2016,Gampaha,Gorosu,1000.0,950.0
07.06.2016,Gampaha,C-4,1500.0,1400.0
07.06.2016,Colombo,H-2,1500.0,1500.0
07.06.2016,Kalutara,C-5 Sp,2000.0,1917.0
07.06.2016,Colombo,C-4,1700.0,1700.0
07.06.2016,Colombo,C-5,1800.0,1800.0
07.06.2016,Colombo,C-5 Sp,1900.0,1900.0
07.06.2016,Kurunegala,Gorosu,800.0,767.0
07.06.2016,Colombo,H-1,1550.0,1550.0
14.06.2016,Matara,Alba,2150.0,2125.0
14.06.2016,Kalutara,M-4,1300.0,1284.0
14.06.2016,Kalutara,H-1,1200.0,1134.0
14.06.2016,Kalutara,H-2,1100.0,1034.0
14.06.2016,Galle,Alba,2100.0,2090.0
14.06.2016,Galle,C-5 Sp,1895.0,1890.0
14.06.2016,Galle,C-5,1850.0,1845.0
14.06.2016,Galle,C-4,1800.0,1790.0
14.06.2016,Galle,H-1,1700.0,1690.0
14.06.2016,Galle,H-2,1690.0,1685.0
14.06.2016,Matara,C-5 Sp,1960.0,1860.0
14.06.2016,Kalutara,M-5,1550.0,1450.0
14.06.2016,Matara,C-4,1790.0,1773.0
14.06.2016,Monaragala,Gorosu,1300.0,983.0
14.06.2016,Matara,M-5,1750.0,1733.0
14.06.2016,Matara,M-4,1720.0,1710.0
14.06.2016,Matara,H-1,1700.0,1675.0
14.06.2016,Matara,H-2,1680.0,1658.0
14.06.2016,Matara,H-Faq,1600.0,1513.0
14.06.2016,Hambantota,C-5,1800.0,1725.0
14.06.2016,Hambantota,C-4,1780.0,1715.0
14.06.2016,Hambantota,H-1,1780.0,1690.0
14.06.2016,Hambantota,Gorosu,1780.0,1690.0
14.06.2016,Matara,C-5,1800.0,1790.0
14.06.2016,Kalutara,C-4,1650.0,1584.0
14.06.2016,Badulla,C-4,1650.0,1650.0
14.06.2016,Kalutara,C-5 Sp,1900.0,1850.0
14.06.2016,Ratnapura,Alba,2200.0,2166.0
14.06.2016,Ratnapura,C-5 Sp,1800.0,1800.0
14.06.2016,Ratnapura,C-5,1750.0,1733.0
14.06.2016,Ratnapura,C-4,1600.0,1583.0
14.06.2016,Ratnapura,M-5,1400.0,1383.0
14.06.2016,Ratnapura,M-4,1400.0,1383.0
14.06.2016,Ratnapura,H-1,1350.0,1316.0
14.06.2016,Ratnapura,H-2,1200.0,1166.0
14.06.2016,Badulla,C-5,1800.0,1750.0
14.06.2016,Badulla,Heen,1500.0,1325.0
14.06.2016,Badulla,Gorosu,1300.0,862.0
14.06.2016,Kalutara,C-5,1750.0,1700.0
14.06.2016,Kurunegala,Gorosu,800.0,767.0
14.06.2016,Colombo,C-5 Sp,1875.0,1875.0
14.06.2016,Colombo,C-5,1800.0,1800.0
14.06.2016,Colombo,C-4,1700.0,1700.0
14.06.2016,Colombo,H-1,1500.0,1500.0
14.06.2016,Colombo,H-2,1475.0,1475.0
14.06.2016,Gampaha,C-5,1800.0,1800.0
14.06.2016,Gampaha,C-4,1600.0,1475.0
14.06.2016,Gampaha,Gorosu,1300.0,1100.0
14.06.2016,Kalutara,Alba,2100.0,2034.0
14.06.2016,Kurunegala,Heen,1500.0,1317.0
21.06.2016,Galle,H-2,1710.0,1700.0
21.06.2016,Galle,H-1,1730.0,1710.0
21.06.2016,Galle,C-4,1800.0,1790.0
21.06.2016,Galle,C-5,1860.0,1850.0
21.06.2016,Kalutara,M-4,1350.0,1300.0
21.06.2016,Galle,Alba,2100.0,2095.0
21.06.2016,Kalutara,H-2,1100.0,1034.0
21.06.2016,Kalutara,H-1,1300.0,1184.0
21.06.2016,Matara,Alba,2200.0,2143.0
21.06.2016,Galle,C-5 Sp,1895.0,1890.0
21.06.2016,Matara,C-5 Sp,1960.0,1905.0
21.06.2016,Matara,H-1,1740.0,1723.0
21.06.2016,Matara,C-4,1820.0,1790.0
21.06.2016,Matara,M-5,1760.0,1755.0
21.06.2016,Matara,M-4,1750.0,1735.0
21.06.2016,Matara,H-2,1730.0,1717.0
21.06.2016,Matara,H-Faq,1600.0,1550.0
21.06.2016,Hambantota,C-5,1850.0,1825.0
21.06.2016,Hambantota,C-4,1850.0,1825.0
21.06.2016,Hambantota,H-1,1750.0,1740.0
21.06.2016,Hambantota,Gorosu,1750.0,1735.0
21.06.2016,Kalutara,M-5,1500.0,1450.0
21.06.2016,Matara,C-5,1830.0,1813.0
21.06.2016,Kalutara,C-4,1700.0,1600.0
21.06.2016,Monaragala,Gorosu,1000.0,883.0
21.06.2016,Kalutara,C-5 Sp,1900.0,1850.0
21.06.2016,Ratnapura,Alba,2100.0,2100.0
21.06.2016,Ratnapura,C-5 Sp,1900.0,1893.0
21.06.2016,Ratnapura,C-5,1800.0,1766.0
21.06.2016,Ratnapura,C-4,1650.0,1616.0
21.06.2016,Ratnapura,M-5,1250.0,1216.0
21.06.2016,Ratnapura,M-4,1250.0,1216.0
21.06.2016,Ratnapura,H-1,1550.0,1533.0
21.06.2016,Ratnapura,H-2,1100.0,1050.0
21.06.2016,Badulla,C-5,1700.0,1700.0
21.06.2016,Badulla,C-4,1650.0,1650.0
21.06.2016,Badulla,Heen,1500.0,1225.0
21.06.2016,Kalutara,C-5,1800.0,1700.0
21.06.2016,Kurunegala,Heen,1500.0,1300.0
21.06.2016,Kurunegala,Gorosu,800.0,750.0
21.06.2016,Colombo,C-5 Sp,2100.0,2100.0
21.06.2016,Colombo,C-5,2000.0,2000.0
21.06.2016,Colombo,C-4,1850.0,1850.0
21.06.2016,Colombo,H-1,1700.0,1700.0
21.06.2016,Colombo,H-2,1600.0,1600.0
21.06.2016,Gampaha,C-5,1750.0,1750.0
21.06.2016,Gampaha,C-4,1500.0,1375.0
21.06.2016,Gampaha,Gorosu,1300.0,1050.0
21.06.2016,Kalutara,Alba,2100.0,2067.0
21.06.2016,Badulla,Gorosu,1300.0,837.0
28.06.2016,Galle,H-1,1800.0,1780.0
28.06.2016,Galle,C-4,1900.0,1880.0
28.06.2016,Galle,C-5,1950.0,1940.0
28.06.2016,Galle,C-5 Sp,2000.0,1980.0
28.06.2016,Kalutara,M-5,1650.0,1567.0
28.06.2016,Kalutara,H-2,1100.0,1063.0
28.06.2016,Kalutara,H-1,1300.0,1284.0
28.06.2016,Kalutara,M-4,1450.0,1384.0
28.06.2016,Galle,H-2,1780.0,1760.0
28.06.2016,Galle,Alba,2200.0,2150.0
28.06.2016,Matara,Alba,2300.0,2238.0
28.06.2016,Matara,H-1,1775.0,1761.0
28.06.2016,Matara,C-5,2000.0,1900.0
28.06.2016,Matara,C-4,1900.0,1853.0
28.06.2016,Matara,M-5,1850.0,1817.0
28.06.2016,Matara,M-4,1800.0,1787.0
28.06.2016,Matara,H-2,1750.0,1745.0
28.06.2016,Matara,H-Faq,1650.0,1562.0
28.06.2016,Hambantota,C-5,1870.0,1860.0
28.06.2016,Hambantota,C-4,1850.0,1850.0
28.06.2016,Hambantota,H-1,1750.0,1750.0
28.06.2016,Hambantota,Gorosu,1750.0,1725.0
28.06.2016,Kalutara,C-4,1700.0,1667.0
28.06.2016,Matara,C-5 Sp,2100.0,1967.0
28.06.2016,Monaragala,Gorosu,1300.0,1100.0
28.06.2016,Kalutara,C-5,1850.0,1817.0
28.06.2016,Kalutara,Alba,2100.0,2067.0
28.06.2016,Kalutara,C-5 Sp,2000.0,1950.0
28.06.2016,Ratnapura,Alba,2200.0,2200.0
28.06.2016,Ratnapura,C-5 Sp,1900.0,1883.0
28.06.2016,Ratnapura,C-5,1850.0,1823.0
28.06.2016,Ratnapura,C-4,1750.0,1740.0
28.06.2016,Ratnapura,M-5,1500.0,1483.0
28.06.2016,Ratnapura,H-1,1550.0,1516.0
28.06.2016,Ratnapura,H-2,1470.0,1460.0
28.06.2016,Badulla,C-5,1700.0,1700.0
28.06.2016,Badulla,C-4,1650.0,1650.0
28.06.2016,Badulla,Heen,1500.0,1225.0
28.06.2016,Ratnapura,M-4,1500.0,1483.0
28.06.2016,Kurunegala,Heen,1500.0,1350.0
28.06.2016,Badulla,Gorosu,1300.0,812.0
28.06.2016,Gampaha,C-4,1500.0,1375.0
28.06.2016,Gampaha,C-5,1650.0,1650.0
28.06.2016,Colombo,H-2,1650.0,1650.0
28.06.2016,Colombo,H-1,1750.0,1750.0
28.06.2016,Gampaha,Gorosu,1200.0,1025.0
28.06.2016,Colombo,C-5,1900.0,1900.0
28.06.2016,Colombo,C-5 Sp,2000.0,2000.0
28.06.2016,Kurunegala,Gorosu,800.0,733.0
28.06.2016,Colombo,C-4,1800.0,1800.0
04.07.2016,Matara,Alba,2300.0,2250.0
04.07.2016,Kalutara,M-4,1350.0,1317.0
04.07.2016,Kalutara,H-1,1200.0,1184.0
04.07.2016,Kalutara,H-2,1100.0,1067.0
04.07.2016,Galle,Alba,2150.0,2100.0
04.07.2016,Galle,C-5 Sp,1990.0,1950.0
04.07.2016,Galle,C-5,1900.0,1880.0
04.07.2016,Galle,C-4,1880.0,1870.0
04.07.2016,Galle,H-1,1820.0,1800.0
04.07.2016,Galle,H-2,1790.0,1780.0
04.07.2016,Matara,C-5 Sp,1950.0,1950.0
04.07.2016,Kalutara,M-5,1500.0,1467.0
04.07.2016,Matara,C-4,1870.0,1834.0
04.07.2016,Matara,M-5,1830.0,1805.0
04.07.2016,Matara,M-4,1800.0,1785.0
04.07.2016,Matara,H-1,1800.0,1770.0
04.07.2016,Matara,H-2,1760.0,1710.0
04.07.2016,Matara,H-Faq,1700.0,1617.0
04.07.2016,Hambantota,C-5,1870.0,1870.0
04.07.2016,Hambantota,C-4,1850.0,1850.0
04.07.2016,Monaragala,Gorosu,1300.0,983.0
04.07.2016,Hambantota,Gorosu,1745.0,1730.0
04.07.2016,Matara,C-5,1900.0,1854.0
04.07.2016,Kalutara,C-4,1650.0,1617.0
04.07.2016,Hambantota,H-1,1760.0,1750.0
04.07.2016,Kalutara,C-5 Sp,2000.0,1934.0
04.07.2016,Ratnapura,C-5 Sp,1950.0,1916.0
04.07.2016,Ratnapura,C-5,1850.0,1816.0
04.07.2016,Ratnapura,C-4,1780.0,1760.0
04.07.2016,Ratnapura,M-5,1650.0,1633.0
04.07.2016,Ratnapura,M-4,1650.0,1633.0
04.07.2016,Ratnapura,H-1,1700.0,1630.0
04.07.2016,Ratnapura,H-2,1600.0,1600.0
04.07.2016,Badulla,C-5,1700.0,1650.0
04.07.2016,Badulla,C-4,1600.0,1600.0
04.07.2016,Badulla,Heen,1500.0,1238.0
04.07.2016,Badulla,Gorosu,1300.0,875.0
04.07.2016,Ratnapura,Alba,2200.0,2200.0
04.07.2016,Kurunegala,Gorosu,800.0,733.0
04.07.2016,Kurunegala,Heen,1500.0,1350.0
04.07.2016,Kalutara,Alba,2200.0,2134.0
04.07.2016,Gampaha,Gorosu,1200.0,1050.0
04.07.2016,Gampaha,C-4,1500.0,1450.0
04.07.2016,Gampaha,C-5,1700.0,1700.0
04.07.2016,Kalutara,C-5,1900.0,1834.0
04.07.2016,Colombo,H-1,1750.0,1750.0
04.07.2016,Colombo,C-4,1850.0,1850.0
04.07.2016,Colombo,C-5,2000.0,2000.0
04.07.2016,Colombo,C-5 Sp,2100.0,2100.0
04.07.2016,Colombo,H-2,1700.0,1700.0
12.07.2016,Kalutara,H-2,1200.0,1134.0
12.07.2016,Galle,Alba,2400.0,2350.0
12.07.2016,Galle,C-5 Sp,2250.0,2175.0
12.07.2016,Galle,C-5,2100.0,2050.0
12.07.2016,Galle,C-4,2030.0,2000.0
12.07.2016,Galle,H-1,1840.0,1820.0
12.07.2016,Galle,H-2,1820.0,1800.0
12.07.2016,Matara,Alba,2300.0,2250.0
12.07.2016,Matara,C-5 Sp,2000.0,1967.0
12.07.2016,Matara,C-5,1950.0,1913.0
12.07.2016,Matara,M-5,1870.0,1830.0
12.07.2016,Matara,M-4,1800.0,1765.0
12.07.2016,Matara,H-1,1750.0,1700.0
12.07.2016,Matara,H-2,1720.0,1634.0
12.07.2016,Hambantota,C-5,1950.0,1875.0
12.07.2016,Hambantota,C-4,1900.0,1850.0
12.07.2016,Hambantota,H-1,1700.0,1700.0
12.07.2016,Hambantota,Gorosu,1700.0,1675.0
12.07.2016,Monaragala,Gorosu,1300.0,1187.0
12.07.2016,Kalutara,H-1,1350.0,1266.0
12.07.2016,Matara,C-4,1900.0,1867.0
12.07.2016,Matara,H-Faq,1650.0,1600.0
12.07.2016,Kalutara,M-5,1600.0,1550.0
12.07.2016,Kalutara,C-4,1700.0,1650.0
12.07.2016,Kalutara,M-4,1450.0,1367.0
12.07.2016,Ratnapura,Alba,2200.0,2200.0
12.07.2016,Ratnapura,C-5 Sp,1950.0,1916.0
12.07.2016,Ratnapura,C-5,1850.0,1833.0
12.07.2016,Ratnapura,C-4,1750.0,1750.0
12.07.2016,Ratnapura,M-4,1550.0,1516.0
12.07.2016,Ratnapura,H-1,1650.0,1616.0
12.07.2016,Ratnapura,H-2,1450.0,1450.0
12.07.2016,Badulla,C-5,1850.0,1850.0
12.07.2016,Badulla,C-4,1700.0,1700.0
12.07.2016,Ratnapura,M-5,1550.0,1516.0
12.07.2016,Badulla,Gorosu,900.0,700.0
12.07.2016,Badulla,Heen,1650.0,1256.0
12.07.2016,Kalutara,C-5 Sp,2000.0,1934.0
12.07.2016,Kalutara,Alba,2200.0,2134.0
12.07.2016,Gampaha,Gorosu,1200.0,1000.0
12.07.2016,Kalutara,C-5,1850.0,1784.0
12.07.2016,Gampaha,C-5,1800.0,1700.0
12.07.2016,Kurunegala,Gorosu,700.0,650.0
12.07.2016,Kurunegala,Heen,1300.0,1133.0
12.07.2016,Gampaha,C-4,1500.0,1400.0
18.07.2016,Matara,Alba,2300.0,2267.0
18.07.2016,Kalutara,M-4,1450.0,1384.0
18.07.2016,Kalutara,H-1,1350.0,1317.0
18.07.2016,Kalutara,H-2,1200.0,1134.0
18.07.2016,Galle,Alba,2300.0,2275.0
18.07.2016,Galle,C-5 Sp,2250.0,2225.0
18.07.2016,Galle,C-5,2050.0,2000.0
18.07.2016,Galle,C-4,1960.0,1940.0
18.07.2016,Galle,H-1,1750.0,1730.0
18.07.2016,Galle,H-2,1720.0,1710.0
18.07.2016,Matara,C-5 Sp,2000.0,1975.0
18.07.2016,Hambantota,Gorosu,1650.0,1650.0
18.07.2016,Matara,C-4,1900.0,1893.0
18.07.2016,Matara,M-5,1870.0,1860.0
18.07.2016,Matara,M-4,1820.0,1810.0
18.07.2016,Matara,H-1,1800.0,1737.0
18.07.2016,Matara,H-2,1700.0,1644.0
18.07.2016,Matara,H-Faq,1650.0,1550.0
18.07.2016,Hambantota,C-5,1900.0,1850.0
18.07.2016,Hambantota,C-4,1900.0,1825.0
18.07.2016,Hambantota,H-1,1660.0,1655.0
18.07.2016,Monaragala,Gorosu,1000.0,883.0
18.07.2016,Matara,C-5,1950.0,1908.0
18.07.2016,Kalutara,C-4,1700.0,1650.0
18.07.2016,Kalutara,M-5,1600.0,1534.0
18.07.2016,Kalutara,C-5 Sp,1950.0,1884.0
18.07.2016,Ratnapura,Alba,2300.0,2225.0
18.07.2016,Ratnapura,C-5 Sp,2000.0,2000.0
18.07.2016,Ratnapura,C-5,1950.0,1916.0
18.07.2016,Ratnapura,C-4,1900.0,1875.0
18.07.2016,Ratnapura,M-5,1800.0,1700.0
18.07.2016,Ratnapura,M-4,1800.0,1700.0
18.07.2016,Ratnapura,H-1,1700.0,1680.0
18.07.2016,Ratnapura,H-2,1600.0,1600.0
18.07.2016,Badulla,C-5,1850.0,1850.0
18.07.2016,Badulla,C-4,1700.0,1700.0
18.07.2016,Badulla,Heen,1650.0,1244.0
18.07.2016,Kalutara,C-5,1800.0,1734.0
18.07.2016,Kurunegala,Heen,1600.0,1367.0
18.07.2016,Kurunegala,Gorosu,800.0,740.0
18.07.2016,Colombo,C-5 Sp,2100.0,2100.0
18.07.2016,Colombo,C-5,2000.0,2000.0
18.07.2016,Colombo,C-4,1800.0,1800.0
18.07.2016,Colombo,H-1,1700.0,1700.0
18.07.2016,Colombo,H-2,1650.0,1650.0
18.07.2016,Gampaha,C-5,1800.0,1800.0
18.07.2016,Gampaha,C-4,1600.0,1525.0
18.07.2016,Gampaha,Gorosu,1100.0,1025.0
18.07.2016,Kalutara,Alba,2000.0,1934.0
18.07.2016,Badulla,Gorosu,1200.0,800.0
26.07.2016,Galle,H-1,1750.0,1730.0
26.07.2016,Galle,C-4,1960.0,1940.0
26.07.2016,Galle,C-5,2050.0,2000.0
26.07.2016,Galle,C-5 Sp,2250.0,2225.0
26.07.2016,Kalutara,M-5,1550.0,1517.0
26.07.2016,Kalutara,H-2,950.0,934.0
26.07.2016,Kalutara,H-1,1250.0,1217.0
26.07.2016,Kalutara,M-4,1350.0,1334.0
26.07.2016,Galle,H-2,1720.0,1710.0
26.07.2016,Galle,Alba,2300.0,2275.0
26.07.2016,Matara,Alba,2300.0,2275.0
26.07.2016,Matara,H-1,1750.0,1718.0
26.07.2016,Matara,C-5,1950.0,1930.0
26.07.2016,Matara,C-4,1900.0,1890.0
26.07.2016,Matara,M-5,1870.0,1825.0
26.07.2016,Matara,M-4,1800.0,1767.0
26.07.2016,Matara,H-2,1700.0,1654.0
26.07.2016,Matara,H-Faq,1600.0,1545.0
26.07.2016,Hambantota,C-5,1900.0,1875.0
26.07.2016,Hambantota,C-4,1850.0,1850.0
26.07.2016,Hambantota,H-1,1670.0,1660.0
26.07.2016,Hambantota,Gorosu,1655.0,1650.0
26.07.2016,Kalutara,C-4,1700.0,1634.0
26.07.2016,Matara,C-5 Sp,2000.0,2000.0
26.07.2016,Monaragala,Gorosu,1400.0,1213.0
26.07.2016,Kalutara,C-5,1800.0,1734.0
26.07.2016,Kalutara,Alba,2000.0,1967.0
26.07.2016,Kalutara,C-5 Sp,1900.0,1867.0
26.07.2016,Ratnapura,Alba,2200.0,2200.0
26.07.2016,Ratnapura,C-5 Sp,2000.0,1966.0
26.07.2016,Ratnapura,C-5,1950.0,1916.0
26.07.2016,Ratnapura,C-4,1800.0,1766.0
26.07.2016,Ratnapura,M-5,1700.0,1583.0
26.07.2016,Ratnapura,H-1,1700.0,1650.0
26.07.2016,Ratnapura,H-2,1580.0,1476.0
26.07.2016,Badulla,C-5,1800.0,1800.0
26.07.2016,Badulla,C-4,1700.0,1700.0
26.07.2016,Badulla,Heen,1650.0,1269.0
26.07.2016,Ratnapura,M-4,1700.0,1583.0
26.07.2016,Kurunegala,Heen,1200.0,1133.0
26.07.2016,Badulla,Gorosu,1200.0,862.0
26.07.2016,Gampaha,C-4,1600.0,1500.0
26.07.2016,Gampaha,C-5,1800.0,1800.0
26.07.2016,Colombo,H-2,1700.0,1700.0
26.07.2016,Colombo,H-1,1800.0,1800.0
26.07.2016,Gampaha,Gorosu,1200.0,1150.0
26.07.2016,Colombo,C-5,2100.0,2100.0
26.07.2016,Colombo,C-5 Sp,2200.0,2200.0
26.07.2016,Kurunegala,Gorosu,800.0,716.0
26.07.2016,Colombo,C-4,2000.0,2000.0
02.08.2016,Matara,Alba,2300.0,2300.0
02.08.2016,Kalutara,M-4,1400.0,1334.0
02.08.2016,Kalutara,H-1,1200.0,1167.0
02.08.2016,Kalutara,H-2,1000.0,967.0
02.08.2016,Galle,Alba,2250.0,2220.0
02.08.2016,Galle,C-5 Sp,2100.0,2075.0
02.08.2016,Galle,C-5,2020.0,2000.0
02.08.2016,Galle,C-4,1960.0,1640.0
02.08.2016,Galle,H-1,1750.0,1730.0
02.08.2016,Galle,H-2,1730.0,1720.0
02.08.2016,Matara,C-5 Sp,2250.0,2117.0
02.08.2016,Kalutara,M-5,1550.0,1500.0
02.08.2016,Matara,C-4,1960.0,1915.0
02.08.2016,Matara,M-5,1930.0,1900.0
02.08.2016,Matara,M-4,1900.0,1850.0
02.08.2016,Matara,H-2,1710.0,1687.0
02.08.2016,Matara,H-Faq,1650.0,1600.0
02.08.2016,Hambantota,C-5,1900.0,1885.0
02.08.2016,Hambantota,C-4,1900.0,1875.0
02.08.2016,Hambantota,H-1,1725.0,1712.0
02.08.2016,Hambantota,Gorosu,1700.0,1700.0
02.08.2016,Monaragala,Gorosu,1400.0,1167.0
02.08.2016,Matara,C-5,2000.0,1968.0
02.08.2016,Kalutara,C-4,1700.0,1617.0
02.08.2016,Matara,H-1,1880.0,1765.0
02.08.2016,Kalutara,C-5 Sp,1850.0,1834.0
02.08.2016,Ratnapura,C-5 Sp,1950.0,1933.0
02.08.2016,Ratnapura,C-5,1900.0,1880.0
02.08.2016,Ratnapura,C-4,1860.0,1850.0
02.08.2016,Ratnapura,M-5,1650.0,1616.0
02.08.2016,Ratnapura,M-4,1650.0,1616.0
02.08.2016,Ratnapura,H-1,1600.0,1600.0
02.08.2016,Kalutara,C-5,1800.0,1750.0
02.08.2016,Ratnapura,H-2,1550.0,1516.0
02.08.2016,Badulla,C-5,1750.0,1750.0
02.08.2016,Badulla,C-4,1650.0,1650.0
02.08.2016,Badulla,Heen,1600.0,1275.0
02.08.2016,Ratnapura,Alba,2250.0,2216.0
02.08.2016,Kurunegala,Heen,1100.0,1033.0
02.08.2016,Kurunegala,Gorosu,700.0,650.0
02.08.2016,Colombo,C-5 Sp,2100.0,2100.0
02.08.2016,Colombo,C-5,2000.0,2000.0
02.08.2016,Colombo,C-4,1900.0,1900.0
02.08.2016,Colombo,H-1,1700.0,1700.0
02.08.2016,Colombo,H-2,1600.0,1600.0
02.08.2016,Gampaha,C-5,2000.0,2000.0
02.08.2016,Gampaha,C-4,1800.0,1650.0
02.08.2016,Gampaha,Gorosu,1500.0,1450.0
02.08.2016,Kalutara,Alba,2000.0,1967.0
02.08.2016,Badulla,Gorosu,1500.0,925.0
06.08.2016,Matara,Alba,2350.0,2312.0
06.08.2016,Galle,H-2,1650.0,1640.0
06.08.2016,Galle,H-1,1670.0,1660.0
06.08.2016,Galle,C-4,1940.0,1905.0
06.08.2016,Kalutara,H-1,1200.0,1100.0
06.08.2016,Galle,C-5 Sp,2150.0,2125.0
06.08.2016,Galle,Alba,2250.0,2225.0
06.08.2016,Kalutara,H-2,1000.0,970.0
06.08.2016,Matara,C-5 Sp,2100.0,2017.0
06.08.2016,Galle,C-5,1980.0,1970.0
06.08.2016,Matara,C-5,1950.0,1933.0
06.08.2016,Matara,H-Faq,1500.0,1450.0
06.08.2016,Matara,M-5,1850.0,1818.0
06.08.2016,Matara,M-4,1800.0,1767.0
06.08.2016,Matara,H-1,1700.0,1666.0
06.08.2016,Matara,H-2,1620.0,1604.0
06.08.2016,Hambantota,C-5,1880.0,1865.0
06.08.2016,Hambantota,C-4,1850.0,1825.0
06.08.2016,Hambantota,H-1,1600.0,1575.0
06.08.2016,Hambantota,Gorosu,1550.0,1550.0
06.08.2016,Monaragala,Gorosu,1200.0,1066.0
06.08.2016,Kalutara,M-4,1300.0,1235.0
06.08.2016,Matara,C-4,1890.0,1850.0
06.08.2016,Kalutara,M-5,1500.0,1400.0
06.08.2016,Kalutara,C-5 Sp,1950.0,1885.0
06.08.2016,Kalutara,C-5,1750.0,1700.0
06.08.2016,Ratnapura,Alba,2150.0,2116.0
06.08.2016,Kalutara,C-4,1600.0,1520.0
06.08.2016,Ratnapura,C-5,1900.0,1850.0
06.08.2016,Ratnapura,C-4,1800.0,1766.0
06.08.2016,Ratnapura,M-5,1650.0,1650.0
06.08.2016,Ratnapura,M-4,1650.0,1650.0
06.08.2016,Ratnapura,H-1,1600.0,1566.0
06.08.2016,Ratnapura,H-2,1500.0,1433.0
06.08.2016,Badulla,C-4,1800.0,1800.0
06.08.2016,Badulla,Heen,1750.0,1262.0
06.08.2016,Badulla,Gorosu,1600.0,1012.0
06.08.2016,Ratnapura,C-5 Sp,1950.0,1916.0
06.08.2016,Kurunegala,Gorosu,800.0,717.0
06.08.2016,Kurunegala,Heen,1300.0,1167.0
06.08.2016,Gampaha,Gorosu,1300.0,1200.0
06.08.2016,Gampaha,C-4,1600.0,
06.08.2016,Gampaha,C-5,1500.0,1900.0
06.08.2016,Kalutara,Alba,2000.0,1970.0
06.08.2016,Colombo,H-1,1550.0,1550.0
06.08.2016,Colombo,C-4,1750.0,1750.0
06.08.2016,Colombo,C-5,1850.0,1850.0
06.08.2016,Colombo,C-5 Sp,2000.0,2000.0
06.08.2016,Colombo,H-2,1500.0,1500.0
13.08.2016,Matara,C-5,1950.0,1876.0
13.08.2016,Galle,C-5 Sp,1970.0,1865.0
13.08.2016,Galle,C-5,1940.0,1930.0
13.08.2016,Galle,C-4,1870.0,1865.0
13.08.2016,Galle,H-1,1640.0,1635.0
13.08.2016,Galle,H-2,1600.0,1590.0
13.08.2016,Matara,Alba,2400.0,2350.0
13.08.2016,Matara,C-5 Sp,2200.0,2075.0
13.08.2016,Matara,C-4,1980.0,1854.0
13.08.2016,Hambantota,C-5,1900.0,1875.0
13.08.2016,Matara,M-4,1850.0,1815.0
13.08.2016,Matara,H-1,1700.0,1658.0
13.08.2016,Matara,H-2,1620.0,1594.0
13.08.2016,Matara,H-Faq,1570.0,1455.0
13.08.2016,Hambantota,C-4,1880.0,1840.0
13.08.2016,Hambantota,H-1,1620.0,1610.0
13.08.2016,Hambantota,Gorosu,1600.0,1575.0
13.08.2016,Monaragala,Gorosu,1500.0,1335.0
13.08.2016,Galle,Alba,2100.0,2075.0
13.08.2016,Matara,M-5,1870.0,1850.0
13.08.2016,Kalutara,H-2,1100.0,1050.0
13.08.2016,Kalutara,H-1,1200.0,1135.0
13.08.2016,Ratnapura,M-4,1600.0,1533.0
13.08.2016,Kalutara,M-4,1300.0,1270.0
13.08.2016,Ratnapura,Alba,2000.0,1950.0
13.08.2016,Ratnapura,C-5 Sp,1850.0,1816.0
13.08.2016,Ratnapura,C-5,1750.0,1733.0
13.08.2016,Ratnapura,C-4,1700.0,1683.0
13.08.2016,Ratnapura,M-5,1600.0,1533.0
13.08.2016,Ratnapura,H-1,1300.0,1285.0
13.08.2016,Ratnapura,H-2,1250.0,1250.0
13.08.2016,Badulla,Heen,1600.0,1250.0
13.08.2016,Badulla,Gorosu,1500.0,875.0
13.08.2016,Badulla,C-4,1700.0,1700.0
13.08.2016,Kurunegala,Gorosu,850.0,767.0
13.08.2016,Gampaha,C-5,1800.0,1800.0
13.08.2016,Gampaha,C-4,1750.0,1530.0
13.08.2016,Gampaha,Gorosu,1250.0,1050.0
13.08.2016,Kalutara,Alba,2000.0,1970.0
13.08.2016,Kalutara,C-5 Sp,1900.0,1865.0
13.08.2016,Kalutara,C-5,1800.0,1735.0
13.08.2016,Kalutara,C-4,1650.0,1585.0
13.08.2016,Kalutara,M-5,1500.0,1460.0
13.08.2016,Kurunegala,Heen,1500.0,1317.0
15.08.2016,Galle,C-5,2000.0,1960.0
15.08.2016,Galle,H-2,1650.0,1630.0
15.08.2016,Galle,H-1,1730.0,1710.0
15.08.2016,Galle,C-4,1925.0,1900.0
15.08.2016,Galle,C-5 Sp,2100.0,2000.0
15.08.2016,Kalutara,M-5,1400.0,1385.0
15.08.2016,Kalutara,H-2,1000.0,985.0
15.08.2016,Kalutara,H-1,1200.0,1170.0
15.08.2016,Kalutara,M-4,1300.0,1270.0
15.08.2016,Matara,Alba,2350.0,2213.0
15.08.2016,Galle,Alba,2250.0,2220.0
15.08.2016,Matara,C-5 Sp,2200.0,2033.0
15.08.2016,Hambantota,Gorosu,1650.0,1625.0
15.08.2016,Matara,C-4,1950.0,1913.0
15.08.2016,Matara,M-5,1920.0,1885.0
15.08.2016,Matara,M-4,1875.0,1838.0
15.08.2016,Matara,H-1,1800.0,1671.0
15.08.2016,Matara,H-2,1700.0,1636.0
15.08.2016,Matara,H-Faq,1600.0,1500.0
15.08.2016,Hambantota,C-5,1950.0,1925.0
15.08.2016,Hambantota,C-4,1900.0,1875.0
15.08.2016,Hambantota,H-1,1700.0,1700.0
15.08.2016,Monaragala,Gorosu,1400.0,1250.0
15.08.2016,Matara,C-5,2000.0,1925.0
15.08.2016,Kalutara,C-4,1550.0,1500.0
15.08.2016,Gampaha,C-5,1900.0,1900.0
15.08.2016,Kalutara,C-5 Sp,1850.0,1835.0
15.08.2016,Ratnapura,Alba,2200.0,2166.0
15.08.2016,Ratnapura,C-5 Sp,1950.0,1916.0
15.08.2016,Ratnapura,C-5,1850.0,1833.0
15.08.2016,Ratnapura,C-4,1750.0,1716.0
15.08.2016,Ratnapura,M-5,1650.0,1633.0
15.08.2016,Ratnapura,M-4,1650.0,1633.0
15.08.2016,Kalutara,C-5,1700.0,1685.0
15.08.2016,Ratnapura,H-2,1450.0,1420.0
15.08.2016,Badulla,C-5,1800.0,1800.0
15.08.2016,Badulla,C-4,1700.0,1700.0
15.08.2016,Badulla,Heen,1600.0,1300.0
15.08.2016,Ratnapura,H-1,1550.0,1533.0
15.08.2016,Kurunegala,Heen,1300.0,1250.0
15.08.2016,Badulla,Gorosu,1500.0,1000.0
15.08.2016,Gampaha,Gorosu,1300.0,1175.0
15.08.2016,Gampaha,C-4,1550.0,1475.0
15.08.2016,Colombo,H-2,1650.0,1650.0
15.08.2016,Kalutara,Alba,2000.0,1970.0
15.08.2016,Colombo,C-4,2000.0,2000.0
15.08.2016,Colombo,C-5,2100.0,2100.0
15.08.2016,Colombo,C-5 Sp,2150.0,2150.0
15.08.2016,Kurunegala,Gorosu,800.0,783.0
15.08.2016,Colombo,H-1,1700.0,1700.0
23.08.2016,Matara,Alba,2350.0,2238.0
23.08.2016,Kalutara,M-4,1300.0,1270.0
23.08.2016,Kalutara,H-1,1200.0,1170.0
23.08.2016,Kalutara,H-2,1100.0,1050.0
23.08.2016,Galle,Alba,2020.0,2000.0
23.08.2016,Galle,C-5 Sp,1950.0,1900.0
23.08.2016,Galle,C-5,1850.0,1820.0
23.08.2016,Galle,C-4,1800.0,1790.0
23.08.2016,Galle,H-1,1680.0,1650.0
23.08.2016,Galle,H-2,1650.0,1630.0
23.08.2016,Matara,C-5 Sp,2100.0,2010.0
23.08.2016,Kalutara,M-5,1450.0,1415.0
23.08.2016,Matara,C-4,1900.0,1850.0
23.08.2016,Matara,M-5,1850.0,1807.0
23.08.2016,Matara,M-4,1800.0,1743.0
23.08.2016,Matara,H-1,1750.0,1690.0
23.08.2016,Matara,H-2,1650.0,1613.0
23.08.2016,Matara,H-Faq,1500.0,1500.0
23.08.2016,Hambantota,C-5,1880.0,1865.0
23.08.2016,Hambantota,C-4,1850.0,1825.0
23.08.2016,Hambantota,H-1,1600.0,1575.0
23.08.2016,Hambantota,Gorosu,1550.0,1550.0
23.08.2016,Monaragala,Gorosu,1200.0,1066.0
23.08.2016,Matara,C-5,1950.0,1933.0
23.08.2016,Kalutara,C-4,1600.0,1565.0
23.08.2016,Kalutara,C-5 Sp,1900.0,1865.0
23.08.2016,Kalutara,C-5,1800.0,1750.0
23.08.2016,Ratnapura,Alba,2200.0,2133.0
23.08.2016,Ratnapura,C-5 Sp,1900.0,1900.0
23.08.2016,Ratnapura,C-5,1850.0,1823.0
23.08.2016,Ratnapura,C-4,1780.0,1760.0
23.08.2016,Ratnapura,M-5,1650.0,1616.0
23.08.2016,Ratnapura,M-4,1650.0,1616.0
23.08.2016,Ratnapura,H-2,1500.0,1483.0
23.08.2016,Badulla,C-5,1800.0,1800.0
23.08.2016,Badulla,C-4,1750.0,1750.0
23.08.2016,Badulla,Heen,1600.0,1300.0
23.08.2016,Badulla,Gorosu,1500.0,1000.0
23.08.2016,Ratnapura,H-1,1550.0,1546.0
23.08.2016,Kurunegala,Gorosu,800.0,767.0
23.08.2016,Kurunegala,Heen,1250.0,1217.0
23.08.2016,Gampaha,Gorosu,1300.0,1175.0
23.08.2016,Gampaha,C-4,1650.0,1525.0
23.08.2016,Gampaha,C-5,1800.0,1800.0
23.08.2016,Colombo,H-2,1700.0,1700.0
23.08.2016,Kalutara,Alba,2000.0,1985.0
23.08.2016,Colombo,C-4,2000.0,2000.0
23.08.2016,Colombo,C-5,2100.0,2100.0
23.08.2016,Colombo,C-5 Sp,2200.0,2200.0
23.08.2016,Colombo,H-1,1800.0,1800.0
30.08.2016,Matara,C-5 Sp,2100.0,2017.0
30.08.2016,Kalutara,H-1,1200.0,1120.0
30.08.2016,Kalutara,H-2,1000.0,985.0
30.08.2016,Galle,Alba,2200.0,2175.0
30.08.2016,Galle,C-5 Sp,2100.0,2075.0
30.08.2016,Galle,C-5,1940.0,1920.0
30.08.2016,Galle,C-4,1860.0,1855.0
30.08.2016,Galle,H-1,1660.0,1655.0
30.08.2016,Galle,H-2,1650.0,1625.0
30.08.2016,Matara,Alba,2350.0,2313.0
30.08.2016,Matara,C-5,1950.0,1933.0
30.08.2016,Kalutara,C-5,1700.0,1670.0
30.08.2016,Matara,M-5,1850.0,1823.0
30.08.2016,Matara,M-4,1800.0,1775.0
30.08.2016,Matara,H-1,1750.0,1658.0
30.08.2016,Matara,H-2,1700.0,1617.0
30.08.2016,Matara,H-Faq,1600.0,1500.0
30.08.2016,Hambantota,C-5,1880.0,1865.0
30.08.2016,Hambantota,C-4,1850.0,1825.0
30.08.2016,Hambantota,H-1,1600.0,1575.0
30.08.2016,Hambantota,Gorosu,1550.0,1550.0
30.08.2016,Monaragala,Gorosu,1200.0,1133.0
30.08.2016,Kalutara,M-4,1300.0,1235.0
30.08.2016,Matara,C-4,1890.0,1860.0
30.08.2016,Kalutara,M-5,1500.0,1435.0
30.08.2016,Colombo,H-1,1600.0,1600.0
30.08.2016,Badulla,C-5,1800.0,1800.0
30.08.2016,Ratnapura,Alba,2100.0,2100.0
30.08.2016,Ratnapura,C-5 Sp,1920.0,1906.0
30.08.2016,Ratnapura,C-5,1850.0,1816.0
30.08.2016,Ratnapura,C-4,1800.0,1783.0
30.08.2016,Ratnapura,M-5,1630.0,1610.0
30.08.2016,Ratnapura,M-4,1630.0,1610.0
30.08.2016,Ratnapura,H-1,1600.0,1566.0
30.08.2016,Ratnapura,H-2,1550.0,1516.0
30.08.2016,Kalutara,C-4,1650.0,1550.0
30.08.2016,Badulla,C-4,1700.0,1700.0
30.08.2016,Badulla,Heen,1600.0,1550.0
30.08.2016,Badulla,Gorosu,1300.0,1250.0
30.08.2016,Kurunegala,Gorosu,850.0,767.0
30.08.2016,Colombo,C-5 Sp,2000.0,2000.0
30.08.2016,Colombo,C-5,1900.0,1900.0
30.08.2016,Colombo,C-4,1800.0,1800.0
30.08.2016,Colombo,H-2,1550.0,1550.0
30.08.2016,Gampaha,C-5,1700.0,1700.0
30.08.2016,Gampaha,C-4,1500.0,1350.0
30.08.2016,Gampaha,Gorosu,1000.0,1000.0
30.08.2016,Kalutara,Alba,2000.0,1970.0
30.08.2016,Kalutara,C-5 Sp,1900.0,1850.0
30.08.2016,Kurunegala,Heen,1500.0,1316.0
20.09.2016,Galle,H-1,1650.0,1640.0
20.09.2016,Matara,Alba,2400.0,2338.0
20.09.2016,Galle,H-2,1620.0,1610.0
20.09.2016,Galle,C-4,1880.0,1875.0
20.09.2016,Kalutara,H-2,1100.0,1070.0
20.09.2016,Galle,C-5 Sp,1980.0,1970.0
20.09.2016,Galle,Alba,2100.0,2050.0
20.09.2016,Matara,C-5 Sp,2200.0,2000.0
20.09.2016,Galle,C-5,1950.0,1925.0
20.09.2016,Matara,C-5,2000.0,1925.0
20.09.2016,Kalutara,Alba,2000.0,2000.0
20.09.2016,Matara,M-5,1850.0,1850.0
20.09.2016,Matara,M-4,1800.0,1800.0
20.09.2016,Matara,H-1,1800.0,1683.0
20.09.2016,Matara,H-2,1650.0,1616.0
20.09.2016,Matara,H-Faq,1520.0,1464.0
20.09.2016,Hambantota,C-5,1900.0,1887.0
20.09.2016,Hambantota,C-4,1750.0,1725.0
20.09.2016,Hambantota,H-1,1630.0,1625.0
20.09.2016,Hambantota,Gorosu,1600.0,1600.0
20.09.2016,Monaragala,Gorosu,1400.0,1100.0
20.09.2016,Kalutara,H-1,1250.0,1185.0
20.09.2016,Matara,C-4,1900.0,1890.0
20.09.2016,Kalutara,M-4,1350.0,1285.0
20.09.2016,Colombo,H-1,1550.0,1550.0
20.09.2016,Kalutara,C-4,1700.0,1600.0
20.09.2016,Kalutara,M-5,1550.0,1485.0
20.09.2016,Ratnapura,Alba,2000.0,1983.0
20.09.2016,Ratnapura,C-5 Sp,1950.0,1920.0
20.09.2016,Ratnapura,C-5,1875.0,1865.0
20.09.2016,Ratnapura,C-4,1750.0,1733.0
20.09.2016,Ratnapura,M-5,1600.0,1583.0
20.09.2016,Ratnapura,M-4,1600.0,1583.0
20.09.2016,Ratnapura,H-2,1520.0,1500.0
20.09.2016,Badulla,Heen,1750.0,1294.0
20.09.2016,Badulla,Gorosu,1550.0,912.0
20.09.2016,Kurunegala,Heen,1500.0,1317.0
20.09.2016,Ratnapura,H-1,1600.0,1566.0
20.09.2016,Colombo,C-5 Sp,1900.0,1900.0
20.09.2016,Kalutara,C-5,1850.0,1800.0
20.09.2016,Kurunegala,Gorosu,800.0,733.0
20.09.2016,Gampaha,Gorosu,1400.0,1100.0
20.09.2016,Gampaha,C-4,1600.0,1450.0
20.09.2016,Gampaha,C-5,1800.0,1800.0
20.09.2016,Kalutara,C-5 Sp,1900.0,1885.0
20.09.2016,Colombo,C-4,1700.0,1700.0
20.09.2016,Colombo,C-5,1800.0,1800.0
20.09.2016,Colombo,H-2,1500.0,1500.0
04.10.2016,Kalutara,H-1,1300.0,1200.0
04.10.2016,Matara,Alba,2400.0,2338.0
04.10.2016,Kalutara,H-2,1100.0,1070.0
04.10.2016,Galle,Alba,2100.0,2050.0
04.10.2016,Galle,C-5 Sp,1970.0,1960.0
04.10.2016,Galle,C-5,1950.0,1930.0
04.10.2016,Galle,C-4,1860.0,1850.0
04.10.2016,Galle,H-1,1670.0,1660.0
04.10.2016,Galle,H-2,1650.0,1645.0
04.10.2016,Matara,C-5 Sp,2200.0,2083.0
04.10.2016,Hambantota,Gorosu,1600.0,1600.0
04.10.2016,Matara,C-4,1900.0,1895.0
04.10.2016,Matara,M-5,1890.0,1863.0
04.10.2016,Matara,M-4,1850.0,1800.0
04.10.2016,Matara,H-1,1750.0,1675.0
04.10.2016,Matara,H-2,1650.0,1597.0
04.10.2016,Matara,H-Faq,1550.0,1460.0
04.10.2016,Hambantota,C-5,1900.0,1887.0
04.10.2016,Hambantota,C-4,1750.0,1725.0
04.10.2016,Hambantota,H-1,1630.0,1625.0
04.10.2016,Kalutara,M-4,1400.0,1370.0
04.10.2016,Monaragala,Gorosu,1500.0,1300.0
04.10.2016,Matara,C-5,2000.0,1950.0
04.10.2016,Kalutara,M-5,1500.0,1470.0
04.10.2016,Colombo,H-2,1600.0,1600.0
04.10.2016,Kalutara,C-5,1750.0,1715.0
04.10.2016,Ratnapura,Alba,2200.0,2183.0
04.10.2016,Ratnapura,C-5 Sp,1900.0,1883.0
04.10.2016,Ratnapura,C-5,1830.0,1810.0
04.10.2016,Ratnapura,C-4,1750.0,1740.0
04.10.2016,Ratnapura,M-5,1550.0,1516.0
04.10.2016,Ratnapura,M-4,1550.0,1516.0
04.10.2016,Kalutara,C-4,1600.0,1585.0
04.10.2016,Ratnapura,H-2,1400.0,1350.0
04.10.2016,Badulla,Heen,1750.0,1231.0
04.10.2016,Badulla,Gorosu,1450.0,888.0
04.10.2016,Ratnapura,H-1,1550.0,1526.0
04.10.2016,Kurunegala,Gorosu,800.0,700.0
04.10.2016,Kurunegala,Heen,1400.0,1283.0
04.10.2016,Kalutara,Alba,2000.0,2000.0
04.10.2016,Gampaha,Gorosu,1000.0,1000.0
04.10.2016,Gampaha,C-4,1500.0,1425.0
04.10.2016,Kalutara,C-5 Sp,1900.0,1885.0
04.10.2016,Colombo,H-1,1675.0,1675.0
04.10.2016,Colombo,C-4,1850.0,1850.0
04.10.2016,Colombo,C-5,1950.0,1950.0
04.10.2016,Colombo,C-5 Sp,2000.0,2000.0
04.10.2016,Gampaha,C-5,1700.0,1700.0
11.10.2016,Matara,C-4,1950.0,1908.0
11.10.2016,Galle,C-5,1980.0,1970.0
11.10.2016,Galle,C-4,1900.0,1880.0
11.10.2016,Galle,H-1,1700.0,1690.0
11.10.2016,Galle,H-2,1690.0,1680.0
11.10.2016,Matara,Alba,2400.0,2338.0
11.10.2016,Matara,C-5 Sp,2200.0,2100.0
11.10.2016,Matara,C-5,2000.0,1958.0
11.10.2016,Matara,M-5,1950.0,1893.0
11.10.2016,Galle,C-5 Sp,2050.0,2040.0
11.10.2016,Matara,H-1,1800.0,1668.0
11.10.2016,Matara,H-2,1650.0,1579.0
11.10.2016,Matara,H-Faq,1550.0,1470.0
11.10.2016,Hambantota,C-5,1950.0,1950.0
11.10.2016,Hambantota,C-4,1900.0,1900.0
11.10.2016,Hambantota,H-1,1650.0,1640.0
11.10.2016,Hambantota,Gorosu,1600.0,1600.0
11.10.2016,Monaragala,Gorosu,1300.0,1100.0
11.10.2016,Matara,M-4,1850.0,1817.0
11.10.2016,Galle,Alba,2100.0,2075.0
11.10.2016,Kalutara,C-5,1900.0,1870.0
11.10.2016,Kalutara,H-1,1350.0,1330.0
11.10.2016,Badulla,Heen,1750.0,1194.0
11.10.2016,Badulla,Gorosu,1400.0,825.0
11.10.2016,Kurunegala,Heen,1400.0,1233.0
11.10.2016,Kurunegala,Gorosu,800.0,700.0
11.10.2016,Colombo,C-5,2100.0,2100.0
11.10.2016,Colombo,C-4,1900.0,1900.0
11.10.2016,Colombo,H-1,1700.0,1700.0
11.10.2016,Colombo,H-2,1600.0,1600.0
11.10.2016,Colombo,C-5 Sp,2150.0,2150.0
11.10.2016,Gampaha,C-4,1500.0,1410.0
11.10.2016,Gampaha,Gorosu,1100.0,1050.0
11.10.2016,Kalutara,Alba,2100.0,2070.0
11.10.2016,Kalutara,C-5 Sp,1950.0,1930.0
11.10.2016,Kalutara,H-2,1100.0,1070.0
11.10.2016,Kalutara,C-4,1750.0,1735.0
11.10.2016,Kalutara,M-5,1600.0,1580.0
11.10.2016,Kalutara,M-4,1450.0,1430.0
11.10.2016,Gampaha,C-5,1750.0,1750.0
18.10.2016,Matara,Alba,2450.0,2325.0
18.10.2016,Galle,H-2,1750.0,1745.0
18.10.2016,Galle,H-1,1760.0,1755.0
18.10.2016,Galle,C-4,1950.0,1940.0
18.10.2016,Kalutara,H-2,1550.0,1550.0
18.10.2016,Galle,C-5 Sp,2050.0,2040.0
18.10.2016,Galle,Alba,2100.0,2090.0
18.10.2016,Matara,C-5 Sp,2200.0,2050.0
18.10.2016,Galle,C-5,2000.0,1990.0
18.10.2016,Matara,C-5,2000.0,1916.0
18.10.2016,Hambantota,Gorosu,1600.0,1600.0
18.10.2016,Matara,M-5,1900.0,1895.0
18.10.2016,Matara,M-4,1850.0,1850.0
18.10.2016,Matara,H-1,1750.0,1660.0
18.10.2016,Matara,H-2,1610.0,1599.0
18.10.2016,Matara,H-Faq,1550.0,1475.0
18.10.2016,Hambantota,C-5,1950.0,1925.0
18.10.2016,Hambantota,C-4,1900.0,1890.0
18.10.2016,Hambantota,H-1,1650.0,1635.0
18.10.2016,Kalutara,M-4,1650.0,1650.0
18.10.2016,Monaragala,Gorosu,1400.0,1250.0
18.10.2016,Matara,C-4,1950.0,1892.0
18.10.2016,Kalutara,M-5,1750.0,1625.0
18.10.2016,Kalutara,H-1,1600.0,1600.0
18.10.2016,Kalutara,C-5,1950.0,1800.0
18.10.2016,Kalutara,C-4,1850.0,1700.0
18.10.2016,Ratnapura,C-5 Sp,1950.0,1933.0
18.10.2016,Ratnapura,C-5,1900.0,1893.0
18.10.2016,Ratnapura,C-4,1850.0,1840.0
18.10.2016,Ratnapura,M-5,1400.0,1366.0
18.10.2016,Ratnapura,M-4,1400.0,1366.0
18.10.2016,Ratnapura,H-1,1450.0,1416.0
18.10.2016,Ratnapura,H-2,1300.0,1233.0
18.10.2016,Badulla,Heen,1700.0,1250.0
18.10.2016,Badulla,Gorosu,1500.0,862.0
18.10.2016,Kurunegala,Heen,1200.0,1183.0
18.10.2016,Ratnapura,Alba,2200.0,2133.0
18.10.2016,Colombo,C-5 Sp,2100.0,2100.0
18.10.2016,Kurunegala,Gorosu,750.0,683.0
18.10.2016,Kalutara,Alba,2400.0,2200.0
18.10.2016,Gampaha,Gorosu,1200.0,1050.0
18.10.2016,Gampaha,C-4,1600.0,1375.0
18.10.2016,Kalutara,C-5 Sp,2100.0,2100.0
18.10.2016,Colombo,H-2,1600.0,1600.0
18.10.2016,Colombo,H-1,1700.0,1700.0
18.10.2016,Colombo,C-4,1900.0,1900.0
18.10.2016,Colombo,C-5,2000.0,2000.0
18.10.2016,Gampaha,C-5,1750.0,1700.0
25.10.2016,Kalutara,H-1,1300.0,1250.0
25.10.2016,Matara,C-5 Sp,2200.0,2050.0
25.10.2016,Kalutara,H-2,1100.0,1070.0
25.10.2016,Galle,Alba,2100.0,2090.0
25.10.2016,Galle,C-5 Sp,2040.0,2030.0
25.10.2016,Galle,C-5,2000.0,1990.0
25.10.2016,Galle,C-4,1950.0,1945.0
25.10.2016,Galle,H-1,1760.0,1755.0
25.10.2016,Galle,H-2,1750.0,1740.0
25.10.2016,Matara,Alba,2450.0,2350.0
25.10.2016,Matara,C-5,2000.0,1933.0
25.10.2016,Matara,H-2,1620.0,1593.0
25.10.2016,Matara,M-5,1900.0,1867.0
25.10.2016,Matara,M-4,1850.0,1817.0
25.10.2016,Matara,H-1,1750.0,1678.0
25.10.2016,Matara,H-Faq,1550.0,1470.0
25.10.2016,Hambantota,C-5,1950.0,1925.0
25.10.2016,Hambantota,C-4,1900.0,1890.0
25.10.2016,Hambantota,H-1,1650.0,1635.0
25.10.2016,Hambantota,Gorosu,1600.0,1600.0
25.10.2016,Monaragala,Gorosu,1500.0,1275.0
25.10.2016,Kalutara,M-4,1450.0,1385.0
25.10.2016,Matara,C-4,1950.0,1905.0
25.10.2016,Kalutara,M-5,1600.0,1570.0
25.10.2016,Kalutara,C-4,1750.0,1715.0
25.10.2016,Kalutara,C-5,1850.0,1820.0
25.10.2016,Ratnapura,Alba,2500.0,2333.0
25.10.2016,Ratnapura,C-5,1950.0,1916.0
25.10.2016,Ratnapura,C-4,1800.0,1733.0
25.10.2016,Ratnapura,M-5,1450.0,1416.0
25.10.2016,Ratnapura,M-4,1450.0,1416.0
25.10.2016,Ratnapura,H-1,1450.0,1450.0
25.10.2016,Ratnapura,H-2,1300.0,1266.0
25.10.2016,Badulla,C-4,1800.0,1750.0
25.10.2016,Badulla,Heen,1400.0,1125.0
25.10.2016,Badulla,Gorosu,1300.0,825.0
25.10.2016,Kurunegala,Heen,1250.0,1233.0
25.10.2016,Ratnapura,C-5 Sp,2000.0,1966.0
25.10.2016,Colombo,C-5 Sp,2000.0,2000.0
25.10.2016,Colombo,C-5,1900.0,1900.0
25.10.2016,Colombo,C-4,1850.0,1850.0
25.10.2016,Colombo,H-1,1600.0,1600.0
25.10.2016,Colombo,H-2,1550.0,1550.0
25.10.2016,Gampaha,C-5,1700.0,1700.0
25.10.2016,Gampaha,C-4,1400.0,1350.0
25.10.2016,Gampaha,Gorosu,1100.0,1050.0
25.10.2016,Kalutara,Alba,2100.0,2070.0
25.10.2016,Kalutara,C-5 Sp,1950.0,1930.0
25.10.2016,Kurunegala,Gorosu,800.0,767.0
01.11.2016,Matara,C-5 Sp,2150.0,2125.0
01.11.2016,Matara,Alba,2350.0,2317.0
01.11.2016,Galle,H-2,1750.0,1740.0
01.11.2016,Galle,C-5 Sp,2030.0,2010.0
01.11.2016,Galle,C-4,1950.0,1945.0
01.11.2016,Galle,C-5,2000.0,1990.0
01.11.2016,Matara,C-5,1950.0,1920.0
01.11.2016,Galle,H-1,1760.0,1755.0
01.11.2016,Matara,C-4,1900.0,1875.0
01.11.2016,Hambantota,C-5,1950.0,1925.0
01.11.2016,Matara,M-4,1810.0,1805.0
01.11.2016,Matara,H-1,1700.0,1675.0
01.11.2016,Matara,H-2,1680.0,1628.0
01.11.2016,Matara,H-Faq,1600.0,1567.0
01.11.2016,Hambantota,C-4,1900.0,1890.0
01.11.2016,Hambantota,H-1,1650.0,1635.0
01.11.2016,Hambantota,Gorosu,1600.0,1600.0
01.11.2016,Monaragala,Gorosu,1600.0,1300.0
01.11.2016,Galle,Alba,2100.0,2075.0
01.11.2016,Matara,M-5,1850.0,1838.0
01.11.2016,Kalutara,H-2,1200.0,1170.0
01.11.2016,Kalutara,H-1,1350.0,1300.0
01.11.2016,Kalutara,M-4,1500.0,1435.0
01.11.2016,Ratnapura,Alba,2100.0,2033.0
01.11.2016,Ratnapura,C-5 Sp,2000.0,1966.0
01.11.2016,Ratnapura,C-5,1950.0,1916.0
01.11.2016,Ratnapura,C-4,1750.0,1716.0
01.11.2016,Ratnapura,M-5,1450.0,1416.0
01.11.2016,Ratnapura,H-1,1400.0,1366.0
01.11.2016,Ratnapura,H-2,1300.0,1233.0
01.11.2016,Badulla,C-4,1800.0,1700.0
01.11.2016,Badulla,Heen,1300.0,1150.0
01.11.2016,Ratnapura,M-4,1450.0,1416.0
01.11.2016,Kurunegala,Heen,1300.0,1233.0
01.11.2016,Kurunegala,Gorosu,800.0,750.0
01.11.2016,Gampaha,C-4,1400.0,1300.0
01.11.2016,Gampaha,Gorosu,1100.0,1025.0
01.11.2016,Kalutara,Alba,2100.0,2070.0
01.11.2016,Kalutara,C-5 Sp,1950.0,1930.0
01.11.2016,Kalutara,C-5,1850.0,1830.0
01.11.2016,Kalutara,C-4,1750.0,1700.0
01.11.2016,Kalutara,M-5,1650.0,1600.0
01.11.2016,Badulla,Gorosu,800.0,633.0
08.11.2016,Galle,H-2,1750.0,1740.0
08.11.2016,Galle,H-1,1760.0,1750.0
08.11.2016,Galle,C-4,1950.0,1345.0
08.11.2016,Galle,C-5,2000.0,1990.0
08.11.2016,Monaragala,Gorosu,1400.0,1275.0
08.11.2016,Galle,Alba,2100.0,2075.0
08.11.2016,Kalutara,H-2,1200.0,1170.0
08.11.2016,Kalutara,H-1,1350.0,1300.0
08.11.2016,Matara,Alba,2450.0,2288.0
08.11.2016,Galle,C-5 Sp,2030.0,2025.0
08.11.2016,Matara,C-5 Sp,2250.0,2220.0
08.11.2016,Hambantota,H-1,1650.0,1635.0
08.11.2016,Matara,C-4,1990.0,1934.0
08.11.2016,Matara,M-5,1950.0,1950.0
08.11.2016,Matara,M-4,1850.0,1825.0
08.11.2016,Matara,H-1,1700.0,1640.0
08.11.2016,Matara,H-2,1620.0,1580.0
08.11.2016,Matara,H-Faq,1550.0,1533.0
08.11.2016,Hambantota,C-5,1950.0,1925.0
08.11.2016,Hambantota,C-4,1900.0,1890.0
08.11.2016,Kalutara,M-5,1600.0,1550.0
08.11.2016,Hambantota,Gorosu,1600.0,1600.0
08.11.2016,Matara,C-5,2200.0,2125.0
08.11.2016,Kalutara,C-4,1750.0,1685.0
08.11.2016,Kalutara,M-4,1500.0,1435.0
08.11.2016,Kalutara,C-5 Sp,1950.0,1930.0
08.11.2016,Ratnapura,Alba,2150.0,2133.0
08.11.2016,Ratnapura,C-5 Sp,1950.0,1933.0
08.11.2016,Ratnapura,C-5,1875.0,1850.0
08.11.2016,Ratnapura,C-4,1750.0,1700.0
08.11.2016,Ratnapura,M-5,1650.0,1600.0
08.11.2016,Ratnapura,M-4,1650.0,1600.0
08.11.2016,Ratnapura,H-1,1350.0,1316.0
08.11.2016,Ratnapura,H-2,1250.0,1216.0
08.11.2016,Badulla,M-4,1800.0,1800.0
08.11.2016,Badulla,Heen,1600.0,1238.0
08.11.2016,Badulla,Gorosu,900.0,667.0
08.11.2016,Kalutara,C-5,1850.0,1800.0
08.11.2016,Kurunegala,Gorosu,800.0,750.0
08.11.2016,Colombo,C-5 Sp,2200.0,2200.0
08.11.2016,Colombo,C-5,2100.0,2100.0
08.11.2016,Colombo,C-4,2050.0,2050.0
08.11.2016,Colombo,H-1,1750.0,1750.0
08.11.2016,Colombo,H-2,1700.0,1700.0
08.11.2016,Gampaha,C-5,1850.0,1850.0
08.11.2016,Gampaha,C-4,1500.0,1375.0
08.11.2016,Gampaha,Gorosu,1200.0,1125.0
08.11.2016,Kalutara,Alba,2100.0,2070.0
08.11.2016,Kurunegala,Heen,1350.0,1250.0
15.11.2016,Matara,Alba,2450.0,2300.0
15.11.2016,Galle,H-2,1760.0,1755.0
15.11.2016,Galle,H-1,1780.0,1775.0
15.11.2016,Galle,C-4,2010.0,2005.0
15.11.2016,Kalutara,H-1,1350.0,1285.0
15.11.2016,Galle,C-5 Sp,2100.0,2090.0
15.11.2016,Galle,Alba,2200.0,2175.0
15.11.2016,Kalutara,H-2,1200.0,1100.0
15.11.2016,Matara,C-5 Sp,2250.0,2100.0
15.11.2016,Galle,C-5,2040.0,2030.0
15.11.2016,Matara,C-5,1950.0,1943.0
15.11.2016,Matara,H-2,1620.0,1588.0
15.11.2016,Matara,M-5,1930.0,1865.0
15.11.2016,Matara,M-4,1850.0,1850.0
15.11.2016,Matara,H-1,1750.0,1682.0
15.11.2016,Matara,H-Faq,1500.0,1500.0
15.11.2016,Hambantota,C-5,1950.0,1925.0
15.11.2016,Hambantota,C-4,1900.0,1890.0
15.11.2016,Hambantota,H-1,1650.0,1635.0
15.11.2016,Hambantota,Gorosu,1600.0,1600.0
15.11.2016,Monaragala,Gorosu,1500.0,1350.0
15.11.2016,Kalutara,M-4,1500.0,1450.0
15.11.2016,Matara,C-4,1950.0,1913.0
15.11.2016,Kalutara,M-5,1650.0,1580.0
15.11.2016,Kalutara,C-4,1700.0,1685.0
15.11.2016,Kalutara,C-5,1850.0,1830.0
15.11.2016,Ratnapura,Alba,2150.0,2116.0
15.11.2016,Ratnapura,C-5 Sp,1950.0,1936.0
15.11.2016,Ratnapura,C-5,1880.0,1863.0
15.11.2016,Ratnapura,C-4,1700.0,1650.0
15.11.2016,Ratnapura,M-5,1450.0,1416.0
15.11.2016,Ratnapura,M-4,1450.0,1416.0
15.11.2016,Ratnapura,H-2,1300.0,1233.0
15.11.2016,Badulla,Heen,1250.0,1083.0
15.11.2016,Badulla,Gorosu,800.0,633.0
15.11.2016,Kurunegala,Heen,1300.0,1250.0
15.11.2016,Ratnapura,H-1,1400.0,1383.0
15.11.2016,Colombo,C-5 Sp,2100.0,2100.0
15.11.2016,Kurunegala,Gorosu,800.0,783.0
15.11.2016,Kalutara,Alba,2100.0,2070.0
15.11.2016,Gampaha,Gorosu,1100.0,1000.0
15.11.2016,Gampaha,C-4,1400.0,1300.0
15.11.2016,Gampaha,C-5,1800.0,1800.0
15.11.2016,Kalutara,C-5 Sp,1950.0,1935.0
15.11.2016,Colombo,H-1,1700.0,1700.0
15.11.2016,Colombo,C-4,2000.0,2000.0
15.11.2016,Colombo,C-5,2050.0,2050.0
15.11.2016,Colombo,H-2,1650.0,1650.0
22.11.2016,Matara,Alba,2450.0,2388.0
22.11.2016,Monaragala,Gorosu,1400.0,1325.0
22.11.2016,Kalutara,H-1,1200.0,1185.0
22.11.2016,Kalutara,H-2,1150.0,1135.0
22.11.2016,Galle,Alba,2200.0,2200.0
22.11.2016,Galle,C-5 Sp,2150.0,2145.0
22.11.2016,Galle,C-5,2070.0,2060.0
22.11.2016,Galle,C-4,1980.0,1965.0
22.11.2016,Galle,H-1,1800.0,1795.0
22.11.2016,Galle,H-2,1790.0,1785.0
22.11.2016,Matara,C-5 Sp,2300.0,2267.0
22.11.2016,Hambantota,Gorosu,1600.0,1600.0
22.11.2016,Matara,C-4,2000.0,1981.0
22.11.2016,Matara,M-5,1950.0,1927.0
22.11.2016,Matara,M-4,1920.0,1885.0
22.11.2016,Matara,H-1,1700.0,1680.0
22.11.2016,Matara,H-2,1650.0,1610.0
22.11.2016,Matara,H-Faq,1550.0,1525.0
22.11.2016,Hambantota,C-5,1950.0,1925.0
22.11.2016,Hambantota,C-4,1900.0,1890.0
22.11.2016,Hambantota,H-1,1650.0,1635.0
22.11.2016,Kalutara,M-4,1350.0,1335.0
22.11.2016,Matara,C-5,2250.0,2167.0
22.11.2016,Kalutara,M-5,1550.0,1500.0
22.11.2016,Kalutara,C-5 Sp,1950.0,1930.0
22.11.2016,Kalutara,C-5,1850.0,1800.0
22.11.2016,Ratnapura,C-5 Sp,1950.0,1933.0
22.11.2016,Ratnapura,C-5,1900.0,1866.0
22.11.2016,Ratnapura,C-4,1750.0,1733.0
22.11.2016,Ratnapura,M-5,1500.0,1483.0
22.11.2016,Ratnapura,M-4,1500.0,1483.0
22.11.2016,Ratnapura,H-1,1300.0,1283.0
22.11.2016,Ratnapura,H-2,1250.0,1216.0
22.11.2016,Badulla,Heen,1300.0,1100.0
22.11.2016,Badulla,Gorosu,800.0,600.0
22.11.2016,Kurunegala,Heen,1450.0,1383.0
22.11.2016,Ratnapura,Alba,2200.0,2150.0
22.11.2016,Colombo,C-5 Sp,2200.0,2200.0
22.11.2016,Kurunegala,Gorosu,850.0,810.0
22.11.2016,Kalutara,Alba,2100.0,2070.0
22.11.2016,Gampaha,Gorosu,1300.0,1175.0
22.11.2016,Gampaha,C-4,1600.0,1500.0
22.11.2016,Kalutara,C-4,1700.0,1665.0
22.11.2016,Colombo,H-2,1700.0,1700.0
22.11.2016,Colombo,H-1,1750.0,1750.0
22.11.2016,Colombo,C-4,2100.0,2100.0
22.11.2016,Colombo,C-5,2150.0,2150.0
22.11.2016,Gampaha,C-5,1800.0,1800.0
29.11.2016,Galle,Alba,2300.0,2200.0
29.11.2016,Galle,C-5 Sp,2150.0,2140.0
29.11.2016,Galle,C-5,2070.0,2060.0
29.11.2016,Galle,C-4,2000.0,1980.0
29.11.2016,Galle,H-1,1800.0,1790.0
29.11.2016,Galle,H-2,1790.0,1780.0
29.11.2016,Matara,Alba,3200.0,2538.0
29.11.2016,Matara,C-5 Sp,2500.0,2375.0
29.11.2016,Matara,C-5,2150.0,2125.0
29.11.2016,Matara,M-4,1900.0,1875.0
29.11.2016,Matara,M-5,1970.0,1960.0
29.11.2016,Matara,H-1,1750.0,1662.0
29.11.2016,Matara,H-2,1630.0,1615.0
29.11.2016,Hambantota,C-5,1950.0,1925.0
29.11.2016,Hambantota,C-4,1900.0,1890.0
29.11.2016,Hambantota,H-1,1650.0,1635.0
29.11.2016,Hambantota,Gorosu,1600.0,1600.0
29.11.2016,Monaragala,Gorosu,1300.0,1250.0
29.11.2016,Kalutara,H-2,1100.0,1070.0
29.11.2016,Matara,C-4,2010.0,1972.0
29.11.2016,Matara,H-Faq,1600.0,1500.0
29.11.2016,Kalutara,H-1,1350.0,1285.0
29.11.2016,Kalutara,M-5,1600.0,1520.0
29.11.2016,Kalutara,M-4,1500.0,1435.0
29.11.2016,Ratnapura,Alba,2150.0,2133.0
29.11.2016,Ratnapura,C-5 Sp,1950.0,1933.0
29.11.2016,Ratnapura,C-5,1850.0,1816.0
29.11.2016,Ratnapura,C-4,1750.0,1733.0
29.11.2016,Ratnapura,M-4,1500.0,1466.0
29.11.2016,Ratnapura,H-1,1350.0,1316.0
29.11.2016,Ratnapura,H-2,1250.0,1226.0
29.11.2016,Badulla,C-5,1900.0,1900.0
29.11.2016,Badulla,Heen,1600.0,1212.0
29.11.2016,Ratnapura,M-5,1500.0,1466.0
29.11.2016,Kurunegala,Heen,1450.0,1366.0
29.11.2016,Badulla,Gorosu,800.0,567.0
29.11.2016,Kalutara,C-5,1800.0,1785.0
29.11.2016,Kalutara,C-5 Sp,1950.0,1935.0
29.11.2016,Kalutara,Alba,2100.0,2070.0
29.11.2016,Kalutara,C-4,1750.0,1670.0
29.11.2016,Gampaha,M-4,1600.0,1475.0
29.11.2016,Gampaha,M-5,1900.0,1800.0
29.11.2016,Kurunegala,Gorosu,800.0,783.0
29.11.2016,Gampaha,Gorosu,1200.0,1150.0
06.12.2016,Matara,Alba,2450.0,2400.0
06.12.2016,Kalutara,H-1,1250.0,1200.0
06.12.2016,Kalutara,H-2,1100.0,1065.0
06.12.2016,Monaragala,Gorosu,1400.0,1325.0
06.12.2016,Galle,Alba,2300.0,2280.0
06.12.2016,Galle,C-5 Sp,2150.0,2140.0
06.12.2016,Galle,C-5,2100.0,2090.0
06.12.2016,Galle,C-4,2070.0,2065.0
06.12.2016,Galle,H-1,1800.0,1795.0
06.12.2016,Galle,H-2,1780.0,1775.0
06.12.2016,Matara,C-5 Sp,2250.0,2106.0
06.12.2016,Hambantota,Gorosu,1620.0,1610.0
06.12.2016,Matara,C-4,2000.0,1975.0
06.12.2016,Matara,M-5,1970.0,1935.0
06.12.2016,Matara,M-4,1850.0,1833.0
06.12.2016,Matara,H-1,1750.0,1696.0
06.12.2016,Matara,H-2,1630.0,1615.0
06.12.2016,Matara,H-Faq,1600.0,1512.0
06.12.2016,Hambantota,C-5,2000.0,1975.0
06.12.2016,Hambantota,C-4,1980.0,1980.0
06.12.2016,Hambantota,H-1,1650.0,1640.0
06.12.2016,Kalutara,M-4,1400.0,1335.0
06.12.2016,Matara,C-5,2100.0,2042.0
06.12.2016,Kalutara,M-5,1600.0,1520.0
06.12.2016,Gampaha,C-4,1700.0,1650.0
06.12.2016,Kalutara,C-5,1800.0,1770.0
06.12.2016,Kalutara,C-4,1700.0,1635.0
06.12.2016,Ratnapura,C-5 Sp,2050.0,2016.0
06.12.2016,Ratnapura,C-5,1950.0,1950.0
06.12.2016,Ratnapura,C-4,1900.0,1883.0
06.12.2016,Ratnapura,M-5,1750.0,1710.0
06.12.2016,Ratnapura,M-4,1750.0,1710.0
06.12.2016,Ratnapura,H-1,1550.0,1516.0
06.12.2016,Ratnapura,H-2,1300.0,1233.0
06.12.2016,Badulla,C-5,1900.0,1900.0
06.12.2016,Badulla,Heen,1600.0,1262.0
06.12.2016,Badulla,Gorosu,1300.0,775.0
06.12.2016,Ratnapura,Alba,2350.0,2316.0
06.12.2016,Kurunegala,Gorosu,850.0,767.0
06.12.2016,Colombo,C-5 Sp,2100.0,2100.0
06.12.2016,Colombo,C-5,2000.0,2000.0
06.12.2016,Colombo,C-4,1950.0,1950.0
06.12.2016,Colombo,H-1,1650.0,1650.0
06.12.2016,Colombo,H-2,1600.0,1600.0
06.12.2016,Gampaha,C-5,1900.0,1850.0
06.12.2016,Gampaha,Gorosu,1500.0,1175.0
06.12.2016,Kalutara,Alba,2100.0,2070.0
06.12.2016,Kalutara,C-5 Sp,1950.0,1935.0
06.12.2016,Kurunegala,Heen,1700.0,1533.0
14.12.2016,Matara,Alba,2500.0,2425.0
14.12.2016,Galle,H-2,1770.0,1760.0
14.12.2016,Galle,H-1,1790.0,1780.0
14.12.2016,Galle,Alba,2300.0,2280.0
14.12.2016,Galle,C-5,2100.0,2090.0
14.12.2016,Galle,C-5 Sp,2150.0,2140.0
14.12.2016,Matara,C-5 Sp,2350.0,2212.0
14.12.2016,Galle,C-4,2070.0,2060.0
14.12.2016,Matara,C-5,2200.0,2167.0
14.12.2016,Matara,H-Faq,1550.0,1483.0
14.12.2016,Matara,M-5,2050.0,2010.0
14.12.2016,Matara,M-4,2000.0,1933.0
14.12.2016,Matara,H-1,1800.0,1695.0
14.12.2016,Matara,H-2,1650.0,1617.0
14.12.2016,Hambantota,C-5,2000.0,1980.0
14.12.2016,Hambantota,C-4,1980.0,1970.0
14.12.2016,Hambantota,Gorosu,1620.0,1610.0
14.12.2016,Monaragala,Gorosu,1500.0,1400.0
14.12.2016,Kalutara,H-2,1100.0,1070.0
14.12.2016,Matara,C-4,2100.0,2050.0
14.12.2016,Kalutara,H-1,1350.0,1300.0
14.12.2016,Kalutara,M-4,1400.0,1370.0
14.12.2016,Kalutara,M-5,1550.0,1520.0
14.12.2016,Ratnapura,Alba,2300.0,2300.0
14.12.2016,Ratnapura,C-5 Sp,2000.0,1950.0
14.12.2016,Ratnapura,C-5,1950.0,1900.0
14.12.2016,Ratnapura,C-4,1800.0,1750.0
14.12.2016,Ratnapura,M-5,1600.0,1550.0
14.12.2016,Ratnapura,H-1,1550.0,1500.0
14.12.2016,Ratnapura,H-2,1300.0,1280.0
14.12.2016,Badulla,C-5,1800.0,1800.0
14.12.2016,Badulla,Heen,1600.0,1262.0
14.12.2016,Ratnapura,M-4,1600.0,1550.0
14.12.2016,Kurunegala,Heen,1500.0,1400.0
14.12.2016,Kurunegala,Gorosu,800.0,800.0
14.12.2016,Gampaha,C-5,2000.0,1900.0
14.12.2016,Gampaha,C-4,1700.0,1550.0
14.12.2016,Gampaha,Gorosu,1200.0,1125.0
14.12.2016,Kalutara,Alba,2100.0,2070.0
14.12.2016,Kalutara,C-5 Sp,1950.0,1935.0
14.12.2016,Kalutara,C-5,1800.0,1785.0
14.12.2016,Kalutara,C-4,1700.0,1670.0
14.12.2016,Badulla,Gorosu,1300.0,775.0
20.12.2016,Matara,Alba,2500.0,2433.0
20.12.2016,Galle,H-2,1670.0,1650.0
20.12.2016,Galle,H-1,1780.0,1750.0
20.12.2016,Galle,C-4,1920.0,1900.0
20.12.2016,Kalutara,H-1,1350.0,1285.0
20.12.2016,Galle,C-5 Sp,2160.0,2150.0
20.12.2016,Galle,Alba,2325.0,2300.0
20.12.2016,Kalutara,H-2,1100.0,1070.0
20.12.2016,Matara,C-5 Sp,2250.0,2225.0
20.12.2016,Galle,C-5,2000.0,1980.0
20.12.2016,Matara,C-5,2200.0,2113.0
20.12.2016,Hambantota,Gorosu,1620.0,1610.0
20.12.2016,Matara,M-5,2020.0,1985.0
20.12.2016,Matara,M-4,1950.0,1935.0
20.12.2016,Matara,H-1,1800.0,1688.0
20.12.2016,Matara,H-2,1610.0,1593.0
20.12.2016,Matara,H-Faq,1550.0,1475.0
20.12.2016,Hambantota,C-5,2050.0,2025.0
20.12.2016,Hambantota,C-4,2000.0,1990.0
20.12.2016,Hambantota,H-1,1650.0,1640.0
20.12.2016,Kalutara,M-4,1500.0,1435.0
20.12.2016,Monaragala,Gorosu,1400.0,1125.0
20.12.2016,Matara,C-4,2050.0,2025.0
20.12.2016,Kalutara,M-5,1600.0,1520.0
20.12.2016,Kalutara,C-5,1800.0,1785.0
20.12.2016,Ratnapura,Alba,2500.0,2500.0
20.12.2016,Kalutara,C-4,1700.0,1670.0
20.12.2016,Ratnapura,C-5 Sp,2150.0,2125.0
20.12.2016,Ratnapura,C-5,2000.0,2000.0
20.12.2016,Ratnapura,C-4,1950.0,1925.0
20.12.2016,Ratnapura,M-5,1600.0,1550.0
20.12.2016,Ratnapura,M-4,1600.0,1550.0
20.12.2016,Ratnapura,H-2,1300.0,1250.0
20.12.2016,Badulla,Heen,1350.0,1183.0
20.12.2016,Badulla,Gorosu,900.0,600.0
20.12.2016,Kurunegala,Heen,1500.0,1400.0
20.12.2016,Ratnapura,H-1,1500.0,1450.0
20.12.2016,Colombo,C-5 Sp,2150.0,2150.0
20.12.2016,Kurunegala,Gorosu,800.0,753.0
20.12.2016,Kalutara,Alba,2100.0,2100.0
20.12.2016,Gampaha,Gorosu,1100.0,1075.0
20.12.2016,Gampaha,C-4,1600.0,1475.0
20.12.2016,Gampaha,C-5,1900.0,1900.0
20.12.2016,Kalutara,C-5 Sp,1950.0,1935.0
20.12.2016,Colombo,H-1,1650.0,1650.0
20.12.2016,Colombo,C-4,2000.0,2000.0
20.12.2016,Colombo,C-5,2100.0,2100.0
20.12.2016,Colombo,H-2,1600.0,1600.0
27.12.2016,Matara,C-5,2050.0,2025.0
27.12.2016,Galle,Alba,2310.0,2300.0
27.12.2016,Galle,C-5 Sp,2160.0,2120.0
27.12.2016,Galle,C-5,2050.0,2040.0
27.12.2016,Galle,C-4,2020.0,2010.0
27.12.2016,Galle,H-1,1750.0,1745.0
27.12.2016,Galle,H-2,1720.0,1710.0
27.12.2016,Matara,Alba,2450.0,2400.0
27.12.2016,Matara,C-5 Sp,2200.0,2125.0
27.12.2016,Matara,C-4,2030.0,1990.0
27.12.2016,Kalutara,M-5,1550.0,1500.0
27.12.2016,Matara,M-4,1900.0,1875.0
27.12.2016,Matara,H-1,1700.0,1672.0
27.12.2016,Matara,H-2,1620.0,1606.0
27.12.2016,Matara,H-Faq,1550.0,1475.0
27.12.2016,Hambantota,C-5,2000.0,1975.0
27.12.2016,Hambantota,C-4,1960.0,1955.0
27.12.2016,Hambantota,H-1,1660.0,1655.0
27.12.2016,Hambantota,Gorosu,1600.0,1600.0
27.12.2016,Monaragala,Gorosu,1400.0,1300.0
27.12.2016,Matara,M-5,1900.0,1900.0
27.12.2016,Kalutara,H-2,1100.0,1070.0
27.12.2016,Gampaha,C-4,1700.0,1600.0
27.12.2016,Kalutara,M-4,1450.0,1385.0
27.12.2016,Ratnapura,Alba,2500.0,2500.0
27.12.2016,Ratnapura,C-5 Sp,2150.0,2130.0
27.12.2016,Ratnapura,C-5,2000.0,2000.0
27.12.2016,Ratnapura,C-4,1950.0,1925.0
27.12.2016,Ratnapura,M-5,1600.0,1540.0
27.12.2016,Ratnapura,M-4,1600.0,1540.0
27.12.2016,Kalutara,H-1,1350.0,1285.0
27.12.2016,Ratnapura,H-2,1300.0,1250.0
27.12.2016,Badulla,C-4,1600.0,1600.0
27.12.2016,Badulla,Heen,1400.0,1200.0
27.12.2016,Ratnapura,H-1,1500.0,1450.0
27.12.2016,Kurunegala,Heen,1500.0,1383.0
27.12.2016,Badulla,Gorosu,1200.0,750.0
27.12.2016,Kalutara,C-5,1800.0,1780.0
27.12.2016,Kalutara,C-5 Sp,1950.0,1935.0
27.12.2016,Kalutara,Alba,2100.0,2100.0
27.12.2016,Kalutara,C-4,1700.0,1670.0
27.12.2016,Gampaha,C-5,2000.0,1900.0
27.12.2016,Kurunegala,Gorosu,800.0,733.0
27.12.2016,Gampaha,Gorosu,1500.0,1300.0
03.01.2017,Matara,C-5,2200.0,2088.0
03.01.2017,Galle,C-5 Sp,2160.0,2150.0
03.01.2017,Galle,C-5,2100.0,2090.0
03.01.2017,Galle,C-4,2030.0,2020.0
03.01.2017,Galle,H-1,1770.0,1750.0
03.01.2017,Galle,H-2,1750.0,1730.0
03.01.2017,Matara,Alba,2500.0,2413.0
03.01.2017,Matara,C-5 Sp,2300.0,2217.0
03.01.2017,Matara,C-4,2050.0,1983.0
03.01.2017,Galle,Alba,2320.0,2300.0
03.01.2017,Matara,M-4,1900.0,1833.0
03.01.2017,Matara,H-1,1700.0,1668.0
03.01.2017,Matara,H-2,1700.0,1617.0
03.01.2017,Matara,H-Faq,1600.0,1500.0
03.01.2017,Hambantota,C-5,2100.0,2000.0
03.01.2017,Hambantota,C-4,2000.0,1950.0
03.01.2017,Hambantota,H-1,1650.0,1650.0
03.01.2017,Hambantota,Gorosu,1620.0,1600.0
03.01.2017,Monaragala,Gorosu,1400.0,1066.0
03.01.2017,Matara,M-5,2000.0,1917.0
03.01.2017,Kalutara,H-1,1350.0,1350.0
03.01.2017,Kalutara,H-2,1200.0,1135.0
03.01.2017,Kalutara,M-5,1600.0,1570.0
03.01.2017,Ratnapura,Alba,2500.0,2433.0
03.01.2017,Ratnapura,C-5 Sp,2100.0,2066.0
03.01.2017,Ratnapura,C-5,2000.0,1983.0
03.01.2017,Ratnapura,C-4,1900.0,1883.0
03.01.2017,Ratnapura,M-5,1600.0,1550.0
03.01.2017,Ratnapura,M-4,1600.0,1550.0
03.01.2017,Ratnapura,H-1,1350.0,1316.0
03.01.2017,Ratnapura,H-2,1300.0,1266.0
03.01.2017,Badulla,C-5,1900.0,1900.0
03.01.2017,Badulla,Heen,1600.0,1250.0
03.01.2017,Kalutara,M-4,1550.0,1500.0
03.01.2017,Kurunegala,Heen,1700.0,1567.0
03.01.2017,Kurunegala,Gorosu,800.0,800.0
03.01.2017,Gampaha,C-5,2000.0,2000.0
03.01.2017,Gampaha,C-4,1700.0,1550.0
03.01.2017,Gampaha,Gorosu,1400.0,1275.0
03.01.2017,Kalutara,Alba,2100.0,2100.0
03.01.2017,Kalutara,C-5 Sp,1950.0,1935.0
03.01.2017,Kalutara,C-5,1850.0,1820.0
03.01.2017,Kalutara,C-4,1750.0,1700.0
03.01.2017,Badulla,Gorosu,1400.0,850.0
10.01.2017,Matara,Alba,2500.0,2463.0
10.01.2017,Galle,H-2,1720.0,1700.0
10.01.2017,Galle,H-1,1780.0,1740.0
10.01.2017,Galle,C-4,1970.0,1950.0
10.01.2017,Kalutara,H-1,1350.0,1320.0
10.01.2017,Galle,Alba,2200.0,2175.0
10.01.2017,Kalutara,H-2,1200.0,1070.0
10.01.2017,Matara,C-5 Sp,2300.0,2283.0
10.01.2017,Galle,C-5,2050.0,2000.0
10.01.2017,Matara,C-5,2250.0,2110.0
10.01.2017,Matara,H-1,1800.0,1695.0
10.01.2017,Matara,M-5,2050.0,1983.0
10.01.2017,Matara,M-4,2000.0,1933.0
10.01.2017,Kalutara,M-4,1550.0,1515.0
10.01.2017,Matara,H-2,1650.0,1600.0
10.01.2017,Matara,H-Faq,1500.0,1450.0
10.01.2017,Hambantota,C-5,2050.0,2050.0
10.01.2017,Hambantota,C-4,2000.0,2000.0
10.01.2017,Hambantota,H-1,1650.0,1650.0
10.01.2017,Hambantota,Gorosu,1600.0,1600.0
10.01.2017,Monaragala,Gorosu,1500.0,1200.0
10.01.2017,Matara,C-4,2100.0,2040.0
10.01.2017,Kalutara,M-5,1600.0,1565.0
10.01.2017,Galle,C-5 Sp,2100.0,2090.0
10.01.2017,Ratnapura,Alba,2500.0,2466.0
10.01.2017,Kalutara,C-5,1850.0,1815.0
10.01.2017,Ratnapura,C-5 Sp,2200.0,2150.0
10.01.2017,Ratnapura,C-5,2000.0,1966.0
10.01.2017,Ratnapura,C-4,1950.0,1916.0
10.01.2017,Ratnapura,M-5,1600.0,1550.0
10.01.2017,Ratnapura,M-4,1600.0,1550.0
10.01.2017,Ratnapura,H-1,1350.0,1316.0
10.01.2017,Ratnapura,H-2,1250.0,1216.0
10.01.2017,Badulla,C-5,1700.0,1650.0
10.01.2017,Badulla,Heen,1400.0,1175.0
10.01.2017,Badulla,Gorosu,1200.0,825.0
10.01.2017,Kalutara,C-4,1750.0,1720.0
10.01.2017,Kurunegala,Gorosu,800.0,783.0
10.01.2017,Kurunegala,Heen,1500.0,1417.0
10.01.2017,Kalutara,Alba,2100.0,2100.0
10.01.2017,Gampaha,Gorosu,1500.0,1300.0
10.01.2017,Gampaha,C-4,1700.0,1575.0
10.01.2017,Gampaha,C-5,2000.0,1900.0
10.01.2017,Kalutara,C-5 Sp,1950.0,1920.0
10.01.2017,Colombo,H-1,1600.0,1600.0
10.01.2017,Colombo,C-4,1850.0,1850.0
10.01.2017,Colombo,C-5,1900.0,1900.0
10.01.2017,Colombo,C-5 Sp,2000.0,2000.0
10.01.2017,Colombo,H-2,1550.0,1550.0
17.01.2017,Matara,C-5 Sp,2300.0,2250.0
17.01.2017,Kalutara,H-2,1200.0,1135.0
17.01.2017,Galle,Alba,2200.0,2175.0
17.01.2017,Galle,C-5 Sp,2100.0,2090.0
17.01.2017,Galle,C-5,2030.0,2000.0
17.01.2017,Galle,C-4,1970.0,1950.0
17.01.2017,Galle,H-1,1780.0,1740.0
17.01.2017,Galle,H-2,1720.0,1700.0
17.01.2017,Matara,Alba,2500.0,2413.0
17.01.2017,Matara,C-5,2200.0,2125.0
17.01.2017,Matara,H-Faq,1550.0,1450.0
17.01.2017,Matara,M-5,2050.0,1967.0
17.01.2017,Matara,M-4,2000.0,1917.0
17.01.2017,Matara,H-1,1800.0,1700.0
17.01.2017,Matara,H-2,1650.0,1601.0
17.01.2017,Hambantota,C-5,2050.0,2050.0
17.01.2017,Hambantota,C-4,2000.0,2000.0
17.01.2017,Hambantota,H-1,1650.0,1650.0
17.01.2017,Hambantota,Gorosu,1600.0,1600.0
17.01.2017,Monaragala,Gorosu,1500.0,1275.0
17.01.2017,Matara,C-4,2080.0,2033.0
17.01.2017,Kalutara,H-1,1350.0,1320.0
17.01.2017,Kalutara,M-5,1600.0,1550.0
17.01.2017,Kalutara,C-4,1750.0,1720.0
17.01.2017,Kalutara,M-4,1450.0,1415.0
17.01.2017,Ratnapura,Alba,2500.0,2500.0
17.01.2017,Ratnapura,C-5 Sp,2350.0,2316.0
17.01.2017,Ratnapura,C-5,2250.0,2226.0
17.01.2017,Ratnapura,C-4,2100.0,2093.0
17.01.2017,Ratnapura,M-5,1700.0,1683.0
17.01.2017,Ratnapura,H-1,1650.0,1616.0
17.01.2017,Ratnapura,H-2,1500.0,1450.0
17.01.2017,Badulla,C-5,1800.0,1800.0
17.01.2017,Badulla,C-4,1600.0,1600.0
17.01.2017,Ratnapura,M-4,1700.0,1683.0
17.01.2017,Badulla,Gorosu,1200.0,825.0
17.01.2017,Badulla,Heen,1400.0,1175.0
17.01.2017,Kalutara,C-5 Sp,1950.0,1920.0
17.01.2017,Kalutara,Alba,2100.0,2100.0
17.01.2017,Gampaha,Gorosu,1400.0,1200.0
17.01.2017,Kalutara,C-5,1800.0,1800.0
17.01.2017,Gampaha,C-5,2000.0,1950.0
17.01.2017,Kurunegala,Gorosu,800.0,800.0
17.01.2017,Kurunegala,Heen,1750.0,1600.0
17.01.2017,Gampaha,C-4,1800.0,1650.0
24.01.2017,Matara,C-5 Sp,2300.0,2267.0
24.01.2017,Kalutara,H-2,1200.0,1170.0
24.01.2017,Galle,Alba,2150.0,2100.0
24.01.2017,Galle,C-5 Sp,2080.0,2050.0
24.01.2017,Galle,C-5,2030.0,2000.0
24.01.2017,Galle,C-4,1850.0,1840.0
24.01.2017,Galle,H-1,1660.0,1645.0
24.01.2017,Galle,H-2,1640.0,1635.0
24.01.2017,Matara,Alba,2500.0,2438.0
24.01.2017,Matara,C-5,2200.0,2140.0
24.01.2017,Monaragala,Gorosu,1500.0,1166.0
24.01.2017,Matara,M-5,2050.0,1993.0
24.01.2017,Matara,M-4,2000.0,1950.0
24.01.2017,Matara,H-1,1850.0,1708.0
24.01.2017,Matara,H-2,1630.0,1554.0
24.01.2017,Matara,H-Faq,1400.0,1300.0
24.01.2017,Hambantota,C-5,2050.0,2050.0
24.01.2017,Hambantota,C-4,2000.0,2000.0
24.01.2017,Hambantota,H-1,1650.0,1650.0
24.01.2017,Hambantota,Gorosu,1600.0,1600.0
24.01.2017,Matara,C-4,2100.0,2048.0
24.01.2017,Kalutara,M-4,1550.0,1515.0
24.01.2017,Kalutara,H-1,1350.0,1320.0
24.01.2017,Kalutara,C-4,1850.0,1820.0
24.01.2017,Kalutara,M-5,1600.0,1585.0
24.01.2017,Ratnapura,Alba,2500.0,2433.0
24.01.2017,Ratnapura,C-5 Sp,2200.0,2166.0
24.01.2017,Ratnapura,C-5,2060.0,2056.0
24.01.2017,Ratnapura,C-4,1900.0,1883.0
24.01.2017,Ratnapura,M-4,1690.0,1533.0
24.01.2017,Ratnapura,H-1,1616.0,1500.0
24.01.2017,Ratnapura,H-2,1300.0,1283.0
24.01.2017,Badulla,C-5,1800.0,1800.0
24.01.2017,Badulla,C-4,1600.0,1600.0
24.01.2017,Ratnapura,M-5,1690.0,1533.0
24.01.2017,Badulla,Gorosu,1200.0,850.0
24.01.2017,Badulla,Heen,1400.0,1175.0
24.01.2017,Kalutara,C-5 Sp,1950.0,1920.0
24.01.2017,Kalutara,Alba,2100.0,2100.0
24.01.2017,Gampaha,Gorosu,1400.0,1275.0
24.01.2017,Kalutara,C-5,1850.0,1815.0
24.01.2017,Gampaha,C-5,2000.0,1900.0
24.01.2017,Kurunegala,Gorosu,900.0,800.0
24.01.2017,Kurunegala,Heen,1800.0,1667.0
24.01.2017,Gampaha,C-4,1600.0,1525.0
31.01.2017,Matara,Alba,2500.0,2488.0
31.01.2017,Kalutara,M-4,1550.0,1515.0
31.01.2017,Kalutara,H-1,1350.0,1333.0
31.01.2017,Kalutara,H-2,1250.0,1220.0
31.01.2017,Galle,Alba,2150.0,2100.0
31.01.2017,Galle,C-5 Sp,2080.0,2050.0
31.01.2017,Monaragala,Gorosu,1500.0,1267.0
31.01.2017,Galle,C-4,1850.0,1840.0
31.01.2017,Galle,H-1,1650.0,1640.0
31.01.2017,Galle,H-2,1640.0,1630.0
31.01.2017,Matara,C-5 Sp,2350.0,2283.0
31.01.2017,Hambantota,Gorosu,1600.0,1600.0
31.01.2017,Matara,C-4,2100.0,2063.0
31.01.2017,Matara,M-5,2050.0,2000.0
31.01.2017,Matara,M-4,2000.0,1933.0
31.01.2017,Matara,H-1,1800.0,1690.0
31.01.2017,Matara,H-2,1600.0,1529.0
31.01.2017,Matara,H-Faq,1400.0,1250.0
31.01.2017,Hambantota,C-5,2100.0,2100.0
31.01.2017,Hambantota,C-4,2050.0,2050.0
31.01.2017,Hambantota,H-1,1600.0,1600.0
31.01.2017,Kalutara,M-5,1600.0,1585.0
31.01.2017,Matara,C-5,2250.0,2163.0
31.01.2017,Kalutara,C-4,1750.0,1720.0
31.01.2017,Galle,C-5,2030.0,2000.0
31.01.2017,Kalutara,C-5 Sp,1950.0,1920.0
31.01.2017,Ratnapura,Alba,2500.0,2450.0
31.01.2017,Ratnapura,C-5 Sp,2333.0,2300.0
31.01.2017,Ratnapura,C-5,2200.0,2166.0
31.01.2017,Ratnapura,C-4,2100.0,2033.0
31.01.2017,Ratnapura,M-5,1800.0,1733.0
31.01.2017,Ratnapura,M-4,1800.0,1733.0
31.01.2017,Ratnapura,H-1,1600.0,1533.0
31.01.2017,Ratnapura,H-2,1160.0,1150.0
31.01.2017,Badulla,C-5,1900.0,1900.0
31.01.2017,Badulla,Heen,1600.0,1200.0
31.01.2017,Badulla,Gorosu,1400.0,775.0
31.01.2017,Kalutara,C-5,1850.0,1815.0
31.01.2017,Kurunegala,Gorosu,800.0,750.0
31.01.2017,Colombo,C-5 Sp,2350.0,2350.0
31.01.2017,Colombo,C-5,2300.0,2300.0
31.01.2017,Colombo,C-4,2100.0,2100.0
31.01.2017,Colombo,H-1,1800.0,1800.0
31.01.2017,Colombo,H-2,1550.0,1550.0
31.01.2017,Gampaha,C-5,2000.0,1930.0
31.01.2017,Gampaha,C-4,1800.0,1675.0
31.01.2017,Gampaha,Gorosu,1500.0,1400.0
31.01.2017,Kalutara,Alba,2100.0,2100.0
31.01.2017,Kurunegala,Heen,1800.0,1667.0
07.02.2017,Matara,Alba,2500.0,2483.0
07.02.2017,Galle,H-2,1650.0,1600.0
07.02.2017,Galle,H-1,1700.0,1650.0
07.02.2017,Galle,C-4,1850.0,1840.0
07.02.2017,Kalutara,H-1,1450.0,1430.0
07.02.2017,Galle,C-5 Sp,2080.0,2050.0
07.02.2017,Galle,Alba,2150.0,2100.0
07.02.2017,Kalutara,H-2,1250.0,1220.0
07.02.2017,Matara,C-5 Sp,2400.0,2250.0
07.02.2017,Galle,C-5,2030.0,2000.0
07.02.2017,Matara,C-5,2300.0,2217.0
07.02.2017,Matara,H-2,1600.0,1557.0
07.02.2017,Matara,M-5,2033.0,2033.0
07.02.2017,Matara,M-4,2000.0,1967.0
07.02.2017,Matara,H-1,1800.0,1710.0
07.02.2017,Matara,H-Faq,1500.0,1275.0
07.02.2017,Hambantota,C-5,2100.0,2075.0
07.02.2017,Hambantota,C-4,2050.0,2035.0
07.02.2017,Hambantota,H-1,1620.0,1610.0
07.02.2017,Hambantota,Gorosu,1250.0,1235.0
07.02.2017,Monaragala,Gorosu,1500.0,1300.0
07.02.2017,Kalutara,M-4,1600.0,1550.0
07.02.2017,Matara,C-4,2100.0,2100.0
07.02.2017,Kalutara,M-5,1650.0,1620.0
07.02.2017,Kalutara,C-4,1800.0,1720.0
07.02.2017,Kalutara,C-5,1900.0,1850.0
07.02.2017,Ratnapura,C-5 Sp,2500.0,2450.0
07.02.2017,Ratnapura,C-5,2300.0,2200.0
07.02.2017,Ratnapura,C-4,2000.0,1966.0
07.02.2017,Ratnapura,M-5,1600.0,1500.0
07.02.2017,Ratnapura,M-4,1600.0,1500.0
07.02.2017,Ratnapura,H-1,1400.0,1333.0
07.02.2017,Ratnapura,H-2,1100.0,1066.0
07.02.2017,Badulla,C-5,1900.0,1900.0
07.02.2017,Badulla,Heen,1600.0,1175.0
07.02.2017,Badulla,Gorosu,1400.0,750.0
07.02.2017,Kurunegala,Heen,1800.0,1600.0
07.02.2017,Ratnapura,Alba,3500.0,3166.0
07.02.2017,Colombo,C-5 Sp,2500.0,2500.0
07.02.2017,Colombo,C-5,2250.0,2250.0
07.02.2017,Colombo,C-4,2100.0,2100.0
07.02.2017,Colombo,H-1,1750.0,1750.0
07.02.2017,Colombo,H-2,1600.0,1600.0
07.02.2017,Gampaha,C-5,2000.0,2000.0
07.02.2017,Gampaha,C-4,1700.0,1625.0
07.02.2017,Gampaha,Gorosu,1600.0,1425.0
07.02.2017,Kalutara,Alba,2100.0,2100.0
07.02.2017,Kalutara,C-5 Sp,2000.0,1985.0
07.02.2017,Kurunegala,Gorosu,800.0,750.0
14.02.2017,Matara,Alba,2500.0,2500.0
14.02.2017,Galle,H-2,1620.0,1600.0
14.02.2017,Galle,H-1,1700.0,1650.0
14.02.2017,Galle,C-4,2080.0,2000.0
14.02.2017,Kalutara,H-1,1450.0,1420.0
14.02.2017,Galle,C-5 Sp,2200.0,2150.0
14.02.2017,Galle,Alba,2600.0,2500.0
14.02.2017,Kalutara,H-2,1250.0,1220.0
14.02.2017,Matara,C-5 Sp,2350.0,2350.0
14.02.2017,Galle,C-5,2100.0,2100.0
14.02.2017,Matara,C-5,2300.0,2190.0
14.02.2017,Matara,H-2,1620.0,1564.0
14.02.2017,Matara,M-5,2050.0,2050.0
14.02.2017,Matara,M-4,2000.0,2000.0
14.02.2017,Matara,H-1,1800.0,1700.0
14.02.2017,Matara,H-Faq,1500.0,1333.0
14.02.2017,Hambantota,C-5,2100.0,2050.0
14.02.2017,Hambantota,C-4,2000.0,1975.0
14.02.2017,Hambantota,H-1,1650.0,1650.0
14.02.2017,Hambantota,Gorosu,1620.0,1610.0
14.02.2017,Monaragala,Gorosu,1200.0,1138.0
14.02.2017,Kalutara,M-4,1600.0,1500.0
14.02.2017,Matara,C-4,2100.0,2100.0
14.02.2017,Kalutara,M-5,1700.0,1630.0
14.02.2017,Kalutara,C-5,1950.0,1920.0
14.02.2017,Ratnapura,H-1,1600.0,1533.0
14.02.2017,Kalutara,C-4,1800.0,1750.0
14.02.2017,Ratnapura,Alba,3100.0,3033.0
14.02.2017,Ratnapura,C-5 Sp,2400.0,2366.0
14.02.2017,Ratnapura,C-5,2200.0,2133.0
14.02.2017,Ratnapura,C-4,2000.0,1966.0
14.02.2017,Ratnapura,M-5,1500.0,1466.0
14.02.2017,Ratnapura,M-4,1500.0,1466.0
14.02.2017,Ratnapura,H-2,1400.0,1383.0
14.02.2017,Badulla,C-5,1900.0,1900.0
14.02.2017,Badulla,Gorosu,1400.0,825.0
14.02.2017,Kurunegala,Heen,1700.0,1600.0
14.02.2017,Badulla,Heen,1600.0,1225.0
14.02.2017,Colombo,C-5 Sp,2300.0,2300.0
14.02.2017,Colombo,C-5,2200.0,2200.0
14.02.2017,Colombo,C-4,2100.0,2100.0
14.02.2017,Colombo,H-1,1700.0,1700.0
14.02.2017,Colombo,H-2,1650.0,1650.0
14.02.2017,Gampaha,C-5,1900.0,1850.0
14.02.2017,Gampaha,C-4,1700.0,1650.0
14.02.2017,Gampaha,Gorosu,1500.0,1500.0
14.02.2017,Kalutara,Alba,2150.0,2120.0
14.02.2017,Kalutara,C-5 Sp,2100.0,2035.0
14.02.2017,Kurunegala,Gorosu,800.0,766.0
21.02.2017,Galle,C-5,2150.0,2125.0
21.02.2017,Galle,H-2,1750.0,1720.0
21.02.2017,Galle,H-1,1950.0,1900.0
21.02.2017,Galle,C-4,2100.0,2090.0
21.02.2017,Galle,C-5 Sp,2200.0,2180.0
21.02.2017,Kalutara,C-5,1950.0,1920.0
21.02.2017,Kalutara,H-2,1250.0,1220.0
21.02.2017,Kalutara,H-1,1450.0,1420.0
21.02.2017,Kalutara,M-4,1600.0,1500.0
21.02.2017,Matara,Alba,2500.0,2467.0
21.02.2017,Galle,Alba,2600.0,2550.0
21.02.2017,Matara,C-5 Sp,2400.0,2300.0
21.02.2017,Monaragala,Gorosu,1200.0,1050.0
21.02.2017,Matara,C-4,2200.0,2083.0
21.02.2017,Matara,M-5,2100.0,2000.0
21.02.2017,Matara,M-4,2000.0,1925.0
21.02.2017,Matara,H-1,1900.0,1760.0
21.02.2017,Matara,H-2,1650.0,1583.0
21.02.2017,Matara,H-Faq,1500.0,1450.0
21.02.2017,Hambantota,C-5,2150.0,2125.0
21.02.2017,Hambantota,C-4,2100.0,2050.0
21.02.2017,Hambantota,H-1,1650.0,1650.0
21.02.2017,Hambantota,Gorosu,1630.0,1625.0
21.02.2017,Matara,C-5,2250.0,2183.0
21.02.2017,Kalutara,M-5,1700.0,1630.0
21.02.2017,Colombo,H-2,1600.0,1600.0
21.02.2017,Kalutara,C-5 Sp,2100.0,2035.0
21.02.2017,Ratnapura,Alba,3150.0,3050.0
21.02.2017,Ratnapura,C-5 Sp,2500.0,2450.0
21.02.2017,Ratnapura,C-5,2350.0,2300.0
21.02.2017,Ratnapura,C-4,2000.0,1933.0
21.02.2017,Ratnapura,M-5,1650.0,1616.0
21.02.2017,Ratnapura,M-4,1650.0,1616.0
21.02.2017,Kalutara,C-4,1800.0,1750.0
21.02.2017,Ratnapura,H-2,1100.0,1000.0
21.02.2017,Badulla,C-5,1900.0,1900.0
21.02.2017,Badulla,Heen,1600.0,1250.0
21.02.2017,Badulla,Gorosu,1400.0,850.0
21.02.2017,Ratnapura,H-1,1250.0,1150.0
21.02.2017,Kurunegala,Gorosu,800.0,717.0
21.02.2017,Kurunegala,Heen,1800.0,1500.0
21.02.2017,Gampaha,Gorosu,1500.0,1200.0
21.02.2017,Gampaha,C-4,1700.0,1650.0
21.02.2017,Gampaha,C-5,2000.0,1950.0
21.02.2017,Kalutara,Alba,2150.0,2120.0
21.02.2017,Colombo,H-1,1700.0,1700.0
21.02.2017,Colombo,C-4,2100.0,2100.0
21.02.2017,Colombo,C-5,2200.0,2200.0
21.02.2017,Colombo,C-5 Sp,2250.0,2250.0
28.02.2017,Monaragala,Gorosu,1500.0,1100.0
28.02.2017,Galle,Alba,2325.0,2300.0
28.02.2017,Galle,C-5 Sp,2225.0,2220.0
28.02.2017,Galle,C-5,2140.0,2120.0
28.02.2017,Galle,C-4,2100.0,2090.0
28.02.2017,Galle,H-1,1740.0,1735.0
28.02.2017,Galle,H-2,1725.0,1695.0
28.02.2017,Matara,Alba,2500.0,2467.0
28.02.2017,Matara,C-5 Sp,2400.0,2333.0
28.02.2017,Matara,C-5,2250.0,2183.0
28.02.2017,Kalutara,H-2,1250.0,1220.0
28.02.2017,Matara,M-5,2100.0,2000.0
28.02.2017,Matara,M-4,2000.0,1900.0
28.02.2017,Matara,H-1,1850.0,1740.0
28.02.2017,Matara,H-2,1620.0,1598.0
28.02.2017,Matara,H-Faq,1500.0,1433.0
28.02.2017,Hambantota,C-5,2150.0,2125.0
28.02.2017,Hambantota,C-4,2100.0,2050.0
28.02.2017,Hambantota,H-1,1650.0,1650.0
28.02.2017,Hambantota,Gorosu,1630.0,1625.0
28.02.2017,Matara,C-4,2150.0,2067.0
28.02.2017,Kalutara,H-1,1450.0,1420.0
28.02.2017,Kalutara,C-4,1800.0,1750.0
28.02.2017,Kalutara,M-5,1700.0,1630.0
28.02.2017,Ratnapura,Alba,2600.0,2533.0
28.02.2017,Ratnapura,C-5 Sp,2400.0,2375.0
28.02.2017,Ratnapura,C-5,2200.0,2183.0
28.02.2017,Ratnapura,C-4,2000.0,1983.0
28.02.2017,Ratnapura,M-5,1650.0,1616.0
28.02.2017,Ratnapura,M-4,1650.0,1616.0
28.02.2017,Ratnapura,H-1,1300.0,1283.0
28.02.2017,Ratnapura,H-2,1150.0,1130.0
28.02.2017,Badulla,C-5,1900.0,1900.0
28.02.2017,Kalutara,M-4,1600.0,1500.0
28.02.2017,Badulla,Gorosu,1500.0,875.0
28.02.2017,Kurunegala,Heen,2000.0,1700.0
28.02.2017,Kurunegala,Gorosu,900.0,833.0
28.02.2017,Gampaha,C-5,2000.0,2000.0
28.02.2017,Gampaha,C-4,1800.0,1675.0
28.02.2017,Gampaha,Gorosu,1500.0,1475.0
28.02.2017,Kalutara,Alba,2150.0,2120.0
28.02.2017,Kalutara,C-5 Sp,2100.0,2035.0
28.02.2017,Kalutara,C-5,1950.0,1920.0
28.02.2017,Badulla,Heen,1600.0,1225.0
07.03.2017,Matara,C-5 Sp,2350.0,2250.0
07.03.2017,Matara,Alba,2500.0,2500.0
07.03.2017,Galle,H-2,1700.0,1600.0
07.03.2017,Galle,C-5 Sp,2300.0,2280.0
07.03.2017,Galle,C-4,2100.0,2000.0
07.03.2017,Galle,C-5,2150.0,2130.0
07.03.2017,Matara,C-5,2250.0,2150.0
07.03.2017,Galle,H-1,1730.0,1690.0
07.03.2017,Matara,C-4,2100.0,2052.0
07.03.2017,Matara,H-Faq,1500.0,1500.0
07.03.2017,Matara,M-4,1950.0,1900.0
07.03.2017,Matara,H-1,1750.0,1717.0
07.03.2017,Matara,H-2,1600.0,1600.0
07.03.2017,Hambantota,C-5,2150.0,2150.0
07.03.2017,Hambantota,C-4,2100.0,2100.0
07.03.2017,Hambantota,H-1,1650.0,1650.0
07.03.2017,Hambantota,Gorosu,1600.0,1600.0
07.03.2017,Monaragala,Gorosu,1500.0,1333.0
07.03.2017,Galle,Alba,2350.0,2300.0
07.03.2017,Matara,M-5,2080.0,1990.0
07.03.2017,Kalutara,H-1,1450.0,1420.0
07.03.2017,Kalutara,H-2,1250.0,1220.0
07.03.2017,Kalutara,M-5,1700.0,1630.0
07.03.2017,Kalutara,M-4,1600.0,1500.0
07.03.2017,Ratnapura,Alba,2500.0,2450.0
07.03.2017,Ratnapura,C-5 Sp,2300.0,2233.0
07.03.2017,Ratnapura,C-5,2100.0,2066.0
07.03.2017,Ratnapura,C-4,2000.0,1966.0
07.03.2017,Ratnapura,M-5,1550.0,1516.0
07.03.2017,Ratnapura,H-1,1500.0,1366.0
07.03.2017,Ratnapura,H-2,1300.0,1183.0
07.03.2017,Badulla,C-5,1900.0,1850.0
07.03.2017,Badulla,Heen,1600.0,1600.0
07.03.2017,Ratnapura,M-4,1550.0,1516.0
07.03.2017,Kurunegala,Heen,2000.0,1667.0
07.03.2017,Kurunegala,Gorosu,800.0,783.0
07.03.2017,Gampaha,C-5,2000.0,2000.0
07.03.2017,Gampaha,C-4,1700.0,1640.0
07.03.2017,Gampaha,Gorosu,1500.0,1500.0
07.03.2017,Kalutara,Alba,2150.0,2120.0
07.03.2017,Kalutara,C-5 Sp,2100.0,2035.0
07.03.2017,Kalutara,C-5,1950.0,1920.0
07.03.2017,Kalutara,C-4,1800.0,1750.0
07.03.2017,Badulla,Gorosu,1400.0,1400.0
14.03.2017,Galle,H-2,1740.0,1730.0
14.03.2017,Galle,H-1,1750.0,1740.0
14.03.2017,Galle,C-4,2050.0,2000.0
14.03.2017,Galle,C-5,2100.0,2080.0
14.03.2017,Kalutara,M-4,1600.0,1500.0
14.03.2017,Galle,Alba,2350.0,2300.0
14.03.2017,Monaragala,Gorosu,1200.0,1175.0
14.03.2017,Kalutara,H-1,1450.0,1420.0
14.03.2017,Matara,Alba,2500.0,2500.0
14.03.2017,Galle,C-5 Sp,2250.0,2200.0
14.03.2017,Matara,C-5 Sp,2350.0,2317.0
14.03.2017,Hambantota,Gorosu,1600.0,1600.0
14.03.2017,Matara,C-4,2100.0,2100.0
14.03.2017,Matara,M-5,2080.0,2015.0
14.03.2017,Matara,M-4,1950.0,1925.0
14.03.2017,Matara,H-1,1750.0,1717.0
14.03.2017,Matara,H-2,1700.0,1625.0
14.03.2017,Matara,H-Faq,1500.0,1450.0
14.03.2017,Hambantota,C-5,2150.0,2150.0
14.03.2017,Hambantota,C-4,2100.0,2100.0
14.03.2017,Hambantota,H-1,1650.0,1650.0
14.03.2017,Kalutara,M-5,1700.0,1630.0
14.03.2017,Matara,C-5,2250.0,2217.0
14.03.2017,Kalutara,C-4,1800.0,1750.0
14.03.2017,Kalutara,H-2,1250.0,1220.0
14.03.2017,Kalutara,C-5 Sp,2100.0,2035.0
14.03.2017,Ratnapura,Alba,2500.0,2466.0
14.03.2017,Ratnapura,C-5 Sp,2250.0,2216.0
14.03.2017,Ratnapura,C-5,2150.0,2116.0
14.03.2017,Ratnapura,C-4,2000.0,1950.0
14.03.2017,Ratnapura,M-5,1450.0,1383.0
14.03.2017,Ratnapura,M-4,1450.0,1383.0
14.03.2017,Ratnapura,H-1,1200.0,1166.0
14.03.2017,Ratnapura,H-2,1000.0,950.0
14.03.2017,Badulla,C-5,2000.0,2000.0
14.03.2017,Badulla,Heen,1600.0,1600.0
14.03.2017,Badulla,Gorosu,1300.0,1300.0
14.03.2017,Kalutara,C-5,1950.0,1920.0
14.03.2017,Kurunegala,Gorosu,800.0,750.0
14.03.2017,Colombo,C-5 Sp,2400.0,2400.0
14.03.2017,Colombo,C-5,2200.0,2200.0
14.03.2017,Colombo,C-4,2100.0,2100.0
14.03.2017,Colombo,H-1,1700.0,1700.0
14.03.2017,Colombo,H-2,1600.0,1600.0
14.03.2017,Gampaha,C-5,2000.0,2000.0
14.03.2017,Gampaha,C-4,1800.0,1675.0
14.03.2017,Gampaha,Gorosu,1600.0,1500.0
14.03.2017,Kalutara,Alba,2150.0,2120.0
14.03.2017,Kurunegala,Heen,1900.0,1633.0
21.03.2017,Galle,H-2,1740.0,1730.0
21.03.2017,Galle,H-1,1760.0,1750.0
21.03.2017,Galle,C-4,2140.0,2120.0
21.03.2017,Galle,C-5,2180.0,2175.0
21.03.2017,Kalutara,M-4,1650.0,1600.0
21.03.2017,Galle,Alba,2350.0,2300.0
21.03.2017,Kalutara,H-2,1300.0,1300.0
21.03.2017,Kalutara,H-1,1450.0,1435.0
21.03.2017,Matara,Alba,2500.0,2400.0
21.03.2017,Galle,C-5 Sp,2250.0,2225.0
21.03.2017,Matara,C-5 Sp,2400.0,2350.0
21.03.2017,Matara,H-1,1800.0,1710.0
21.03.2017,Matara,C-4,2150.0,2133.0
21.03.2017,Matara,M-5,2100.0,2050.0
21.03.2017,Matara,M-4,2000.0,1900.0
21.03.2017,Matara,H-2,1600.0,1600.0
21.03.2017,Matara,H-Faq,1500.0,1475.0
21.03.2017,Hambantota,C-5,2150.0,2150.0
21.03.2017,Hambantota,C-4,2100.0,2100.0
21.03.2017,Hambantota,H-1,1650.0,1650.0
21.03.2017,Hambantota,Gorosu,1600.0,1600.0
21.03.2017,Kalutara,M-5,1700.0,1685.0
21.03.2017,Matara,C-5,2300.0,2275.0
21.03.2017,Monaragala,Gorosu,1500.0,1300.0
21.03.2017,Kalutara,C-4,1800.0,1780.0
21.03.2017,Kalutara,C-5 Sp,2200.0,2180.0
21.03.2017,Kalutara,C-5,2100.0,2035.0
21.03.2017,Ratnapura,Alba,2300.0,2250.0
21.03.2017,Ratnapura,C-5 Sp,2250.0,2216.0
21.03.2017,Ratnapura,C-5,2100.0,2100.0
21.03.2017,Ratnapura,C-4,2000.0,1966.0
21.03.2017,Ratnapura,M-5,1500.0,1466.0
21.03.2017,Ratnapura,H-1,1300.0,1250.0
21.03.2017,Ratnapura,H-2,1200.0,1150.0
21.03.2017,Badulla,C-5,2000.0,2000.0
21.03.2017,Badulla,Heen,2600.0,1916.0
21.03.2017,Badulla,Gorosu,1300.0,1016.0
21.03.2017,Ratnapura,M-4,1500.0,1466.0
21.03.2017,Kurunegala,Gorosu,900.0,800.0
21.03.2017,Kurunegala,Heen,2000.0,1700.0
21.03.2017,Gampaha,Gorosu,1500.0,1500.0
21.03.2017,Gampaha,C-4,1700.0,1625.0
21.03.2017,Gampaha,C-5,2000.0,2000.0
21.03.2017,Colombo,H-2,1600.0,1600.0
21.03.2017,Kalutara,Alba,2500.0,2480.0
21.03.2017,Colombo,C-4,2100.0,2100.0
21.03.2017,Colombo,C-5,2250.0,2250.0
21.03.2017,Colombo,C-5 Sp,2300.0,2300.0
21.03.2017,Colombo,H-1,1650.0,1650.0
28.03.2017,Matara,Alba,2520.0,2368.0
28.03.2017,Kalutara,M-4,1650.0,1600.0
28.03.2017,Kalutara,H-1,1450.0,1435.0
28.03.2017,Kalutara,H-2,1300.0,1300.0
28.03.2017,Galle,Alba,2350.0,2300.0
28.03.2017,Galle,C-5 Sp,2250.0,2240.0
28.03.2017,Galle,C-5,2180.0,2170.0
28.03.2017,Galle,C-4,2150.0,2140.0
28.03.2017,Galle,H-1,1760.0,1750.0
28.03.2017,Galle,H-2,1740.0,1735.0
28.03.2017,Matara,C-5 Sp,2400.0,2217.0
28.03.2017,Kalutara,M-5,1700.0,1685.0
28.03.2017,Matara,M-5,2100.0,1885.0
28.03.2017,Matara,M-4,2000.0,1825.0
28.03.2017,Matara,H-1,1800.0,1694.0
28.03.2017,Matara,H-2,1600.0,1590.0
28.03.2017,Matara,H-Faq,1500.0,1500.0
28.03.2017,Hambantota,C-5,2180.0,2165.0
28.03.2017,Hambantota,C-4,2150.0,2125.0
28.03.2017,Hambantota,H-1,1700.0,1675.0
28.03.2017,Hambantota,Gorosu,1650.0,1625.0
28.03.2017,Monaragala,Gorosu,1400.0,1250.0
28.03.2017,Matara,C-5,2200.0,2200.0
28.03.2017,Kalutara,C-4,1800.0,1780.0
28.03.2017,Matara,C-4,2150.0,2150.0
28.03.2017,Kalutara,C-5 Sp,2200.0,2180.0
28.03.2017,Ratnapura,Alba,3000.0,2700.0
28.03.2017,Ratnapura,C-5 Sp,2400.0,2316.0
28.03.2017,Ratnapura,C-5,2200.0,2183.0
28.03.2017,Ratnapura,C-4,2100.0,2083.0
28.03.2017,Ratnapura,M-5,1400.0,1300.0
28.03.2017,Ratnapura,M-4,1400.0,1300.0
28.03.2017,Ratnapura,H-2,1300.0,1166.0
28.03.2017,Badulla,Alba,3500.0,3500.0
28.03.2017,Badulla,Heen,1900.0,1566.0
28.03.2017,Kalutara,C-5,2100.0,2035.0
28.03.2017,Badulla,Gorosu,1300.0,1091.0
28.03.2017,Ratnapura,H-1,1600.0,1533.0
28.03.2017,Kurunegala,Gorosu,900.0,800.0
28.03.2017,Kurunegala,Heen,2000.0,1600.0
28.03.2017,Gampaha,Gorosu,1500.0,1500.0
28.03.2017,Gampaha,C-4,1700.0,1630.0
28.03.2017,Gampaha,C-5,2000.0,2000.0
28.03.2017,Colombo,H-2,1600.0,1600.0
28.03.2017,Kalutara,Alba,2500.0,2480.0
28.03.2017,Colombo,C-4,2100.0,2100.0
28.03.2017,Colombo,C-5,2200.0,2200.0
28.03.2017,Colombo,C-5 Sp,2300.0,2300.0
28.03.2017,Colombo,H-1,1700.0,1700.0
04.04.2017,Matara,Alba,2550.0,2433.0
04.04.2017,Kalutara,H-1,1500.0,1470.0
04.04.2017,Kalutara,H-2,1300.0,1300.0
04.04.2017,Galle,Alba,2750.0,2550.0
04.04.2017,Galle,C-5 Sp,2350.0,2325.0
04.04.2017,Galle,C-5,2180.0,2150.0
04.04.2017,Galle,C-4,2150.0,2140.0
04.04.2017,Galle,H-1,1760.0,1750.0
04.04.2017,Galle,H-2,1670.0,1650.0
04.04.2017,Galle,H-Faq,1540.0,1500.0
04.04.2017,Matara,C-5 Sp,2400.0,2267.0
04.04.2017,Monaragala,Gorosu,1200.0,1000.0
04.04.2017,Matara,C-4,2180.0,2140.0
04.04.2017,Matara,M-5,2150.0,1933.0
04.04.2017,Matara,M-4,2100.0,1950.0
04.04.2017,Matara,H-1,1800.0,1705.0
04.04.2017,Matara,H-2,1680.0,1604.0
04.04.2017,Matara,H-Faq,1550.0,1550.0
04.04.2017,Hambantota,C-5,2150.0,2145.0
04.04.2017,Hambantota,C-4,2100.0,2095.0
04.04.2017,Hambantota,H-1,1650.0,1650.0
04.04.2017,Hambantota,Gorosu,1620.0,1610.0
04.04.2017,Kalutara,M-4,1700.0,1650.0
04.04.2017,Matara,C-5,2250.0,2163.0
04.04.2017,Kalutara,M-5,1900.0,1870.0
04.04.2017,Kalutara,C-5,2150.0,2100.0
04.04.2017,Ratnapura,C-5 Sp,2500.0,2366.0
04.04.2017,Ratnapura,Alba,2600.0,2533.0
04.04.2017,Kalutara,C-4,2100.0,2070.0
04.04.2017,Ratnapura,C-5,2300.0,2216.0
04.04.2017,Ratnapura,C-4,2150.0,2116.0
04.04.2017,Ratnapura,M-5,1500.0,1450.0
04.04.2017,Ratnapura,M-4,1500.0,1450.0
04.04.2017,Ratnapura,H-1,1300.0,1266.0
04.04.2017,Badulla,C-5,2000.0,2000.0
04.04.2017,Badulla,Heen,1600.0,1400.0
04.04.2017,Badulla,Gorosu,1400.0,1058.0
04.04.2017,Kurunegala,Heen,2000.0,1566.0
04.04.2017,Ratnapura,H-2,1150.0,1116.0
04.04.2017,Colombo,C-5 Sp,2300.0,2300.0
04.04.2017,Kalutara,C-5 Sp,2300.0,2285.0
04.04.2017,Kurunegala,Gorosu,800.0,727.0
04.04.2017,Gampaha,Gorosu,1500.0,1500.0
04.04.2017,Gampaha,C-4,1800.0,1675.0
04.04.2017,Gampaha,C-5,2000.0,2000.0
04.04.2017,Kalutara,Alba,2500.0,2480.0
04.04.2017,Colombo,H-1,1800.0,1800.0
04.04.2017,Colombo,C-4,2200.0,2200.0
04.04.2017,Colombo,C-5,2250.0,2250.0
04.04.2017,Colombo,H-2,1700.0,1700.0
18.04.2017,Matara,C-5,2250.0,2250.0
18.04.2017,Galle,C-5,2180.0,2150.0
18.04.2017,Galle,C-4,2150.0,2140.0
18.04.2017,Galle,H-1,1760.0,1750.0
18.04.2017,Galle,H-2,1670.0,1650.0
18.04.2017,Galle,H-Faq,1520.0,1500.0
18.04.2017,Matara,Alba,2550.0,2550.0
18.04.2017,Matara,C-5 Sp,2400.0,2400.0
18.04.2017,Matara,C-4,2180.0,2180.0
18.04.2017,Galle,C-5 Sp,2350.0,2300.0
18.04.2017,Matara,M-4,2100.0,2100.0
18.04.2017,Matara,H-1,1800.0,1775.0
18.04.2017,Matara,H-2,1680.0,1595.0
18.04.2017,Matara,H-Faq,1550.0,1550.0
18.04.2017,Hambantota,C-5,2150.0,2145.0
18.04.2017,Hambantota,C-4,2100.0,2095.0
18.04.2017,Hambantota,H-1,1650.0,1650.0
18.04.2017,Hambantota,Gorosu,1620.0,1610.0
18.04.2017,Monaragala,Gorosu,1200.0,1000.0
18.04.2017,Matara,M-5,2150.0,2150.0
18.04.2017,Galle,Alba,2750.0,2500.0
18.04.2017,Kalutara,C-5,2150.0,2120.0
18.04.2017,Kalutara,H-1,1500.0,1470.0
18.04.2017,Badulla,Alba,3000.0,2750.0
18.04.2017,Badulla,Heen,1600.0,1400.0
18.04.2017,Badulla,Gorosu,1400.0,1133.0
18.04.2017,Kurunegala,Heen,1800.0,1650.0
18.04.2017,Kurunegala,Gorosu,800.0,725.0
18.04.2017,Colombo,C-5 Sp,2400.0,2400.0
18.04.2017,Colombo,C-5,2350.0,2350.0
18.04.2017,Colombo,C-4,2300.0,2300.0
18.04.2017,Colombo,H-1,1900.0,1900.0
18.04.2017,Kalutara,H-2,1300.0,1300.0
18.04.2017,Gampaha,C-5,2100.0,2025.0
18.04.2017,Gampaha,C-4,1800.0,1700.0
18.04.2017,Gampaha,Gorosu,1600.0,1550.0
18.04.2017,Kalutara,Alba,2500.0,2480.0
18.04.2017,Kalutara,C-5 Sp,2300.0,2285.0
18.04.2017,Kalutara,C-4,2100.0,2035.0
18.04.2017,Kalutara,M-5,1900.0,1870.0
18.04.2017,Kalutara,M-4,1700.0,1650.0
18.04.2017,Colombo,H-2,1800.0,1800.0
25.04.2017,Matara,Alba,2600.0,2575.0
25.04.2017,Galle,H-Faq,1520.0,1500.0
25.04.2017,Galle,H-2,1670.0,1650.0
25.04.2017,Galle,C-5 Sp,2350.0,2300.0
25.04.2017,Galle,C-4,2160.0,2150.0
25.04.2017,Galle,C-5,2180.0,2160.0
25.04.2017,Matara,C-5 Sp,2400.0,2367.0
25.04.2017,Galle,Alba,2750.0,2500.0
25.04.2017,Galle,H-1,1760.0,1750.0
25.04.2017,Matara,C-5,2250.0,2175.0
25.04.2017,Matara,H-1,1800.0,1740.0
25.04.2017,Matara,M-5,2150.0,2125.0
25.04.2017,Matara,M-4,2100.0,2050.0
25.04.2017,Matara,H-2,1680.0,1626.0
25.04.2017,Matara,H-Faq,1550.0,1525.0
25.04.2017,Hambantota,C-5,2200.0,2150.0
25.04.2017,Hambantota,C-4,2150.0,2100.0
25.04.2017,Hambantota,H-1,1700.0,1650.0
25.04.2017,Kalutara,H-2,1300.0,1300.0
25.04.2017,Monaragala,Gorosu,1200.0,1150.0
25.04.2017,Matara,C-4,2200.0,2183.0
25.04.2017,Hambantota,Gorosu,1610.0,1600.0
25.04.2017,Kalutara,M-4,1700.0,1650.0
25.04.2017,Kalutara,M-5,1900.0,1870.0
25.04.2017,Ratnapura,Alba,2600.0,2533.0
25.04.2017,Kalutara,H-1,1500.0,1470.0
25.04.2017,Ratnapura,C-5,2100.0,2100.0
25.04.2017,Ratnapura,C-4,2050.0,2016.0
25.04.2017,Ratnapura,M-5,1550.0,1516.0
25.04.2017,Ratnapura,M-4,1550.0,1516.0
25.04.2017,Ratnapura,H-1,1250.0,1216.0
25.04.2017,Ratnapura,H-2,1100.0,1066.0
25.04.2017,Badulla,Alba,3000.0,3000.0
25.04.2017,Badulla,Heen,2000.0,1650.0
25.04.2017,Ratnapura,C-5 Sp,2250.0,2216.0
25.04.2017,Kurunegala,Heen,1600.0,1267.0
25.04.2017,Badulla,Gorosu,1400.0,1200.0
25.04.2017,Kalutara,C-5,2150.0,2120.0
25.04.2017,Kalutara,C-5 Sp,2300.0,2285.0
25.04.2017,Kalutara,Alba,2500.0,2480.0
25.04.2017,Kalutara,C-4,2050.0,2020.0
25.04.2017,Gampaha,C-4,1700.0,1625.0
25.04.2017,Gampaha,C-5,2100.0,2025.0
25.04.2017,Kurunegala,Gorosu,700.0,600.0
25.04.2017,Gampaha,Gorosu,1500.0,1425.0
02.05.2017,Matara,C-4,2200.0,2150.0
02.05.2017,Galle,C-4,2200.0,2180.0
02.05.2017,Galle,H-1,1800.0,1750.0
02.05.2017,Galle,H-2,1740.0,1700.0
02.05.2017,Matara,Alba,2600.0,2500.0
02.05.2017,Matara,C-5 Sp,2500.0,2400.0
02.05.2017,Matara,C-5,2250.0,2250.0
02.05.2017,Matara,M-5,2150.0,2083.0
02.05.2017,Hambantota,C-5,2220.0,2210.0
02.05.2017,Matara,H-1,1850.0,1817.0
02.05.2017,Matara,H-2,1750.0,1675.0
02.05.2017,Matara,H-Faq,1600.0,1538.0
02.05.2017,Hambantota,C-4,2200.0,2200.0
02.05.2017,Hambantota,Gorosu,1650.0,1650.0
02.05.2017,Monaragala,Gorosu,1500.0,1175.0
02.05.2017,Galle,C-5,2250.0,2220.0
02.05.2017,Matara,M-4,2000.0,1900.0
02.05.2017,Galle,C-5 Sp,2350.0,2300.0
02.05.2017,Hambantota,H-1,1700.0,1700.0
02.05.2017,Kalutara,H-2,1300.0,1300.0
02.05.2017,Kurunegala,Heen,1800.0,1500.0
02.05.2017,Kurunegala,Gorosu,800.0,733.0
02.05.2017,Galle,Alba,2700.0,2625.0
02.05.2017,Colombo,C-5 Sp,2450.0,2450.0
02.05.2017,Colombo,C-4,2200.0,2200.0
02.05.2017,Colombo,H-1,1750.0,1750.0
02.05.2017,Colombo,H-2,1650.0,1650.0
02.05.2017,Gampaha,C-5,2000.0,2000.0
02.05.2017,Colombo,C-5,2300.0,2300.0
02.05.2017,Gampaha,Gorosu,1400.0,1325.0
02.05.2017,Kalutara,Alba,2500.0,2480.0
02.05.2017,Kalutara,C-5 Sp,2300.0,2285.0
02.05.2017,Kalutara,C-5,2150.0,2120.0
02.05.2017,Kalutara,C-4,2050.0,2020.0
02.05.2017,Kalutara,M-5,1900.0,1870.0
02.05.2017,Kalutara,M-4,1700.0,1650.0
02.05.2017,Kalutara,H-1,1500.0,1470.0
02.05.2017,Gampaha,C-4,1700.0,1600.0
08.05.2017,Matara,Alba,2600.0,2600.0
08.05.2017,Galle,H-2,1740.0,1700.0
08.05.2017,Galle,H-1,1800.0,1750.0
08.05.2017,Galle,C-4,2200.0,2180.0
08.05.2017,Kalutara,H-2,1300.0,1300.0
08.05.2017,Galle,C-5 Sp,2350.0,2300.0
08.05.2017,Galle,Alba,2760.0,2625.0
08.05.2017,Matara,C-5 Sp,2500.0,2483.0
08.05.2017,Galle,C-5,2250.0,2220.0
08.05.2017,Matara,C-5,2300.0,2283.0
08.05.2017,Hambantota,Gorosu,1650.0,1650.0
08.05.2017,Matara,M-5,2200.0,2167.0
08.05.2017,Matara,M-4,2150.0,2117.0
08.05.2017,Matara,H-1,2000.0,1933.0
08.05.2017,Matara,H-2,1850.0,1700.0
08.05.2017,Matara,H-Faq,1680.0,1545.0
08.05.2017,Hambantota,C-5,2220.0,2210.0
08.05.2017,Hambantota,C-4,2200.0,2200.0
08.05.2017,Hambantota,H-1,1700.0,1700.0
08.05.2017,Kalutara,H-1,1500.0,1470.0
08.05.2017,Monaragala,Gorosu,1500.0,1300.0
08.05.2017,Matara,C-4,2250.0,2223.0
08.05.2017,Kalutara,M-5,1900.0,1870.0
08.05.2017,Kalutara,M-4,1700.0,1650.0
08.05.2017,Kalutara,C-5,2150.0,2120.0
08.05.2017,Kalutara,C-4,2050.0,2020.0
08.05.2017,Ratnapura,C-5 Sp,2400.0,2366.0
08.05.2017,Ratnapura,C-5,2200.0,2183.0
08.05.2017,Ratnapura,C-4,1950.0,1900.0
08.05.2017,Ratnapura,M-5,1600.0,1533.0
08.05.2017,Ratnapura,M-4,1600.0,1533.0
08.05.2017,Ratnapura,H-1,1350.0,1316.0
08.05.2017,Ratnapura,H-2,1150.0,1116.0
08.05.2017,Badulla,Heen,2500.0,1675.0
08.05.2017,Badulla,Gorosu,1400.0,888.0
08.05.2017,Kurunegala,Heen,1700.0,1467.0
08.05.2017,Ratnapura,Alba,2600.0,2533.0
08.05.2017,Colombo,C-5 Sp,2400.0,2400.0
08.05.2017,Colombo,C-5,2300.0,2300.0
08.05.2017,Colombo,C-4,2250.0,2250.0
08.05.2017,Colombo,H-1,1700.0,1700.0
08.05.2017,Colombo,H-2,1600.0,1600.0
08.05.2017,Gampaha,C-5,2000.0,2000.0
08.05.2017,Gampaha,C-4,1600.0,1550.0
08.05.2017,Gampaha,Gorosu,1400.0,1300.0
08.05.2017,Kalutara,Alba,2500.0,2480.0
08.05.2017,Kalutara,C-5 Sp,2300.0,2285.0
08.05.2017,Kurunegala,Gorosu,800.0,767.0
16.05.2017,Galle,H-2,1780.0,1775.0
16.05.2017,Galle,H-1,1800.0,1790.0
16.05.2017,Galle,C-4,2190.0,2185.0
16.05.2017,Kalutara,H-1,1500.0,1465.0
16.05.2017,Galle,C-5 Sp,2350.0,2325.0
16.05.2017,Galle,Alba,2700.0,2675.0
16.05.2017,Kalutara,H-2,1300.0,1300.0
16.05.2017,Matara,Alba,2650.0,2517.0
16.05.2017,Galle,C-5,2250.0,2230.0
16.05.2017,Matara,C-5 Sp,2500.0,2475.0
16.05.2017,Matara,H-2,1750.0,1647.0
16.05.2017,Matara,C-4,2250.0,2240.0
16.05.2017,Matara,M-5,2150.0,2125.0
16.05.2017,Monaragala,Gorosu,1500.0,1200.0
16.05.2017,Matara,H-1,1900.0,1817.0
16.05.2017,Matara,H-Faq,1500.0,1500.0
16.05.2017,Hambantota,C-5,2220.0,2210.0
16.05.2017,Hambantota,C-4,2200.0,2200.0
16.05.2017,Hambantota,H-1,1700.0,1700.0
16.05.2017,Hambantota,Gorosu,1650.0,1650.0
16.05.2017,Kalutara,M-4,1700.0,1680.0
16.05.2017,Matara,C-5,2400.0,2350.0
16.05.2017,Kalutara,M-5,2000.0,1965.0
16.05.2017,Matara,M-4,2100.0,2050.0
16.05.2017,Kalutara,C-5,2300.0,2267.0
16.05.2017,Ratnapura,Alba,2600.0,2583.0
16.05.2017,Ratnapura,C-5 Sp,2500.0,2433.0
16.05.2017,Ratnapura,C-5,2250.0,2226.0
16.05.2017,Ratnapura,C-4,2100.0,2050.0
16.05.2017,Ratnapura,M-5,1600.0,1550.0
16.05.2017,Ratnapura,M-4,1600.0,1550.0
16.05.2017,Ratnapura,H-2,1250.0,1200.0
16.05.2017,Badulla,Heen,2000.0,1563.0
16.05.2017,Badulla,Gorosu,1500.0,913.0
16.05.2017,Kurunegala,Heen,1800.0,1500.0
16.05.2017,Ratnapura,H-1,1350.0,1330.0
16.05.2017,Colombo,C-5 Sp,2450.0,2450.0
16.05.2017,Kurunegala,Gorosu,800.0,683.0
16.05.2017,Kalutara,Alba,2700.0,2680.0
16.05.2017,Gampaha,Gorosu,1500.0,1500.0
16.05.2017,Gampaha,C-4,1700.0,1630.0
16.05.2017,Gampaha,C-5,2000.0,2000.0
16.05.2017,Kalutara,C-5 Sp,2500.0,2485.0
16.05.2017,Colombo,H-1,1700.0,1700.0
16.05.2017,Colombo,C-4,2200.0,2200.0
16.05.2017,Colombo,C-5,2350.0,2350.0
16.05.2017,Colombo,H-2,1600.0,1600.0
16.05.2017,Kalutara,C-4,2200.0,2167.0
23.05.2017,Matara,C-5 Sp,2450.0,2425.0
23.05.2017,Kalutara,H-1,1500.0,1465.0
23.05.2017,Kalutara,H-2,1300.0,1300.0
23.05.2017,Galle,Alba,2650.0,2625.0
23.05.2017,Galle,C-5 Sp,2450.0,2400.0
23.05.2017,Galle,C-5,2250.0,2230.0
23.05.2017,Galle,C-4,2200.0,2180.0
23.05.2017,Galle,H-1,1800.0,1750.0
23.05.2017,Galle,H-2,1780.0,1750.0
23.05.2017,Matara,Alba,2550.0,2533.0
23.05.2017,Monaragala,Gorosu,1500.0,1375.0
23.05.2017,Matara,M-5,2200.0,2175.0
23.05.2017,Matara,M-4,2150.0,2125.0
23.05.2017,Matara,H-1,1800.0,1783.0
23.05.2017,Matara,H-2,1750.0,1664.0
23.05.2017,Matara,H-Faq,1500.0,1500.0
23.05.2017,Hambantota,C-5,2250.0,2250.0
23.05.2017,Hambantota,C-4,2200.0,2200.0
23.05.2017,Hambantota,H-1,1700.0,1700.0
23.05.2017,Hambantota,Gorosu,1650.0,1650.0
23.05.2017,Kalutara,M-4,1700.0,1680.0
23.05.2017,Matara,C-4,2250.0,2240.0
23.05.2017,Kalutara,M-5,2000.0,1965.0
23.05.2017,Matara,C-5,2300.0,2300.0
23.05.2017,Kalutara,C-5,2300.0,2267.0
23.05.2017,Ratnapura,Alba,2800.0,2700.0
23.05.2017,Ratnapura,C-5 Sp,2500.0,2383.0
23.05.2017,Ratnapura,C-5,2300.0,2250.0
23.05.2017,Ratnapura,C-4,2100.0,2000.0
23.05.2017,Ratnapura,M-4,1600.0,1530.0
23.05.2017,Ratnapura,H-1,1400.0,1333.0
23.05.2017,Ratnapura,H-2,1350.0,1250.0
23.05.2017,Badulla,Heen,2000.0,1475.0
23.05.2017,Badulla,Gorosu,1300.0,950.0
23.05.2017,Kurunegala,Heen,1700.0,1383.0
23.05.2017,Ratnapura,M-5,1700.0,1650.0
23.05.2017,Colombo,C-5 Sp,2400.0,2400.0
23.05.2017,Kurunegala,Gorosu,800.0,647.0
23.05.2017,Kalutara,C-5 Sp,2500.0,2485.0
23.05.2017,Kalutara,Alba,2700.0,2680.0
23.05.2017,Gampaha,Gorosu,1400.0,1250.0
23.05.2017,Gampaha,C-4,1600.0,1550.0
23.05.2017,Kalutara,C-4,2200.0,2167.0
23.05.2017,Gampaha,C-5,1950.0,1900.0
23.05.2017,Colombo,H-2,1600.0,1600.0
23.05.2017,Colombo,H-1,1650.0,1650.0
23.05.2017,Colombo,C-4,2250.0,2250.0
23.05.2017,Colombo,C-5,2300.0,2300.0
30.05.2017,Kalutara,H-2,1300.0,1300.0
30.05.2017,Galle,Alba,2650.0,2625.0
30.05.2017,Galle,C-5 Sp,2450.0,2400.0
30.05.2017,Galle,C-5,2350.0,2330.0
30.05.2017,Galle,C-4,2300.0,2275.0
30.05.2017,Hambantota,C-5,2250.0,2250.0
30.05.2017,Galle,H-2,1780.0,1775.0
30.05.2017,Kalutara,H-1,1500.0,1450.0
30.05.2017,Hambantota,C-4,2200.0,2200.0
30.05.2017,Hambantota,H-1,1700.0,1700.0
30.05.2017,Monaragala,Gorosu,1500.0,1350.0
30.05.2017,Galle,H-1,1800.0,1790.0
30.05.2017,Hambantota,Gorosu,1650.0,1650.0
30.05.2017,Kalutara,M-4,1700.0,1675.0
30.05.2017,Kalutara,C-4,2200.0,2150.0
30.05.2017,Kalutara,C-5,2300.0,2250.0
30.05.2017,Kalutara,C-5 Sp,2500.0,2475.0
30.05.2017,Kalutara,Alba,2700.0,2675.0
30.05.2017,Gampaha,Gorosu,1500.0,1500.0
30.05.2017,Gampaha,C-4,1700.0,1665.0
30.05.2017,Gampaha,C-5,2000.0,2000.0
30.05.2017,Kurunegala,Gorosu,800.0,667.0
30.05.2017,Kurunegala,Heen,1500.0,1233.0
30.05.2017,Badulla,Gorosu,1300.0,900.0
30.05.2017,Badulla,Heen,2000.0,1425.0
30.05.2017,Kalutara,M-5,2000.0,1950.0
06.06.2017,Matara,Alba,2620.0,2610.0
06.06.2017,Galle,H-2,1800.0,1780.0
06.06.2017,Galle,H-1,1850.0,1825.0
06.06.2017,Galle,C-4,2320.0,2300.0
06.06.2017,Kalutara,H-1,1500.0,1465.0
06.06.2017,Galle,C-5 Sp,2440.0,2400.0
06.06.2017,Galle,Alba,2650.0,2625.0
06.06.2017,Kalutara,H-2,1300.0,1300.0
06.06.2017,Matara,C-5 Sp,2450.0,2450.0
06.06.2017,Galle,C-5,2360.0,2330.0
06.06.2017,Matara,C-5,2350.0,2350.0
06.06.2017,Matara,H-Faq,1600.0,1600.0
06.06.2017,Matara,M-5,2200.0,2200.0
06.06.2017,Matara,M-4,2050.0,2050.0
06.06.2017,Matara,H-1,2000.0,1868.0
06.06.2017,Matara,H-2,1900.0,1762.0
06.06.2017,Hambantota,C-5,2260.0,2255.0
06.06.2017,Hambantota,C-4,2200.0,2200.0
06.06.2017,Hambantota,H-1,1700.0,1700.0
06.06.2017,Hambantota,Gorosu,1680.0,1665.0
06.06.2017,Monaragala,Gorosu,1500.0,1180.0
06.06.2017,Kalutara,M-4,1700.0,1680.0
06.06.2017,Matara,C-4,2250.0,2250.0
06.06.2017,Kalutara,M-5,2000.0,1965.0
06.06.2017,Ratnapura,H-1,1650.0,1620.0
06.06.2017,Kalutara,C-5,2300.0,2267.0
06.06.2017,Ratnapura,Alba,3000.0,2950.0
06.06.2017,Ratnapura,C-5,2400.0,2366.0
06.06.2017,Ratnapura,C-4,2250.0,2230.0
06.06.2017,Ratnapura,M-5,1850.0,1826.0
06.06.2017,Ratnapura,M-4,1850.0,1826.0
06.06.2017,Kalutara,C-4,2200.0,2167.0
06.06.2017,Ratnapura,H-2,1550.0,1523.0
06.06.2017,Badulla,Heen,2000.0,1525.0
06.06.2017,Badulla,Gorosu,1400.0,950.0
06.06.2017,Kurunegala,Heen,1500.0,1333.0
06.06.2017,Ratnapura,C-5 Sp,2500.0,2466.0
06.06.2017,Colombo,C-5 Sp,2400.0,2400.0
06.06.2017,Colombo,C-5,2350.0,2350.0
06.06.2017,Colombo,C-4,2275.0,2275.0
06.06.2017,Colombo,H-1,1650.0,1650.0
06.06.2017,Colombo,H-2,1600.0,1600.0
06.06.2017,Gampaha,C-5,1900.0,1900.0
06.06.2017,Gampaha,C-4,1600.0,1525.0
06.06.2017,Gampaha,Gorosu,1300.0,1250.0
06.06.2017,Kalutara,Alba,2700.0,2680.0
06.06.2017,Kalutara,C-5 Sp,2500.0,2485.0
06.06.2017,Kurunegala,Gorosu,800.0,733.0
13.06.2017,Matara,C-5 Sp,2500.0,2490.0
13.06.2017,Matara,Alba,2650.0,2593.0
13.06.2017,Galle,H-2,1770.0,1760.0
13.06.2017,Galle,C-5 Sp,2440.0,2400.0
13.06.2017,Galle,C-4,2320.0,2300.0
13.06.2017,Galle,C-5,2360.0,2330.0
13.06.2017,Matara,C-5,2400.0,2325.0
13.06.2017,Galle,H-1,1800.0,1790.0
13.06.2017,Matara,C-4,2270.0,2230.0
13.06.2017,Hambantota,C-5,2300.0,2275.0
13.06.2017,Matara,M-4,2150.0,2125.0
13.06.2017,Matara,H-1,2000.0,1850.0
13.06.2017,Matara,H-2,1750.0,1713.0
13.06.2017,Matara,H-Faq,1600.0,1567.0
13.06.2017,Hambantota,C-4,2250.0,2225.0
13.06.2017,Hambantota,H-1,1800.0,1775.0
13.06.2017,Hambantota,Gorosu,1750.0,1725.0
13.06.2017,Monaragala,Gorosu,1500.0,1280.0
13.06.2017,Galle,Alba,2650.0,2625.0
13.06.2017,Matara,M-5,2240.0,2195.0
13.06.2017,Kalutara,H-2,1300.0,1300.0
13.06.2017,Kalutara,M-4,1700.0,1680.0
13.06.2017,Ratnapura,Alba,2550.0,2525.0
13.06.2017,Kalutara,H-1,1500.0,1465.0
13.06.2017,Ratnapura,C-5 Sp,2500.0,2312.0
13.06.2017,Ratnapura,C-5,2300.0,2237.0
13.06.2017,Ratnapura,C-4,2200.0,2150.0
13.06.2017,Ratnapura,M-5,1800.0,1600.0
13.06.2017,Ratnapura,M-4,1800.0,1600.0
13.06.2017,Ratnapura,H-2,1500.0,1500.0
13.06.2017,Badulla,Heen,2000.0,1525.0
13.06.2017,Badulla,Gorosu,1200.0,962.0
13.06.2017,Ratnapura,H-1,1600.0,1562.0
13.06.2017,Kurunegala,Gorosu,700.0,617.0
13.06.2017,Kurunegala,Heen,1500.0,1300.0
13.06.2017,Kalutara,C-4,2200.0,2167.0
13.06.2017,Kalutara,C-5,2300.0,2267.0
13.06.2017,Kalutara,C-5 Sp,2500.0,2485.0
13.06.2017,Kalutara,M-5,2000.0,1965.0
13.06.2017,Gampaha,Gorosu,1300.0,1250.0
13.06.2017,Gampaha,C-4,1600.0,1525.0
13.06.2017,Gampaha,C-5,1900.0,1900.0
13.06.2017,Kalutara,Alba,2700.0,2680.0
20.06.2017,Matara,C-5,2400.0,2400.0
20.06.2017,Galle,C-5 Sp,2440.0,2400.0
20.06.2017,Galle,C-5,2360.0,2330.0
20.06.2017,Galle,C-4,2320.0,2300.0
20.06.2017,Galle,H-1,1800.0,1790.0
20.06.2017,Galle,H-2,1770.0,1760.0
20.06.2017,Matara,Alba,2650.0,2593.0
20.06.2017,Matara,C-5 Sp,2550.0,2515.0
20.06.2017,Matara,C-4,2300.0,2285.0
20.06.2017,Galle,Alba,2650.0,2625.0
20.06.2017,Matara,M-4,2200.0,2175.0
20.06.2017,Matara,H-1,2000.0,1847.0
20.06.2017,Matara,H-2,1750.0,1740.0
20.06.2017,Matara,H-Faq,1600.0,1562.0
20.06.2017,Hambantota,C-5,2300.0,2275.0
20.06.2017,Hambantota,C-4,2250.0,2225.0
20.06.2017,Hambantota,H-1,1770.0,1760.0
20.06.2017,Hambantota,Gorosu,1750.0,1725.0
20.06.2017,Monaragala,Gorosu,1500.0,1300.0
20.06.2017,Matara,M-5,2250.0,2245.0
20.06.2017,Kalutara,H-2,1400.0,1370.0
20.06.2017,Kalutara,M-5,2200.0,2167.0
20.06.2017,Kalutara,M-4,1900.0,1870.0
20.06.2017,Ratnapura,C-5 Sp,2600.0,2500.0
20.06.2017,Ratnapura,C-5,2500.0,2400.0
20.06.2017,Ratnapura,C-4,2250.0,2216.0
20.06.2017,Ratnapura,M-5,2000.0,1900.0
20.06.2017,Ratnapura,M-4,2000.0,1900.0
20.06.2017,Ratnapura,H-1,1700.0,1666.0
20.06.2017,Ratnapura,H-2,1600.0,1466.0
20.06.2017,Badulla,Heen,2000.0,1525.0
20.06.2017,Badulla,Gorosu,1400.0,1000.0
20.06.2017,Ratnapura,Alba,3000.0,2933.0
20.06.2017,Kurunegala,Gorosu,700.0,600.0
20.06.2017,Kurunegala,Heen,1500.0,1233.0
20.06.2017,Kalutara,C-4,2300.0,2285.0
20.06.2017,Kalutara,C-5,2400.0,2380.0
20.06.2017,Kalutara,C-5 Sp,2600.0,2585.0
20.06.2017,Kalutara,H-1,1600.0,1585.0
20.06.2017,Gampaha,Gorosu,1600.0,1530.0
20.06.2017,Gampaha,C-4,1800.0,1700.0
20.06.2017,Gampaha,C-5,2000.0,2000.0
20.06.2017,Kalutara,Alba,2800.0,2770.0
27.06.2017,Galle,Alba,2650.0,2625.0
27.06.2017,Galle,C-5 Sp,2440.0,2420.0
27.06.2017,Galle,C-5,2360.0,2355.0
27.06.2017,Galle,C-4,2320.0,2310.0
27.06.2017,Galle,H-1,1865.0,1840.0
27.06.2017,Galle,H-2,1850.0,1825.0
27.06.2017,Matara,Alba,2700.0,2617.0
27.06.2017,Matara,C-5 Sp,2500.0,2467.0
27.06.2017,Matara,C-5,2400.0,2312.0
27.06.2017,Matara,M-5,2250.0,2173.0
27.06.2017,Matara,M-4,2200.0,2067.0
27.06.2017,Matara,H-1,1900.0,1830.0
27.06.2017,Matara,H-Faq,1650.0,1590.0
27.06.2017,Hambantota,C-5,2250.0,2250.0
27.06.2017,Hambantota,C-4,2200.0,2200.0
27.06.2017,Hambantota,H-1,1800.0,1775.0
27.06.2017,Hambantota,Gorosu,1750.0,1725.0
27.06.2017,Kalutara,H-2,1400.0,1370.0
27.06.2017,Monaragala,Gorosu,1500.0,1300.0
27.06.2017,Matara,C-4,2350.0,2262.0
27.06.2017,Matara,H-2,1800.0,1733.0
27.06.2017,Kalutara,M-4,1900.0,1870.0
27.06.2017,Kalutara,M-5,2200.0,2167.0
27.06.2017,Kalutara,H-1,1600.0,1585.0
27.06.2017,Ratnapura,Alba,2650.0,2616.0
27.06.2017,Ratnapura,C-5 Sp,2400.0,2383.0
27.06.2017,Ratnapura,C-5,2300.0,2290.0
27.06.2017,Ratnapura,C-4,2150.0,2116.0
27.06.2017,Ratnapura,M-5,1650.0,1633.0
27.06.2017,Ratnapura,H-1,1550.0,1516.0
27.06.2017,Ratnapura,H-2,1250.0,1216.0
27.06.2017,Badulla,Heen,2200.0,1600.0
27.06.2017,Ratnapura,M-4,1650.0,1633.0
27.06.2017,Kurunegala,Heen,1500.0,1317.0
27.06.2017,Badulla,Gorosu,1400.0,975.0
27.06.2017,Kalutara,C-5,2400.0,2380.0
27.06.2017,Kalutara,C-5 Sp,2600.0,2585.0
27.06.2017,Kalutara,Alba,2800.0,2770.0
27.06.2017,Kalutara,C-4,2300.0,2285.0
27.06.2017,Gampaha,C-4,1800.0,1600.0
27.06.2017,Gampaha,C-5,2000.0,2000.0
27.06.2017,Kurunegala,Gorosu,800.0,750.0
27.06.2017,Gampaha,Gorosu,1500.0,1350.0
04.07.2017,Matara,C-5 Sp,2550.0,2433.0
04.07.2017,Galle,Alba,2630.0,2615.0
04.07.2017,Galle,C-5 Sp,2400.0,2350.0
04.07.2017,Galle,C-5,2320.0,2300.0
04.07.2017,Hambantota,Gorosu,1800.0,1750.0
04.07.2017,Galle,H-1,1820.0,1810.0
04.07.2017,Galle,H-2,1750.0,1740.0
04.07.2017,Matara,Alba,2700.0,2617.0
04.07.2017,Matara,C-5,2400.0,2293.0
04.07.2017,Kalutara,H-2,1400.0,1370.0
04.07.2017,Matara,M-5,2220.0,2210.0
04.07.2017,Matara,M-4,2150.0,2025.0
04.07.2017,Matara,H-1,2000.0,1875.0
04.07.2017,Matara,H-2,1850.0,1721.0
04.07.2017,Matara,H-Faq,1750.0,1638.0
04.07.2017,Hambantota,C-5,2300.0,2275.0
04.07.2017,Hambantota,C-4,2250.0,2250.0
04.07.2017,Hambantota,H-1,1800.0,1800.0
04.07.2017,Matara,C-4,2280.0,2243.0
04.07.2017,Kalutara,H-1,1600.0,1585.0
04.07.2017,Galle,C-4,2250.0,2240.0
04.07.2017,Kalutara,M-5,2200.0,2167.0
04.07.2017,Ratnapura,Alba,2400.0,2366.0
04.07.2017,Ratnapura,C-5 Sp,2250.0,2250.0
04.07.2017,Ratnapura,C-5,2200.0,2165.0
04.07.2017,Ratnapura,C-4,2050.0,2020.0
04.07.2017,Ratnapura,M-5,1800.0,1783.0
04.07.2017,Ratnapura,M-4,1800.0,1783.0
04.07.2017,Ratnapura,H-1,1350.0,1340.0
04.07.2017,Ratnapura,H-2,1100.0,1000.0
04.07.2017,Badulla,Heen,2000.0,1525.0
04.07.2017,Kalutara,M-4,1900.0,1810.0
04.07.2017,Kurunegala,Heen,1300.0,1233.0
04.07.2017,Kurunegala,Gorosu,800.0,700.0
04.07.2017,Gampaha,C-5,2000.0,2000.0
04.07.2017,Gampaha,C-4,1800.0,1625.0
04.07.2017,Gampaha,Gorosu,1600.0,1500.0
04.07.2017,Kalutara,Alba,2800.0,2770.0
04.07.2017,Kalutara,C-5 Sp,2600.0,2585.0
04.07.2017,Kalutara,C-5,2400.0,2380.0
04.07.2017,Kalutara,C-4,2300.0,2285.0
04.07.2017,Badulla,Gorosu,1300.0,983.0
11.07.2017,Galle,H-2,1780.0,1770.0
11.07.2017,Galle,H-1,1800.0,1790.0
11.07.2017,Galle,C-4,2280.0,2260.0
11.07.2017,Galle,C-5,2320.0,2300.0
11.07.2017,Kalutara,H-1,1600.0,1585.0
11.07.2017,Galle,Alba,2620.0,2600.0
11.07.2017,Kalutara,H-2,1400.0,1370.0
11.07.2017,Matara,Alba,2750.0,2633.0
11.07.2017,Kalutara,M-4,1900.0,1870.0
11.07.2017,Galle,C-5 Sp,2400.0,2380.0
11.07.2017,Matara,C-5 Sp,2550.0,2483.0
11.07.2017,Matara,H-1,2100.0,1917.0
11.07.2017,Matara,C-4,2300.0,2263.0
11.07.2017,Matara,M-5,2250.0,2250.0
11.07.2017,Matara,M-4,2200.0,2200.0
11.07.2017,Matara,H-2,1850.0,1754.0
11.07.2017,Matara,H-Faq,1750.0,1640.0
11.07.2017,Hambantota,C-5,2250.0,2250.0
11.07.2017,Hambantota,C-4,2250.0,2225.0
11.07.2017,Kalutara,M-5,2200.0,2167.0
11.07.2017,Hambantota,Gorosu,1780.0,1740.0
11.07.2017,Monaragala,Gorosu,1500.0,1350.0
11.07.2017,Matara,C-5,2450.0,2375.0
11.07.2017,Hambantota,H-1,1780.0,1765.0
11.07.2017,Kalutara,C-4,2300.0,2285.0
11.07.2017,Kalutara,C-5 Sp,2600.0,2585.0
11.07.2017,Kalutara,C-5,2400.0,2380.0
11.07.2017,Ratnapura,C-5 Sp,2200.0,2200.0
11.07.2017,Ratnapura,C-5,2150.0,2050.0
11.07.2017,Ratnapura,C-4,2000.0,1916.0
11.07.2017,Ratnapura,M-5,1700.0,1700.0
11.07.2017,Ratnapura,M-4,1633.0,1633.0
11.07.2017,Ratnapura,H-1,1600.0,1533.0
11.07.2017,Ratnapura,H-2,1400.0,1333.0
11.07.2017,Badulla,Heen,2000.0,1633.0
11.07.2017,Badulla,Gorosu,1500.0,1158.0
11.07.2017,Ratnapura,Alba,2400.0,2366.0
11.07.2017,Kurunegala,Gorosu,800.0,700.0
11.07.2017,Kurunegala,Heen,1300.0,1167.0
11.07.2017,Gampaha,Gorosu,1600.0,1500.0
11.07.2017,Gampaha,C-4,1800.0,1575.0
11.07.2017,Gampaha,C-5,2000.0,2000.0
11.07.2017,Kalutara,Alba,2800.0,2770.0
11.07.2017,Colombo,H-1,1900.0,1900.0
11.07.2017,Colombo,C-4,2200.0,2200.0
11.07.2017,Colombo,C-5,2300.0,2300.0
11.07.2017,Colombo,C-5 Sp,2350.0,2350.0
11.07.2017,Colombo,H-2,1800.0,1800.0
18.07.2017,Matara,C-5 Sp,2500.0,2467.0
18.07.2017,Galle,Alba,2700.0,2650.0
18.07.2017,Galle,C-5 Sp,2500.0,2495.0
18.07.2017,Galle,C-5,2400.0,2375.0
18.07.2017,Galle,C-4,2260.0,2255.0
18.07.2017,Galle,H-1,1990.0,1985.0
18.07.2017,Galle,H-2,1970.0,1960.0
18.07.2017,Matara,Alba,2750.0,2700.0
18.07.2017,Matara,C-5,2450.0,2260.0
18.07.2017,Matara,H-Faq,1600.0,1567.0
18.07.2017,Matara,M-5,2250.0,2150.0
18.07.2017,Matara,M-4,2200.0,2067.0
18.07.2017,Matara,H-1,2000.0,1863.0
18.07.2017,Matara,H-2,1800.0,1726.0
18.07.2017,Hambantota,C-4,2250.0,2225.0
18.07.2017,Hambantota,M-5,2200.0,2200.0
18.07.2017,Hambantota,H-1,1800.0,1800.0
18.07.2017,Hambantota,Gorosu,1780.0,1740.0
18.07.2017,Monaragala,Gorosu,1700.0,1420.0
18.07.2017,Matara,C-4,2300.0,2213.0
18.07.2017,Kalutara,H-1,1600.0,1585.0
18.07.2017,Kalutara,H-2,1400.0,1370.0
18.07.2017,Kalutara,M-5,2200.0,2167.0
18.07.2017,Kalutara,M-4,1900.0,1870.0
18.07.2017,Ratnapura,Alba,2400.0,2350.0
18.07.2017,Ratnapura,C-5 Sp,2250.0,2216.0
18.07.2017,Ratnapura,C-5,2150.0,2066.0
18.07.2017,Ratnapura,C-4,1900.0,1866.0
18.07.2017,Ratnapura,M-4,1800.0,1733.0
18.07.2017,Ratnapura,H-1,1700.0,1650.0
18.07.2017,Ratnapura,H-2,1200.0,1166.0
18.07.2017,Badulla,Heen,2500.0,1775.0
18.07.2017,Ratnapura,M-5,1800.0,1733.0
18.07.2017,Kurunegala,Heen,1500.0,1233.0
18.07.2017,Kurunegala,Gorosu,800.0,733.0
18.07.2017,Gampaha,C-5,2000.0,2000.0
18.07.2017,Gampaha,C-4,1800.0,1675.0
18.07.2017,Gampaha,Gorosu,1600.0,1525.0
18.07.2017,Kalutara,Alba,2800.0,2770.0
18.07.2017,Kalutara,C-5 Sp,2600.0,2585.0
18.07.2017,Kalutara,C-5,2400.0,2380.0
18.07.2017,Badulla,Gorosu,2000.0,1340.0
18.07.2017,Kalutara,C-4,2300.0,2285.0
25.07.2017,Galle,H-2,1950.0,1930.0
25.07.2017,Galle,H-1,1990.0,1980.0
25.07.2017,Galle,C-4,2260.0,2250.0
25.07.2017,Galle,C-5,2400.0,2380.0
25.07.2017,Kalutara,H-1,1600.0,1585.0
25.07.2017,Galle,Alba,2700.0,2650.0
25.07.2017,Kalutara,H-2,1400.0,1370.0
25.07.2017,Matara,Alba,2750.0,2650.0
25.07.2017,Galle,C-5 Sp,2500.0,2490.0
25.07.2017,Matara,C-5 Sp,2500.0,2467.0
25.07.2017,Hambantota,Gorosu,1800.0,1790.0
25.07.2017,Matara,C-4,2220.0,2185.0
25.07.2017,Matara,M-5,2200.0,2117.0
25.07.2017,Matara,M-4,2100.0,2033.0
25.07.2017,Matara,H-1,2000.0,1888.0
25.07.2017,Matara,H-2,1800.0,1750.0
25.07.2017,Matara,H-Faq,1700.0,1617.0
25.07.2017,Hambantota,C-5,2250.0,2225.0
25.07.2017,Hambantota,C-4,2200.0,2200.0
25.07.2017,Hambantota,H-1,1800.0,1800.0
25.07.2017,Monaragala,Gorosu,1300.0,1250.0
25.07.2017,Matara,C-5,2400.0,2300.0
25.07.2017,Kalutara,M-5,2200.0,2167.0
25.07.2017,Kalutara,M-4,1900.0,1870.0
25.07.2017,Kalutara,C-5,2400.0,2380.0
25.07.2017,Kalutara,C-4,2300.0,2285.0
25.07.2017,Ratnapura,Alba,2600.0,2533.0
25.07.2017,Ratnapura,C-5 Sp,2350.0,2316.0
25.07.2017,Ratnapura,C-5,2250.0,2233.0
25.07.2017,Ratnapura,C-4,2150.0,2116.0
25.07.2017,Ratnapura,M-5,1600.0,1550.0
25.07.2017,Ratnapura,H-1,1500.0,1483.0
25.07.2017,Ratnapura,H-2,1300.0,1266.0
25.07.2017,Badulla,Heen,2000.0,1575.0
25.07.2017,Badulla,Gorosu,1500.0,1175.0
25.07.2017,Kurunegala,Heen,1500.0,1383.0
25.07.2017,Ratnapura,M-4,1600.0,1550.0
25.07.2017,Colombo,C-5 Sp,2300.0,2300.0
25.07.2017,Kurunegala,Gorosu,800.0,753.0
25.07.2017,Kalutara,Alba,2800.0,2770.0
25.07.2017,Gampaha,Gorosu,1600.0,1525.0
25.07.2017,Gampaha,C-4,1750.0,1670.0
25.07.2017,Gampaha,C-5,2000.0,2000.0
25.07.2017,Kalutara,C-5 Sp,2600.0,2585.0
25.07.2017,Colombo,H-1,1750.0,1750.0
25.07.2017,Colombo,C-4,2200.0,2200.0
25.07.2017,Colombo,C-5,2250.0,2250.0
25.07.2017,Colombo,H-2,1700.0,1700.0
01.08.2017,Matara,C-5 Sp,2500.0,2500.0
01.08.2017,Kalutara,H-1,1600.0,1585.0
01.08.2017,Kalutara,H-2,1400.0,1370.0
01.08.2017,Galle,Alba,2550.0,2540.0
01.08.2017,Galle,C-5 Sp,2350.0,2325.0
01.08.2017,Galle,C-5,2250.0,2230.0
01.08.2017,Galle,C-4,2250.0,2220.0
01.08.2017,Galle,H-1,1930.0,1865.0
01.08.2017,Galle,H-2,1850.0,1825.0
01.08.2017,Matara,Alba,2600.0,2550.0
01.08.2017,Matara,C-5,2300.0,2300.0
01.08.2017,Kalutara,M-4,1900.0,1870.0
01.08.2017,Matara,M-5,2150.0,2150.0
01.08.2017,Matara,M-4,2000.0,2000.0
01.08.2017,Matara,H-1,1950.0,1867.0
01.08.2017,Matara,H-2,1850.0,1745.0
01.08.2017,Matara,H-Faq,1500.0,1500.0
01.08.2017,Hambantota,C-5,2250.0,2250.0
01.08.2017,Hambantota,C-4,2200.0,2200.0
01.08.2017,Hambantota,H-1,1800.0,1800.0
01.08.2017,Hambantota,Gorosu,1800.0,1790.0
01.08.2017,Monaragala,Gorosu,1500.0,1400.0
01.08.2017,Matara,C-4,2200.0,2200.0
01.08.2017,Kalutara,M-5,2200.0,2167.0
01.08.2017,Kalutara,Alba,2800.0,2770.0
01.08.2017,Kalutara,C-5,2400.0,2380.0
01.08.2017,Ratnapura,Alba,2500.0,2466.0
01.08.2017,Ratnapura,C-5 Sp,2300.0,2283.0
01.08.2017,Ratnapura,C-5,2100.0,2066.0
01.08.2017,Ratnapura,C-4,1900.0,1850.0
01.08.2017,Ratnapura,M-5,1650.0,1633.0
01.08.2017,Ratnapura,M-4,1650.0,1633.0
01.08.2017,Ratnapura,H-2,1300.0,1266.0
01.08.2017,Badulla,Heen,1700.0,1450.0
01.08.2017,Badulla,Gorosu,1300.0,988.0
01.08.2017,Kurunegala,Heen,1800.0,1533.0
01.08.2017,Ratnapura,H-1,1550.0,1530.0
01.08.2017,Colombo,C-5 Sp,2350.0,2350.0
01.08.2017,Kurunegala,Gorosu,1000.0,850.0
01.08.2017,Kalutara,C-4,2300.0,2285.0
01.08.2017,Gampaha,Gorosu,1500.0,1450.0
01.08.2017,Gampaha,C-4,1800.0,1625.0
01.08.2017,Gampaha,C-5,2000.0,2000.0
01.08.2017,Kalutara,C-5 Sp,2600.0,2585.0
01.08.2017,Colombo,H-1,1800.0,1800.0
01.08.2017,Colombo,C-4,2250.0,2250.0
01.08.2017,Colombo,C-5,2300.0,2300.0
01.08.2017,Colombo,H-2,1750.0,1750.0
08.08.2017,Matara,C-5 Sp,2650.0,2575.0
08.08.2017,Kalutara,H-1,1600.0,1585.0
08.08.2017,Kalutara,H-2,1300.0,1300.0
08.08.2017,Galle,Alba,2550.0,2520.0
08.08.2017,Galle,C-5 Sp,2380.0,2360.0
08.08.2017,Galle,C-5,2300.0,2290.0
08.08.2017,Galle,C-4,2250.0,2240.0
08.08.2017,Galle,H-1,1930.0,1915.0
08.08.2017,Galle,H-2,1850.0,1830.0
08.08.2017,Matara,Alba,2850.0,2767.0
08.08.2017,Matara,C-5,2400.0,2293.0
08.08.2017,Monaragala,Gorosu,1800.0,1500.0
08.08.2017,Matara,M-5,2200.0,2200.0
08.08.2017,Matara,M-4,2150.0,2083.0
08.08.2017,Matara,H-1,1950.0,1875.0
08.08.2017,Matara,H-2,1830.0,1756.0
08.08.2017,Matara,H-Faq,1700.0,1567.0
08.08.2017,Hambantota,C-5,2250.0,2250.0
08.08.2017,Hambantota,C-4,2200.0,2200.0
08.08.2017,Hambantota,H-1,1800.0,1800.0
08.08.2017,Hambantota,Gorosu,1800.0,1790.0
08.08.2017,Kalutara,M-4,1900.0,1870.0
08.08.2017,Matara,C-4,2250.0,2250.0
08.08.2017,Kalutara,M-5,2200.0,2167.0
08.08.2017,Kalutara,C-5,2400.0,2380.0
08.08.2017,Ratnapura,C-5 Sp,2500.0,2400.0
08.08.2017,Ratnapura,Alba,2900.0,2800.0
08.08.2017,Kalutara,C-4,2300.0,2285.0
08.08.2017,Ratnapura,C-5,2250.0,2216.0
08.08.2017,Ratnapura,C-4,2200.0,2100.0
08.08.2017,Ratnapura,M-5,1600.0,1583.0
08.08.2017,Ratnapura,M-4,1600.0,1583.0
08.08.2017,Ratnapura,H-1,1700.0,1633.0
08.08.2017,Badulla,Heen,2000.0,1625.0
08.08.2017,Badulla,Gorosu,1500.0,1137.0
08.08.2017,Kurunegala,Heen,1800.0,1567.0
08.08.2017,Ratnapura,H-2,1300.0,1233.0
08.08.2017,Colombo,C-5 Sp,2350.0,2350.0
08.08.2017,Kalutara,C-5 Sp,2600.0,2585.0
08.08.2017,Kurunegala,Gorosu,1000.0,867.0
08.08.2017,Gampaha,Gorosu,1000.0,1000.0
08.08.2017,Gampaha,C-4,1750.0,1680.0
08.08.2017,Gampaha,C-5,2000.0,2000.0
08.08.2017,Kalutara,Alba,2800.0,2770.0
08.08.2017,Colombo,H-1,1800.0,1800.0
08.08.2017,Colombo,C-4,2200.0,2200.0
08.08.2017,Colombo,C-5,2300.0,2300.0
08.08.2017,Colombo,H-2,1750.0,1750.0
15.08.2017,Matara,C-5,2400.0,2350.0
15.08.2017,Galle,C-5 Sp,2400.0,2380.0
15.08.2017,Galle,C-5,2360.0,2350.0
15.08.2017,Galle,C-4,2250.0,2240.0
15.08.2017,Galle,H-1,1920.0,1915.0
15.08.2017,Galle,H-2,1850.0,1825.0
15.08.2017,Matara,Alba,2900.0,2850.0
15.08.2017,Matara,C-5 Sp,2600.0,2533.0
15.08.2017,Matara,C-4,2250.0,2233.0
15.08.2017,Galle,Alba,2600.0,2550.0
15.08.2017,Matara,M-4,2150.0,2075.0
15.08.2017,Matara,H-1,2000.0,1897.0
15.08.2017,Matara,H-2,1850.0,1783.0
15.08.2017,Matara,H-Faq,1600.0,1567.0
15.08.2017,Hambantota,C-5,2250.0,2250.0
15.08.2017,Hambantota,C-4,2200.0,2200.0
15.08.2017,Hambantota,H-1,1850.0,1850.0
15.08.2017,Hambantota,Gorosu,1800.0,1800.0
15.08.2017,Monaragala,Gorosu,1400.0,1160.0
15.08.2017,Matara,M-5,2220.0,2140.0
15.08.2017,Kalutara,H-1,1600.0,1585.0
15.08.2017,Kalutara,H-2,1300.0,1300.0
15.08.2017,Kalutara,M-4,1900.0,1870.0
15.08.2017,Ratnapura,Alba,2800.0,2750.0
15.08.2017,Ratnapura,C-5 Sp,2500.0,2440.0
15.08.2017,Ratnapura,C-5,2250.0,2233.0
15.08.2017,Ratnapura,C-4,2100.0,2083.0
15.08.2017,Ratnapura,M-5,1600.0,1550.0
15.08.2017,Ratnapura,H-1,1600.0,1550.0
15.08.2017,Ratnapura,H-2,1300.0,1283.0
15.08.2017,Badulla,Heen,2100.0,1700.0
15.08.2017,Badulla,Gorosu,1600.0,1175.0
15.08.2017,Ratnapura,M-4,1600.0,1550.0
15.08.2017,Kurunegala,Gorosu,800.0,767.0
15.08.2017,Gampaha,C-5,2200.0,2200.0
15.08.2017,Gampaha,C-4,1700.0,1575.0
15.08.2017,Gampaha,Gorosu,1400.0,1200.0
15.08.2017,Kalutara,Alba,2800.0,2770.0
15.08.2017,Kalutara,C-5 Sp,2600.0,2585.0
15.08.2017,Kalutara,C-5,2400.0,2380.0
15.08.2017,Kalutara,C-4,2300.0,2285.0
15.08.2017,Kalutara,M-5,2200.0,2167.0
15.08.2017,Kurunegala,Heen,1500.0,1317.0
22.08.2017,Matara,Alba,2900.0,2767.0
22.08.2017,Galle,H-Faq,1600.0,1600.0
22.08.2017,Galle,H-2,1930.0,1883.0
22.08.2017,Galle,H-1,1950.0,1930.0
22.08.2017,Kalutara,H-2,1300.0,1300.0
22.08.2017,Galle,C-5,2320.0,2310.0
22.08.2017,Galle,C-5 Sp,2450.0,2425.0
22.08.2017,Galle,Alba,2700.0,2660.0
22.08.2017,Matara,C-5 Sp,2600.0,2533.0
22.08.2017,Galle,C-4,2250.0,2250.0
22.08.2017,Matara,C-5,2400.0,2330.0
22.08.2017,Kalutara,M-4,1900.0,1870.0
22.08.2017,Matara,M-5,2200.0,2183.0
22.08.2017,Matara,M-4,2100.0,2050.0
22.08.2017,Matara,H-1,2000.0,1923.0
22.08.2017,Matara,H-2,1850.0,1814.0
22.08.2017,Matara,H-Faq,1750.0,1617.0
22.08.2017,Hambantota,C-5,2250.0,2250.0
22.08.2017,Hambantota,C-4,2200.0,2200.0
22.08.2017,Hambantota,H-1,1850.0,1850.0
22.08.2017,Kalutara,H-1,1600.0,1585.0
22.08.2017,Monaragala,Gorosu,1300.0,1220.0
22.08.2017,Matara,C-4,2550.0,2350.0
22.08.2017,Hambantota,Gorosu,1800.0,1800.0
22.08.2017,Gampaha,Gorosu,1500.0,1300.0
22.08.2017,Kalutara,C-4,2300.0,2285.0
22.08.2017,Ratnapura,Alba,2600.0,2550.0
22.08.2017,Ratnapura,C-5 Sp,2400.0,2366.0
22.08.2017,Ratnapura,C-5,2200.0,2166.0
22.08.2017,Ratnapura,C-4,2150.0,2116.0
22.08.2017,Ratnapura,M-5,1700.0,1650.0
22.08.2017,Ratnapura,M-4,1700.0,1650.0
22.08.2017,Kalutara,M-5,2200.0,2167.0
22.08.2017,Ratnapura,H-2,1300.0,1283.0
22.08.2017,Badulla,Heen,2000.0,1666.0
22.08.2017,Badulla,Gorosu,1600.0,1133.0
22.08.2017,Kurunegala,Heen,1500.0,1400.0
22.08.2017,Ratnapura,H-1,1600.0,1550.0
22.08.2017,Colombo,C-5 Sp,2300.0,2300.0
22.08.2017,Kurunegala,Gorosu,800.0,733.0
22.08.2017,Kalutara,C-5 Sp,2600.0,2585.0
22.08.2017,Kalutara,Alba,2800.0,2770.0
22.08.2017,Gampaha,C-4,1700.0,1625.0
22.08.2017,Kalutara,C-5,2400.0,2380.0
22.08.2017,Colombo,H-2,1700.0,1700.0
22.08.2017,Colombo,H-1,1750.0,1750.0
22.08.2017,Colombo,C-4,2200.0,2200.0
22.08.2017,Colombo,C-5,2250.0,2250.0
22.08.2017,Gampaha,C-5,2000.0,2000.0
04.09.2017,Matara,C-5 Sp,2600.0,2367.0
04.09.2017,Kalutara,H-1,1600.0,1585.0
04.09.2017,Kalutara,H-2,1300.0,1300.0
04.09.2017,Galle,Alba,2750.0,2650.0
04.09.2017,Galle,C-5 Sp,2450.0,2425.0
04.09.2017,Galle,C-5,2340.0,2320.0
04.09.2017,Galle,C-4,2280.0,2250.0
04.09.2017,Galle,H-1,1950.0,1920.0
04.09.2017,Galle,H-2,1920.0,1880.0
04.09.2017,Matara,Alba,2950.0,2783.0
04.09.2017,Matara,C-5,2500.0,2375.0
04.09.2017,Kalutara,M-4,1900.0,1870.0
04.09.2017,Matara,M-5,2200.0,2050.0
04.09.2017,Matara,M-4,2150.0,1975.0
04.09.2017,Matara,H-1,2000.0,1850.0
04.09.2017,Matara,H-2,1720.0,1674.0
04.09.2017,Matara,H-Faq,1600.0,1567.0
04.09.2017,Hambantota,C-5,2250.0,2250.0
04.09.2017,Hambantota,C-4,2200.0,2200.0
04.09.2017,Hambantota,H-1,1800.0,1750.0
04.09.2017,Hambantota,Gorosu,1650.0,1650.0
04.09.2017,Monaragala,Gorosu,1500.0,1300.0
04.09.2017,Matara,C-4,2250.0,2217.0
04.09.2017,Kalutara,C-4,2300.0,2285.0
04.09.2017,Kalutara,M-5,2200.0,2167.0
04.09.2017,Ratnapura,Alba,2750.0,2733.0
04.09.2017,Ratnapura,C-5 Sp,2500.0,2466.0
04.09.2017,Ratnapura,C-5,2400.0,2350.0
04.09.2017,Ratnapura,C-4,2250.0,2216.0
04.09.2017,Ratnapura,M-5,1650.0,1600.0
04.09.2017,Ratnapura,M-4,1650.0,1600.0
04.09.2017,Ratnapura,H-1,1550.0,1516.0
04.09.2017,Ratnapura,H-2,1300.0,1283.0
04.09.2017,Badulla,M-5,2200.0,2100.0
04.09.2017,Badulla,Heen,1500.0,1316.0
04.09.2017,Badulla,Gorosu,1000.0,800.0
04.09.2017,Kurunegala,Heen,1500.0,1350.0
04.09.2017,Kalutara,C-5,2400.0,2380.0
04.09.2017,Colombo,C-5 Sp,2450.0,2450.0
04.09.2017,Colombo,C-5,2400.0,2400.0
04.09.2017,Colombo,C-4,2300.0,2300.0
04.09.2017,Colombo,H-1,1850.0,1850.0
04.09.2017,Colombo,H-2,1800.0,1800.0
04.09.2017,Gampaha,C-5,2000.0,2000.0
04.09.2017,Gampaha,C-4,1700.0,1600.0
04.09.2017,Gampaha,Gorosu,1200.0,1125.0
04.09.2017,Kalutara,Alba,2800.0,2770.0
04.09.2017,Kalutara,C-5 Sp,2600.0,2585.0
04.09.2017,Kurunegala,Gorosu,800.0,730.0
12.09.2017,Matara,Alba,3000.0,2900.0
12.09.2017,Galle,H-2,1870.0,1860.0
12.09.2017,Galle,H-1,1930.0,1900.0
12.09.2017,Galle,C-4,2200.0,2190.0
12.09.2017,Kalutara,H-1,1400.0,1370.0
12.09.2017,Galle,C-5 Sp,2420.0,2410.0
12.09.2017,Galle,Alba,2750.0,2725.0
12.09.2017,Kalutara,H-2,1100.0,1070.0
12.09.2017,Matara,C-5 Sp,2900.0,2667.0
12.09.2017,Galle,C-5,2240.0,2235.0
12.09.2017,Matara,C-5,2500.0,2388.0
12.09.2017,Matara,H-2,1750.0,1691.0
12.09.2017,Matara,M-5,2200.0,2050.0
12.09.2017,Matara,M-4,2100.0,1967.0
12.09.2017,Matara,H-1,2000.0,1855.0
12.09.2017,Matara,H-Faq,1650.0,1583.0
12.09.2017,Hambantota,C-5,2200.0,2200.0
12.09.2017,Hambantota,C-4,2150.0,2150.0
12.09.2017,Hambantota,H-1,1750.0,1700.0
12.09.2017,Hambantota,Gorosu,1700.0,1650.0
12.09.2017,Monaragala,Gorosu,1500.0,1225.0
12.09.2017,Kalutara,M-4,1800.0,1765.0
12.09.2017,Matara,C-4,2250.0,2225.0
12.09.2017,Kalutara,C-4,2300.0,2285.0
12.09.2017,Gampaha,C-5,2000.0,2000.0
12.09.2017,Kalutara,C-5,2400.0,2380.0
12.09.2017,Ratnapura,Alba,3000.0,2833.0
12.09.2017,Ratnapura,C-5 Sp,2500.0,2383.0
12.09.2017,Ratnapura,C-5,2350.0,2300.0
12.09.2017,Ratnapura,C-4,2100.0,2100.0
12.09.2017,Ratnapura,M-5,1800.0,1700.0
12.09.2017,Ratnapura,M-4,1800.0,1700.0
12.09.2017,Kalutara,M-5,2200.0,2167.0
12.09.2017,Ratnapura,H-2,1400.0,1266.0
12.09.2017,Badulla,Heen,2000.0,1646.0
12.09.2017,Badulla,Gorosu,1500.0,1233.0
12.09.2017,Kurunegala,Heen,1600.0,1417.0
12.09.2017,Ratnapura,H-1,1700.0,1633.0
12.09.2017,Colombo,C-5 Sp,2450.0,2450.0
12.09.2017,Colombo,C-5,2350.0,2350.0
12.09.2017,Colombo,C-4,2300.0,2300.0
12.09.2017,Colombo,H-1,1750.0,1750.0
12.09.2017,Colombo,H-2,1700.0,1700.0
12.09.2017,Gampaha,C-4,1800.0,1625.0
12.09.2017,Gampaha,Gorosu,1500.0,1250.0
12.09.2017,Kalutara,Alba,2800.0,2770.0
12.09.2017,Kalutara,C-5 Sp,2600.0,2585.0
12.09.2017,Kurunegala,Gorosu,800.0,767.0
19.09.2017,Matara,Alba,3000.0,2925.0
19.09.2017,Galle,H-2,1885.0,1830.0
19.09.2017,Galle,H-1,1920.0,1890.0
19.09.2017,Galle,C-4,2230.0,2220.0
19.09.2017,Kalutara,H-1,1400.0,1370.0
19.09.2017,Galle,C-5 Sp,2420.0,2410.0
19.09.2017,Galle,Alba,2750.0,2725.0
19.09.2017,Kalutara,H-2,1100.0,1070.0
19.09.2017,Matara,C-5 Sp,2800.0,2667.0
19.09.2017,Galle,C-5,2240.0,2235.0
19.09.2017,Matara,C-5,2500.0,2320.0
19.09.2017,Kalutara,C-5,2400.0,2380.0
19.09.2017,Matara,M-5,2200.0,2127.0
19.09.2017,Matara,M-4,2100.0,2050.0
19.09.2017,Matara,H-1,2000.0,1825.0
19.09.2017,Matara,H-2,1760.0,1682.0
19.09.2017,Matara,H-Faq,1600.0,1520.0
19.09.2017,Hambantota,C-5,2250.0,2235.0
19.09.2017,Hambantota,C-4,2200.0,2200.0
19.09.2017,Hambantota,H-1,1750.0,1725.0
19.09.2017,Hambantota,Gorosu,1700.0,1700.0
19.09.2017,Monaragala,Gorosu,1500.0,1275.0
19.09.2017,Matara,C-4,2250.0,2214.0
19.09.2017,Kalutara,M-4,1800.0,1765.0
19.09.2017,Colombo,H-2,1750.0,1750.0
19.09.2017,Kalutara,C-4,2300.0,2285.0
19.09.2017,Kalutara,M-5,2200.0,2167.0
19.09.2017,Ratnapura,Alba,2800.0,2750.0
19.09.2017,Ratnapura,C-5 Sp,2400.0,2300.0
19.09.2017,Ratnapura,C-5,2250.0,2225.0
19.09.2017,Ratnapura,C-4,2150.0,2100.0
19.09.2017,Ratnapura,M-5,1800.0,1650.0
19.09.2017,Ratnapura,M-4,1800.0,1650.0
19.09.2017,Ratnapura,H-2,1100.0,1050.0
19.09.2017,Badulla,Heen,2000.0,1675.0
19.09.2017,Badulla,Gorosu,1500.0,1200.0
19.09.2017,Kurunegala,Heen,1500.0,1433.0
19.09.2017,Ratnapura,H-1,1700.0,1550.0
19.09.2017,Colombo,C-5 Sp,2400.0,2400.0
19.09.2017,Kalutara,C-5 Sp,2600.0,2585.0
19.09.2017,Kurunegala,Gorosu,900.0,833.0
19.09.2017,Gampaha,Gorosu,1600.0,1425.0
19.09.2017,Gampaha,C-4,1800.0,1675.0
19.09.2017,Gampaha,C-5,2000.0,2000.0
19.09.2017,Kalutara,Alba,2800.0,2770.0
19.09.2017,Colombo,H-1,1800.0,1800.0
19.09.2017,Colombo,C-4,2300.0,2300.0
19.09.2017,Colombo,C-5,2350.0,2350.0
26.09.2017,Matara,Alba,3000.0,2900.0
26.09.2017,Kalutara,H-2,1100.0,1070.0
26.09.2017,Galle,Alba,2700.0,2650.0
26.09.2017,Galle,C-5 Sp,2350.0,2335.0
26.09.2017,Galle,C-5,2240.0,2230.0
26.09.2017,Galle,C-4,2220.0,2210.0
26.09.2017,Galle,H-1,1850.0,1840.0
26.09.2017,Galle,H-2,1820.0,1810.0
26.09.2017,Kalutara,H-1,1400.0,1370.0
26.09.2017,Matara,C-5 Sp,2800.0,2667.0
26.09.2017,Hambantota,Gorosu,1750.0,1725.0
26.09.2017,Matara,C-4,2250.0,2195.0
26.09.2017,Matara,M-5,2200.0,2127.0
26.09.2017,Matara,M-4,2100.0,1938.0
26.09.2017,Matara,H-1,1900.0,1812.0
26.09.2017,Matara,H-2,1750.0,1718.0
26.09.2017,Matara,H-Faq,1600.0,1500.0
26.09.2017,Hambantota,C-5,2250.0,2245.0
26.09.2017,Hambantota,C-4,2220.0,2210.0
26.09.2017,Hambantota,H-1,1800.0,1775.0
26.09.2017,Kalutara,M-4,1800.0,1765.0
26.09.2017,Monaragala,Gorosu,1400.0,1250.0
26.09.2017,Matara,C-5,2500.0,2279.0
26.09.2017,Kalutara,M-5,2200.0,2167.0
26.09.2017,Colombo,H-2,1700.0,1700.0
26.09.2017,Kalutara,C-5,2400.0,2380.0
26.09.2017,Ratnapura,Alba,2900.0,2833.0
26.09.2017,Ratnapura,C-5 Sp,2350.0,2316.0
26.09.2017,Ratnapura,C-5,2250.0,2216.0
26.09.2017,Ratnapura,C-4,2100.0,2100.0
26.09.2017,Ratnapura,M-5,1800.0,1766.0
26.09.2017,Ratnapura,M-4,1800.0,1766.0
26.09.2017,Kalutara,C-4,2300.0,2285.0
26.09.2017,Ratnapura,H-2,1500.0,1450.0
26.09.2017,Badulla,Heen,2000.0,1666.0
26.09.2017,Badulla,Gorosu,1500.0,1100.0
26.09.2017,Ratnapura,H-1,1700.0,1616.0
26.09.2017,Kurunegala,Gorosu,900.0,833.0
26.09.2017,Kurunegala,Heen,1500.0,1350.0
26.09.2017,Kalutara,Alba,2800.0,2770.0
26.09.2017,Gampaha,Gorosu,1500.0,1425.0
26.09.2017,Gampaha,C-4,1800.0,1675.0
26.09.2017,Kalutara,C-5 Sp,2600.0,2585.0
26.09.2017,Colombo,H-1,1750.0,1750.0
26.09.2017,Colombo,C-4,2300.0,2300.0
26.09.2017,Colombo,C-5,2350.0,2350.0
26.09.2017,Colombo,C-5 Sp,2400.0,2400.0
26.09.2017,Gampaha,C-5,2000.0,2000.0
03.10.2017,Matara,C-5 Sp,2700.0,2633.0
03.10.2017,Galle,C-5 Sp,2400.0,2375.0
03.10.2017,Galle,C-5,2280.0,2260.0
03.10.2017,Galle,C-4,2200.0,2200.0
03.10.2017,Monaragala,Gorosu,1500.0,1300.0
03.10.2017,Galle,H-1,1850.0,1835.0
03.10.2017,Galle,H-2,1800.0,1775.0
03.10.2017,Matara,Alba,3030.0,3008.0
03.10.2017,Matara,C-5,2500.0,2340.0
03.10.2017,Galle,Alba,2750.0,2725.0
03.10.2017,Matara,M-5,2200.0,2090.0
03.10.2017,Matara,M-4,2100.0,2033.0
03.10.2017,Matara,H-1,1872.0,1750.0
03.10.2017,Matara,H-2,1800.0,1744.0
03.10.2017,Matara,H-Faq,1700.0,1575.0
03.10.2017,Hambantota,C-5,2250.0,2250.0
03.10.2017,Hambantota,C-4,2240.0,2220.0
03.10.2017,Hambantota,H-1,1780.0,1775.0
03.10.2017,Hambantota,Gorosu,1750.0,1750.0
03.10.2017,Matara,C-4,2250.0,2218.0
03.10.2017,Kalutara,H-2,1100.0,1070.0
03.10.2017,Kalutara,Alba,2800.0,2770.0
03.10.2017,Kalutara,M-4,1800.0,1765.0
03.10.2017,Ratnapura,Alba,2800.0,2750.0
03.10.2017,Ratnapura,C-5 Sp,2350.0,2300.0
03.10.2017,Ratnapura,C-5,2250.0,2200.0
03.10.2017,Ratnapura,C-4,2150.0,2100.0
03.10.2017,Ratnapura,M-5,1750.0,1600.0
03.10.2017,Ratnapura,M-4,1750.0,1600.0
03.10.2017,Ratnapura,H-1,1650.0,1600.0
03.10.2017,Ratnapura,H-2,1450.0,1400.0
03.10.2017,Badulla,Heen,1400.0,1300.0
03.10.2017,Kalutara,H-1,1400.0,1370.0
03.10.2017,Kurunegala,Heen,1500.0,1350.0
03.10.2017,Kurunegala,Gorosu,900.0,833.0
03.10.2017,Gampaha,C-5,1900.0,1900.0
03.10.2017,Gampaha,C-4,1700.0,1575.0
03.10.2017,Gampaha,Gorosu,1500.0,1350.0
03.10.2017,Kalutara,C-5 Sp,2600.0,2585.0
03.10.2017,Kalutara,C-5,2400.0,2380.0
03.10.2017,Kalutara,C-4,2300.0,2285.0
03.10.2017,Kalutara,M-5,2200.0,2167.0
03.10.2017,Badulla,Gorosu,800.0,667.0
10.10.2017,Matara,C-5 Sp,2800.0,2667.0
10.10.2017,Matara,Alba,3100.0,3033.0
10.10.2017,Galle,H-2,1850.0,1835.0
10.10.2017,Galle,C-5 Sp,2450.0,2440.0
10.10.2017,Galle,C-4,2230.0,2220.0
10.10.2017,Galle,C-5,2350.0,2345.0
10.10.2017,Matara,C-5,2400.0,2260.0
10.10.2017,Galle,H-1,1865.0,1860.0
10.10.2017,Matara,C-4,2200.0,2200.0
10.10.2017,Matara,H-Faq,1600.0,1575.0
10.10.2017,Matara,M-4,2100.0,2033.0
10.10.2017,Matara,H-1,2000.0,1870.0
10.10.2017,Matara,H-2,1800.0,1744.0
10.10.2017,Hambantota,C-5,2230.0,2215.0
10.10.2017,Hambantota,C-4,2200.0,2150.0
10.10.2017,Hambantota,H-1,1800.0,1800.0
10.10.2017,Hambantota,Gorosu,1770.0,1760.0
10.10.2017,Monaragala,Gorosu,1200.0,1100.0
10.10.2017,Galle,Alba,2800.0,2775.0
10.10.2017,Matara,M-5,2150.0,2083.0
10.10.2017,Kalutara,H-1,1400.0,1370.0
10.10.2017,Kalutara,H-2,1100.0,1070.0
10.10.2017,Ratnapura,M-4,1800.0,1700.0
10.10.2017,Kalutara,M-4,1800.0,1765.0
10.10.2017,Ratnapura,Alba,2650.0,2616.0
10.10.2017,Ratnapura,C-5 Sp,2400.0,2350.0
10.10.2017,Ratnapura,C-5,2250.0,2200.0
10.10.2017,Ratnapura,C-4,2150.0,2116.0
10.10.2017,Ratnapura,M-5,1800.0,1700.0
10.10.2017,Ratnapura,H-1,1700.0,1633.0
10.10.2017,Ratnapura,H-2,1200.0,1166.0
10.10.2017,Badulla,Gorosu,1500.0,1208.0
10.10.2017,Badulla,Heen,2000.0,1667.0
10.10.2017,Kurunegala,Gorosu,850.0,800.0
10.10.2017,Gampaha,C-5,2100.0,2000.0
10.10.2017,Gampaha,C-4,1900.0,1650.0
10.10.2017,Gampaha,Gorosu,1600.0,1250.0
10.10.2017,Kalutara,Alba,2800.0,2770.0
10.10.2017,Kalutara,C-5 Sp,2600.0,2585.0
10.10.2017,Kalutara,C-5,2400.0,2380.0
10.10.2017,Kalutara,C-4,2300.0,2285.0
10.10.2017,Kalutara,M-5,2200.0,2167.0
10.10.2017,Kurunegala,Heen,1500.0,1350.0
16.10.2017,Galle,H-1,1860.0,1850.0
16.10.2017,Matara,Alba,3100.0,3033.0
16.10.2017,Galle,H-2,1840.0,1835.0
16.10.2017,Galle,C-4,2240.0,2230.0
16.10.2017,Kalutara,H-1,1400.0,1370.0
16.10.2017,Galle,C-5 Sp,2450.0,2425.0
16.10.2017,Galle,Alba,2800.0,2750.0
16.10.2017,Kalutara,H-2,1100.0,1070.0
16.10.2017,Matara,C-5 Sp,2800.0,2700.0
16.10.2017,Galle,C-5,2260.0,2250.0
16.10.2017,Matara,C-5,2400.0,2292.0
16.10.2017,Monaragala,Gorosu,1300.0,1250.0
16.10.2017,Matara,M-5,2150.0,2083.0
16.10.2017,Matara,M-4,2100.0,2033.0
16.10.2017,Matara,H-1,2000.0,1860.0
16.10.2017,Matara,H-2,1800.0,1748.0
16.10.2017,Matara,H-Faq,1650.0,1588.0
16.10.2017,Hambantota,C-5,2250.0,2240.0
16.10.2017,Hambantota,C-4,2230.0,2215.0
16.10.2017,Hambantota,H-1,1800.0,1800.0
16.10.2017,Hambantota,Gorosu,1780.0,1765.0
16.10.2017,Matara,C-4,2200.0,2200.0
16.10.2017,Kalutara,M-4,1800.0,1765.0
16.10.2017,Kalutara,M-5,2200.0,2167.0
16.10.2017,Ratnapura,C-5 Sp,2400.0,2350.0
16.10.2017,Ratnapura,Alba,2800.0,2800.0
16.10.2017,Kalutara,C-4,2300.0,2285.0
16.10.2017,Ratnapura,C-5,2250.0,2200.0
16.10.2017,Ratnapura,C-4,2150.0,2100.0
16.10.2017,Ratnapura,M-5,2000.0,1950.0
16.10.2017,Ratnapura,M-4,2000.0,1950.0
16.10.2017,Ratnapura,H-1,1700.0,1650.0
16.10.2017,Badulla,Heen,1900.0,1591.0
16.10.2017,Badulla,Gorosu,1500.0,1133.0
16.10.2017,Kurunegala,Heen,1500.0,1350.0
16.10.2017,Kurunegala,Gorosu,800.0,767.0
16.10.2017,Ratnapura,H-2,1650.0,1600.0
16.10.2017,Colombo,C-5,2350.0,2350.0
16.10.2017,Colombo,C-5 Sp,2400.0,2400.0
16.10.2017,Kalutara,C-5 Sp,2600.0,2585.0
16.10.2017,Kalutara,Alba,2800.0,2770.0
16.10.2017,Gampaha,Gorosu,1500.0,1425.0
16.10.2017,Gampaha,C-4,1800.0,1625.0
16.10.2017,Kalutara,C-5,2400.0,2380.0
16.10.2017,Colombo,H-2,1750.0,1750.0
16.10.2017,Colombo,H-1,1800.0,1800.0
16.10.2017,Colombo,C-4,2300.0,2300.0
16.10.2017,Gampaha,C-5,2000.0,2000.0
24.10.2017,Matara,C-5,2500.0,2320.0
24.10.2017,Galle,Alba,2800.0,2785.0
24.10.2017,Galle,C-5 Sp,2475.0,2455.0
24.10.2017,Galle,C-5,2300.0,2290.0
24.10.2017,Galle,C-4,2200.0,2200.0
24.10.2017,Galle,H-1,1860.0,1855.0
24.10.2017,Galle,H-2,1830.0,1800.0
24.10.2017,Matara,Alba,3200.0,3060.0
24.10.2017,Matara,C-5 Sp,2800.0,2733.0
24.10.2017,Matara,C-4,2200.0,2200.0
24.10.2017,Kalutara,M-4,1800.0,1765.0
24.10.2017,Matara,M-4,2100.0,2033.0
24.10.2017,Matara,H-1,2000.0,1893.0
24.10.2017,Matara,H-2,1800.0,1773.0
24.10.2017,Matara,H-Faq,1600.0,1560.0
24.10.2017,Hambantota,C-5,2250.0,2240.0
24.10.2017,Hambantota,C-4,2200.0,2200.0
24.10.2017,Hambantota,H-1,1850.0,1825.0
24.10.2017,Hambantota,Gorosu,1780.0,1765.0
24.10.2017,Monaragala,Gorosu,1400.0,1275.0
24.10.2017,Matara,M-5,2150.0,2100.0
24.10.2017,Kalutara,H-2,1100.0,1070.0
24.10.2017,Gampaha,Gorosu,1500.0,1240.0
24.10.2017,Kalutara,M-5,2200.0,2164.0
24.10.2017,Ratnapura,Alba,3000.0,2937.0
24.10.2017,Ratnapura,C-5 Sp,2350.0,2312.0
24.10.2017,Ratnapura,C-5,2250.0,2225.0
24.10.2017,Ratnapura,C-4,2200.0,2175.0
24.10.2017,Ratnapura,M-5,1900.0,1825.0
24.10.2017,Kalutara,H-1,1400.0,1370.0
24.10.2017,Ratnapura,H-1,1750.0,1725.0
24.10.2017,Ratnapura,H-2,1650.0,1587.0
24.10.2017,Badulla,Heen,2000.0,1633.0
24.10.2017,Ratnapura,M-4,1900.0,1825.0
24.10.2017,Kurunegala,Heen,1400.0,1267.0
24.10.2017,Kurunegala,Gorosu,800.0,733.0
24.10.2017,Gampaha,C-5,2000.0,2000.0
24.10.2017,Gampaha,C-4,1600.0,1550.0
24.10.2017,Kalutara,Alba,2800.0,2770.0
24.10.2017,Kalutara,C-5 Sp,2600.0,2585.0
24.10.2017,Kalutara,C-5,2400.0,2380.0
24.10.2017,Kalutara,C-4,2300.0,2285.0
24.10.2017,Badulla,Gorosu,1600.0,1208.0
31.10.2017,Galle,H-2,1850.0,1840.0
31.10.2017,Galle,H-1,1860.0,1850.0
31.10.2017,Galle,C-4,2250.0,2235.0
31.10.2017,Galle,C-5,2360.0,2350.0
31.10.2017,Kalutara,H-1,1400.0,1370.0
31.10.2017,Galle,Alba,2800.0,2770.0
31.10.2017,Monaragala,Gorosu,1200.0,1150.0
31.10.2017,Matara,Alba,3200.0,3140.0
31.10.2017,Galle,C-5 Sp,2480.0,2455.0
31.10.2017,Matara,C-5 Sp,2900.0,2833.0
31.10.2017,Kalutara,M-4,1800.0,1765.0
31.10.2017,Matara,C-4,2250.0,2208.0
31.10.2017,Matara,M-5,2200.0,2050.0
31.10.2017,Matara,M-4,2100.0,2000.0
31.10.2017,Matara,H-1,2000.0,1880.0
31.10.2017,Matara,H-2,1850.0,1783.0
31.10.2017,Matara,H-Faq,1750.0,1600.0
31.10.2017,Hambantota,C-5,2250.0,2240.0
31.10.2017,Hambantota,C-4,2230.0,2215.0
31.10.2017,Hambantota,H-1,1850.0,1825.0
31.10.2017,Hambantota,Gorosu,1800.0,1775.0
31.10.2017,Matara,C-5,2600.0,2342.0
31.10.2017,Kalutara,M-5,2200.0,2167.0
31.10.2017,Kalutara,H-2,1100.0,1070.0
31.10.2017,Kalutara,C-5,2400.0,2380.0
31.10.2017,Ratnapura,Alba,2700.0,2650.0
31.10.2017,Ratnapura,C-5 Sp,2400.0,2350.0
31.10.2017,Ratnapura,C-5,2350.0,2316.0
31.10.2017,Ratnapura,C-4,2200.0,2150.0
31.10.2017,Ratnapura,M-5,1100.0,1050.0
31.10.2017,Ratnapura,M-4,1100.0,1050.0
31.10.2017,Ratnapura,H-1,1350.0,1316.0
31.10.2017,Ratnapura,H-2,1200.0,1100.0
31.10.2017,Badulla,Heen,2000.0,1675.0
31.10.2017,Badulla,Gorosu,1500.0,1250.0
31.10.2017,Kurunegala,Heen,1500.0,1300.0
31.10.2017,Kalutara,C-4,2300.0,2285.0
31.10.2017,Colombo,C-5 Sp,2400.0,2400.0
31.10.2017,Colombo,C-5,2350.0,2350.0
31.10.2017,Colombo,C-4,2300.0,2300.0
31.10.2017,Colombo,H-1,1750.0,1750.0
31.10.2017,Colombo,H-2,1700.0,1700.0
31.10.2017,Gampaha,C-5,2000.0,2000.0
31.10.2017,Gampaha,C-4,1800.0,1650.0
31.10.2017,Gampaha,Gorosu,1500.0,1475.0
31.10.2017,Kalutara,Alba,2800.0,2770.0
31.10.2017,Kalutara,C-5 Sp,2600.0,2585.0
31.10.2017,Kurunegala,Gorosu,800.0,733.0
07.11.2017,Matara,Alba,3200.0,3150.0
07.11.2017,Galle,H-2,1800.0,1770.0
07.11.2017,Galle,H-1,1900.0,1860.0
07.11.2017,Galle,C-4,2240.0,2225.0
07.11.2017,Kalutara,H-1,1400.0,1370.0
07.11.2017,Galle,C-5 Sp,2470.0,2455.0
07.11.2017,Galle,Alba,2800.0,2785.0
07.11.2017,Kalutara,H-2,1100.0,1070.0
07.11.2017,Matara,C-5 Sp,2900.0,2833.0
07.11.2017,Galle,C-5,2300.0,2285.0
07.11.2017,Matara,C-5,2700.0,2500.0
07.11.2017,Matara,H-2,1830.0,1789.0
07.11.2017,Matara,M-5,2200.0,2117.0
07.11.2017,Matara,M-4,2150.0,2075.0
07.11.2017,Matara,H-1,1900.0,1882.0
07.11.2017,Matara,H-Faq,1760.0,1652.0
07.11.2017,Hambantota,C-5,2250.0,2250.0
07.11.2017,Hambantota,C-4,2200.0,2200.0
07.11.2017,Hambantota,H-1,1880.0,1880.0
07.11.2017,Hambantota,Gorosu,1850.0,1850.0
07.11.2017,Monaragala,Gorosu,1300.0,1167.0
07.11.2017,Kalutara,M-4,1800.0,1765.0
07.11.2017,Matara,C-4,2250.0,2210.0
07.11.2017,Kalutara,M-5,2200.0,2167.0
07.11.2017,Kalutara,C-4,2300.0,2285.0
07.11.2017,Kalutara,C-5,2400.0,2380.0
07.11.2017,Ratnapura,Alba,3000.0,2766.0
07.11.2017,Ratnapura,C-5 Sp,2500.0,2433.0
07.11.2017,Ratnapura,C-5,2350.0,2316.0
07.11.2017,Ratnapura,C-4,2250.0,2183.0
07.11.2017,Ratnapura,M-5,1700.0,1650.0
07.11.2017,Ratnapura,M-4,1700.0,1650.0
07.11.2017,Ratnapura,H-2,1200.0,1100.0
07.11.2017,Badulla,Heen,2000.0,1633.0
07.11.2017,Badulla,Gorosu,1500.0,1166.0
07.11.2017,Kurunegala,Heen,1500.0,1417.0
07.11.2017,Ratnapura,H-1,1600.0,1500.0
07.11.2017,Colombo,C-5 Sp,2450.0,2450.0
07.11.2017,Kurunegala,Gorosu,900.0,800.0
07.11.2017,Kalutara,Alba,2800.0,2770.0
07.11.2017,Gampaha,Gorosu,1500.0,1235.0
07.11.2017,Gampaha,C-4,1600.0,1566.0
07.11.2017,Gampaha,C-5,2000.0,2000.0
07.11.2017,Kalutara,C-5 Sp,2600.0,2585.0
07.11.2017,Colombo,H-1,1800.0,1800.0
07.11.2017,Colombo,C-4,2350.0,2350.0
07.11.2017,Colombo,C-5,2400.0,2400.0
07.11.2017,Colombo,H-2,1750.0,1750.0
14.11.2017,Matara,Alba,3250.0,3163.0
14.11.2017,Kalutara,H-1,1400.0,1370.0
14.11.2017,Monaragala,Gorosu,1300.0,1140.0
14.11.2017,Kalutara,H-2,1100.0,1070.0
14.11.2017,Galle,Alba,2800.0,2785.0
14.11.2017,Galle,C-5 Sp,2470.0,2455.0
14.11.2017,Galle,C-5,2300.0,2285.0
14.11.2017,Galle,C-4,2240.0,2225.0
14.11.2017,Galle,H-1,1900.0,1860.0
14.11.2017,Galle,H-2,1800.0,1770.0
14.11.2017,Matara,C-5 Sp,2900.0,2833.0
14.11.2017,Hambantota,Gorosu,1850.0,1825.0
14.11.2017,Matara,C-4,2250.0,2230.0
14.11.2017,Matara,M-5,2200.0,2083.0
14.11.2017,Matara,M-4,2100.0,2050.0
14.11.2017,Matara,H-1,2000.0,1895.0
14.11.2017,Matara,H-2,1850.0,1811.0
14.11.2017,Matara,H-Faq,1750.0,1625.0
14.11.2017,Hambantota,C-5,2250.0,2240.0
14.11.2017,Hambantota,C-4,2200.0,2200.0
14.11.2017,Hambantota,H-1,1900.0,1875.0
14.11.2017,Kalutara,M-4,1800.0,1765.0
14.11.2017,Matara,C-5,2500.0,2344.0
14.11.2017,Kalutara,M-5,2200.0,2167.0
14.11.2017,Kalutara,Alba,2800.0,2770.0
14.11.2017,Kalutara,C-5,2400.0,2380.0
14.11.2017,Ratnapura,C-5 Sp,2350.0,2316.0
14.11.2017,Ratnapura,C-5,2300.0,2250.0
14.11.2017,Ratnapura,C-4,2150.0,2116.0
14.11.2017,Ratnapura,M-5,1800.0,1733.0
14.11.2017,Ratnapura,M-4,1800.0,1733.0
14.11.2017,Ratnapura,H-1,1550.0,1516.0
14.11.2017,Ratnapura,H-2,1300.0,1216.0
14.11.2017,Badulla,Heen,1300.0,1267.0
14.11.2017,Badulla,Gorosu,800.0,717.0
14.11.2017,Kurunegala,Heen,1500.0,1350.0
14.11.2017,Ratnapura,Alba,2800.0,2750.0
14.11.2017,Colombo,C-5 Sp,2450.0,2450.0
14.11.2017,Kurunegala,Gorosu,800.0,767.0
14.11.2017,Kalutara,C-5 Sp,2600.0,2585.0
14.11.2017,Gampaha,Gorosu,1500.0,1400.0
14.11.2017,Gampaha,C-4,1800.0,1600.0
14.11.2017,Kalutara,C-4,2300.0,2285.0
14.11.2017,Colombo,H-2,1800.0,1800.0
14.11.2017,Colombo,H-1,1850.0,1850.0
14.11.2017,Colombo,C-4,2350.0,2350.0
14.11.2017,Colombo,C-5,2400.0,2400.0
14.11.2017,Gampaha,C-5,2100.0,2000.0
21.11.2017,Galle,Alba,2800.0,2700.0
21.11.2017,Galle,C-5 Sp,2420.0,2350.0
21.11.2017,Galle,C-5,2250.0,2230.0
21.11.2017,Galle,C-4,2200.0,2190.0
21.11.2017,Galle,H-1,1880.0,1860.0
21.11.2017,Galle,H-2,1840.0,1820.0
21.11.2017,Matara,Alba,3200.0,3133.0
21.11.2017,Matara,C-5 Sp,2900.0,2900.0
21.11.2017,Matara,C-5,2700.0,2483.0
21.11.2017,Matara,M-4,2150.0,2075.0
21.11.2017,Matara,M-5,2220.0,2185.0
21.11.2017,Matara,H-1,2000.0,1938.0
21.11.2017,Matara,H-2,1850.0,1820.0
21.11.2017,Hambantota,C-5,2300.0,2300.0
21.11.2017,Hambantota,C-4,2250.0,2240.0
21.11.2017,Hambantota,H-1,1900.0,1875.0
21.11.2017,Hambantota,H-2,1850.0,1825.0
21.11.2017,Monaragala,Gorosu,1200.0,1150.0
21.11.2017,Kalutara,H-2,1100.0,1070.0
21.11.2017,Matara,C-4,2250.0,2230.0
21.11.2017,Matara,H-Faq,1750.0,1600.0
21.11.2017,Kalutara,H-1,1400.0,1370.0
21.11.2017,Kalutara,M-5,2200.0,2167.0
21.11.2017,Kalutara,M-4,1800.0,1765.0
21.11.2017,Ratnapura,Alba,2850.0,2800.0
21.11.2017,Ratnapura,C-5 Sp,2450.0,2416.0
21.11.2017,Ratnapura,C-5,2300.0,2283.0
21.11.2017,Ratnapura,C-4,2150.0,2133.0
21.11.2017,Ratnapura,M-4,1700.0,1650.0
21.11.2017,Ratnapura,H-1,1550.0,1516.0
21.11.2017,Ratnapura,H-2,1350.0,1316.0
21.11.2017,Badulla,Heen,2000.0,1900.0
21.11.2017,Ratnapura,M-5,1700.0,1650.0
21.11.2017,Kurunegala,Heen,1500.0,1350.0
21.11.2017,Kurunegala,Gorosu,800.0,767.0
21.11.2017,Gampaha,C-5,2200.0,2200.0
21.11.2017,Gampaha,C-4,1800.0,1625.0
21.11.2017,Gampaha,Gorosu,1500.0,1450.0
21.11.2017,Kalutara,Alba,2800.0,2770.0
21.11.2017,Kalutara,C-5 Sp,2600.0,2585.0
21.11.2017,Kalutara,C-5,2400.0,2380.0
21.11.2017,Badulla,Gorosu,1500.0,1400.0
21.11.2017,Kalutara,C-4,2300.0,2285.0
28.11.2017,Galle,H-2,1900.0,1875.0
28.11.2017,Galle,H-1,1910.0,1905.0
28.11.2017,Galle,C-4,2300.0,2290.0
28.11.2017,Monaragala,Gorosu,1200.0,1050.0
28.11.2017,Kalutara,H-1,1400.0,1370.0
28.11.2017,Galle,Alba,2850.0,2825.0
28.11.2017,Kalutara,H-2,1100.0,1070.0
28.11.2017,Matara,Alba,3300.0,3238.0
28.11.2017,Galle,C-5 Sp,2480.0,2465.0
28.11.2017,Matara,C-5 Sp,2900.0,2833.0
28.11.2017,Hambantota,H-2,1850.0,1840.0
28.11.2017,Matara,C-4,2200.0,2120.0
28.11.2017,Matara,M-5,2100.0,2100.0
28.11.2017,Matara,M-4,2100.0,2075.0
28.11.2017,Matara,H-1,2000.0,1922.0
28.11.2017,Matara,H-2,1900.0,1825.0
28.11.2017,Matara,H-Faq,1750.0,1625.0
28.11.2017,Hambantota,C-5,2250.0,2250.0
28.11.2017,Hambantota,C-4,2220.0,2210.0
28.11.2017,Hambantota,H-1,1920.0,1910.0
28.11.2017,Kalutara,M-4,1800.0,1765.0
28.11.2017,Matara,C-5,2500.0,2360.0
28.11.2017,Kalutara,M-5,2200.0,2167.0
28.11.2017,Galle,C-5,2400.0,2387.0
28.11.2017,Kalutara,C-5,2400.0,2380.0
28.11.2017,Ratnapura,Alba,2850.0,2800.0
28.11.2017,Ratnapura,C-5 Sp,2350.0,2333.0
28.11.2017,Ratnapura,C-5,2300.0,2250.0
28.11.2017,Ratnapura,C-4,2200.0,2083.0
28.11.2017,Ratnapura,M-5,1650.0,1623.0
28.11.2017,Ratnapura,M-4,1650.0,1623.0
28.11.2017,Ratnapura,H-1,1650.0,1600.0
28.11.2017,Ratnapura,H-2,1350.0,1320.0
28.11.2017,Badulla,Heen,2000.0,1650.0
28.11.2017,Badulla,Gorosu,1500.0,1275.0
28.11.2017,Kurunegala,Heen,1500.0,1433.0
28.11.2017,Kalutara,C-4,2300.0,2285.0
28.11.2017,Colombo,C-5 Sp,2900.0,2900.0
28.11.2017,Colombo,C-5,2575.0,2575.0
28.11.2017,Colombo,C-4,2435.0,2335.0
28.11.2017,Colombo,H-1,2000.0,2000.0
28.11.2017,Colombo,H-2,1900.0,1900.0
28.11.2017,Gampaha,C-5,2200.0,2200.0
28.11.2017,Gampaha,C-4,2000.0,1700.0
28.11.2017,Gampaha,Gorosu,1600.0,1450.0
28.11.2017,Kalutara,Alba,2800.0,2770.0
28.11.2017,Kalutara,C-5 Sp,2600.0,2585.0
28.11.2017,Kurunegala,Gorosu,800.0,767.0
05.12.2017,Matara,Alba,3300.0,3062.0
05.12.2017,Galle,H-2,1860.0,1850.0
05.12.2017,Galle,H-1,1900.0,1880.0
05.12.2017,Galle,C-4,2300.0,2285.0
05.12.2017,Kalutara,H-1,1400.0,1370.0
05.12.2017,Galle,C-5 Sp,2480.0,2450.0
05.12.2017,Galle,Alba,2800.0,2750.0
05.12.2017,Kalutara,H-2,1100.0,1070.0
05.12.2017,Matara,C-5 Sp,3000.0,2683.0
05.12.2017,Galle,C-5,2420.0,2400.0
05.12.2017,Matara,C-5,2500.0,2300.0
05.12.2017,Matara,H-2,1900.0,1853.0
05.12.2017,Matara,M-5,2250.0,2150.0
05.12.2017,Matara,M-4,2200.0,2100.0
05.12.2017,Matara,H-1,1950.0,1912.0
05.12.2017,Matara,H-Faq,1800.0,1600.0
05.12.2017,Hambantota,C-5,2250.0,2240.0
05.12.2017,Hambantota,C-4,2200.0,2200.0
05.12.2017,Hambantota,H-1,1900.0,1890.0
05.12.2017,Hambantota,Gorosu,1850.0,1850.0
05.12.2017,Monaragala,Gorosu,1500.0,1300.0
05.12.2017,Kalutara,M-4,1800.0,1765.0
05.12.2017,Matara,C-4,2300.0,2220.0
05.12.2017,Kalutara,M-5,2200.0,2168.0
05.12.2017,Kalutara,C-4,2300.0,2285.0
05.12.2017,Kalutara,C-5,2400.0,2390.0
05.12.2017,Ratnapura,Alba,2850.0,2816.0
05.12.2017,Ratnapura,C-5 Sp,2500.0,2450.0
05.12.2017,Ratnapura,C-5,2350.0,2333.0
05.12.2017,Ratnapura,C-4,2250.0,2216.0
05.12.2017,Ratnapura,M-5,1650.0,1616.0
05.12.2017,Ratnapura,M-4,1650.0,1616.0
05.12.2017,Ratnapura,H-2,1600.0,1550.0
05.12.2017,Badulla,Heen,1500.0,1350.0
05.12.2017,Badulla,Gorosu,1300.0,1100.0
05.12.2017,Kurunegala,Heen,1500.0,1417.0
05.12.2017,Ratnapura,H-1,1700.0,1680.0
05.12.2017,Colombo,C-5 Sp,2700.0,2700.0
05.12.2017,Kurunegala,Gorosu,800.0,783.0
05.12.2017,Kalutara,Alba,2800.0,2770.0
05.12.2017,Gampaha,Gorosu,1500.0,1500.0
05.12.2017,Gampaha,C-4,1800.0,1700.0
05.12.2017,Gampaha,C-5,2000.0,2000.0
05.12.2017,Kalutara,C-5 Sp,2600.0,2585.0
05.12.2017,Colombo,H-1,1900.0,1900.0
05.12.2017,Colombo,C-4,2400.0,2400.0
05.12.2017,Colombo,C-5,2500.0,2500.0
05.12.2017,Colombo,H-2,1800.0,1800.0
12.12.2017,Matara,C-5 Sp,3000.0,2900.0
12.12.2017,Kalutara,H-1,1400.0,1370.0
12.12.2017,Kalutara,H-2,1100.0,1070.0
12.12.2017,Galle,Alba,2880.0,2840.0
12.12.2017,Galle,C-5 Sp,2600.0,2550.0
12.12.2017,Galle,C-5,2280.0,2265.0
12.12.2017,Galle,C-4,2230.0,2215.0
12.12.2017,Galle,H-1,1930.0,1915.0
12.12.2017,Galle,H-2,1900.0,1875.0
12.12.2017,Matara,Alba,3350.0,3250.0
12.12.2017,Matara,C-5,2600.0,2344.0
12.12.2017,Monaragala,Gorosu,1500.0,1280.0
12.12.2017,Matara,M-5,2200.0,2200.0
12.12.2017,Matara,M-4,2100.0,2038.0
12.12.2017,Matara,H-1,2000.0,1927.0
12.12.2017,Matara,H-2,1900.0,1840.0
12.12.2017,Matara,H-Faq,1800.0,1630.0
12.12.2017,Hambantota,C-5,2250.0,2240.0
12.12.2017,Hambantota,C-4,2200.0,2200.0
12.12.2017,Hambantota,H-1,1900.0,1890.0
12.12.2017,Hambantota,Gorosu,1850.0,1850.0
12.12.2017,Kalutara,M-4,1800.0,1765.0
12.12.2017,Matara,C-4,2250.0,2240.0
12.12.2017,Kalutara,M-5,2200.0,2167.0
12.12.2017,Kalutara,C-5 Sp,2600.0,2585.0
12.12.2017,Kalutara,C-5,2400.0,2380.0
12.12.2017,Ratnapura,Alba,2800.0,2750.0
12.12.2017,Ratnapura,C-5 Sp,2450.0,2416.0
12.12.2017,Ratnapura,C-5,2350.0,2326.0
12.12.2017,Ratnapura,C-4,2250.0,2216.0
12.12.2017,Ratnapura,M-5,1650.0,1616.0
12.12.2017,Ratnapura,M-4,1650.0,1616.0
12.12.2017,Ratnapura,H-2,1450.0,1416.0
12.12.2017,Badulla,Heen,2000.0,1633.0
12.12.2017,Badulla,Gorosu,1600.0,1225.0
12.12.2017,Kurunegala,Heen,1800.0,1567.0
12.12.2017,Ratnapura,H-1,1650.0,1600.0
12.12.2017,Colombo,C-5 Sp,2600.0,2600.0
12.12.2017,Kurunegala,Gorosu,800.0,767.0
12.12.2017,Kalutara,Alba,2800.0,2770.0
12.12.2017,Gampaha,Gorosu,1500.0,1475.0
12.12.2017,Gampaha,C-4,1800.0,1650.0
12.12.2017,Gampaha,C-5,2100.0,2050.0
12.12.2017,Kalutara,C-4,2300.0,2285.0
12.12.2017,Colombo,H-1,1900.0,1900.0
12.12.2017,Colombo,C-4,2300.0,2300.0
12.12.2017,Colombo,C-5,2500.0,2500.0
12.12.2017,Colombo,H-2,1800.0,1800.0
19.12.2017,Matara,Alba,3350.0,3288.0
19.12.2017,Kalutara,H-1,1400.0,1370.0
19.12.2017,Kalutara,H-2,1100.0,1070.0
19.12.2017,Galle,Alba,2880.0,2850.0
19.12.2017,Galle,C-5 Sp,2600.0,2550.0
19.12.2017,Galle,C-5,2280.0,2270.0
19.12.2017,Galle,C-4,2230.0,2210.0
19.12.2017,Galle,H-1,1950.0,1925.0
19.12.2017,Galle,H-2,1900.0,1875.0
19.12.2017,Matara,C-5 Sp,3000.0,2867.0
19.12.2017,Hambantota,H-2,1850.0,1850.0
19.12.2017,Matara,C-4,2250.0,2230.0
19.12.2017,Matara,M-5,2200.0,2100.0
19.12.2017,Matara,M-4,2100.0,2067.0
19.12.2017,Matara,H-1,2000.0,1954.0
19.12.2017,Matara,H-2,1900.0,1856.0
19.12.2017,Matara,H-Faq,1800.0,1670.0
19.12.2017,Hambantota,C-5,2250.0,2240.0
19.12.2017,Hambantota,C-4,2200.0,2200.0
19.12.2017,Hambantota,H-1,1900.0,1890.0
19.12.2017,Kalutara,M-4,1800.0,1765.0
19.12.2017,Monaragala,Gorosu,1500.0,1280.0
19.12.2017,Matara,C-5,2500.0,2382.0
19.12.2017,Kalutara,M-5,2200.0,2167.0
19.12.2017,Kalutara,C-5 Sp,2600.0,2585.0
19.12.2017,Kalutara,C-5,2400.0,2380.0
19.12.2017,Ratnapura,Alba,2750.0,2716.0
19.12.2017,Kalutara,C-4,2300.0,2285.0
19.12.2017,Ratnapura,C-5,2250.0,2233.0
19.12.2017,Ratnapura,C-4,2200.0,2183.0
19.12.2017,Ratnapura,M-5,1700.0,1650.0
19.12.2017,Ratnapura,M-4,1700.0,1650.0
19.12.2017,Ratnapura,H-1,1650.0,1633.0
19.12.2017,Ratnapura,H-2,1550.0,1533.0
19.12.2017,Badulla,Heen,2000.0,1675.0
19.12.2017,Badulla,Gorosu,1600.0,1250.0
19.12.2017,Ratnapura,C-5 Sp,2400.0,2350.0
19.12.2017,Kurunegala,Gorosu,800.0,767.0
19.12.2017,Kurunegala,Heen,1600.0,1517.0
19.12.2017,Gampaha,Gorosu,1500.0,1500.0
19.12.2017,Gampaha,C-4,1900.0,1700.0
19.12.2017,Gampaha,C-5,2200.0,2100.0
19.12.2017,Kalutara,Alba,2800.0,2770.0
19.12.2017,Colombo,H-1,1850.0,1850.0
19.12.2017,Colombo,C-4,2350.0,2350.0
19.12.2017,Colombo,C-5,2500.0,2500.0
19.12.2017,Colombo,C-5 Sp,2600.0,2600.0
19.12.2017,Colombo,H-2,1800.0,1800.0
26.12.2017,Matara,C-5,2500.0,2350.0
26.12.2017,Galle,C-5,2280.0,2270.0
26.12.2017,Galle,C-4,2230.0,2210.0
26.12.2017,Galle,H-1,1950.0,1925.0
26.12.2017,Galle,H-2,1900.0,1875.0
26.12.2017,Matara,Alba,3350.0,3288.0
26.12.2017,Matara,C-5 Sp,3000.0,2660.0
26.12.2017,Matara,C-4,2250.0,2250.0
26.12.2017,Hambantota,C-5,2250.0,2250.0
26.12.2017,Matara,M-4,2150.0,2083.0
26.12.2017,Matara,H-1,2000.0,1968.0
26.12.2017,Matara,H-2,1950.0,1864.0
26.12.2017,Matara,H-Faq,1800.0,1660.0
26.12.2017,Hambantota,H-1,1950.0,1945.0
26.12.2017,Hambantota,H-2,1900.0,1875.0
26.12.2017,Monaragala,Gorosu,1200.0,1150.0
26.12.2017,Galle,C-5 Sp,2300.0,2280.0
26.12.2017,Matara,M-5,2200.0,2133.0
26.12.2017,Galle,Alba,2880.0,2850.0
26.12.2017,Hambantota,C-4,2240.0,2235.0
26.12.2017,Kalutara,H-1,1400.0,1370.0
26.12.2017,Ratnapura,Alba,2800.0,2766.0
26.12.2017,Ratnapura,C-5 Sp,2450.0,2350.0
26.12.2017,Ratnapura,C-5,2300.0,2216.0
26.12.2017,Kalutara,H-2,1100.0,1070.0
26.12.2017,Ratnapura,C-4,2200.0,2200.0
26.12.2017,Ratnapura,M-4,1700.0,1666.0
26.12.2017,Ratnapura,H-1,1650.0,1616.0
26.12.2017,Ratnapura,H-2,1500.0,1483.0
26.12.2017,Badulla,Heen,2000.0,1666.0
26.12.2017,Ratnapura,M-5,1700.0,1666.0
26.12.2017,Kurunegala,Heen,1500.0,1433.0
26.12.2017,Badulla,Gorosu,1600.0,1241.0
26.12.2017,Kalutara,M-5,2200.0,2167.0
26.12.2017,Kalutara,C-4,2300.0,2285.0
26.12.2017,Kalutara,C-5,2400.0,2380.0
26.12.2017,Kalutara,M-4,1800.0,1765.0
26.12.2017,Kalutara,Alba,2800.0,2770.0
26.12.2017,Kurunegala,Gorosu,800.0,767.0
26.12.2017,Kalutara,C-5 Sp,2600.0,2585.0
03.01.2018,Matara,C-5,2700.0,2407.0
03.01.2018,Galle,C-5 Sp,2480.0,2450.0
03.01.2018,Galle,C-5,2300.0,2280.0
03.01.2018,Galle,C-4,2240.0,2220.0
03.01.2018,Galle,H-1,1960.0,1953.0
03.01.2018,Galle,H-2,1930.0,1927.0
03.01.2018,Matara,Alba,3350.0,3288.0
03.01.2018,Matara,C-5 Sp,3000.0,2867.0
03.01.2018,Matara,C-4,2250.0,2248.0
03.01.2018,Monaragala,Gorosu,1200.0,1050.0
03.01.2018,Matara,M-4,2150.0,2063.0
03.01.2018,Matara,H-1,2000.0,1948.0
03.01.2018,Matara,H-2,1950.0,1863.0
03.01.2018,Matara,H-Faq,1850.0,1670.0
03.01.2018,Hambantota,C-5,2250.0,2250.0
03.01.2018,Hambantota,C-4,2240.0,2235.0
03.01.2018,Hambantota,H-1,1950.0,1925.0
03.01.2018,Hambantota,H-2,1900.0,1875.0
03.01.2018,Galle,Alba,2850.0,2800.0
03.01.2018,Matara,M-5,2200.0,2125.0
03.01.2018,Kalutara,H-2,1100.0,1070.0
03.01.2018,Kalutara,H-1,1400.0,1370.0
03.01.2018,Kalutara,M-4,1800.0,1765.0
03.01.2018,Ratnapura,C-5 Sp,2600.0,2550.0
03.01.2018,Ratnapura,C-5,2400.0,2366.0
03.01.2018,Ratnapura,C-4,2300.0,2200.0
03.01.2018,Ratnapura,M-5,1900.0,1850.0
03.01.2018,Ratnapura,M-4,1900.0,1850.0
03.01.2018,Ratnapura,H-1,1700.0,1650.0
03.01.2018,Ratnapura,H-2,1500.0,1433.0
03.01.2018,Badulla,Heen,2200.0,1683.0
03.01.2018,Badulla,Gorosu,1600.0,1141.0
03.01.2018,Ratnapura,Alba,3000.0,2916.0
03.01.2018,Kurunegala,Gorosu,800.0,775.0
03.01.2018,Gampaha,C-5,2000.0,2000.0
03.01.2018,Gampaha,C-4,1800.0,1675.0
03.01.2018,Gampaha,Gorosu,1500.0,1400.0
03.01.2018,Kalutara,Alba,2950.0,2935.0
03.01.2018,Kalutara,C-5 Sp,2750.0,2735.0
03.01.2018,Kalutara,C-5,2500.0,2485.0
03.01.2018,Kalutara,C-4,2350.0,2335.0
03.01.2018,Kalutara,M-5,2250.0,2235.0
03.01.2018,Kurunegala,Heen,1600.0,1500.0
09.01.2018,Matara,C-5 Sp,3000.0,2900.0
09.01.2018,Matara,Alba,3400.0,3300.0
09.01.2018,Galle,H-2,1930.0,1927.0
09.01.2018,Galle,C-5 Sp,2480.0,2450.0
09.01.2018,Galle,C-4,2240.0,2220.0
09.01.2018,Galle,C-5,2300.0,2280.0
09.01.2018,Matara,C-5,2500.0,2323.0
09.01.2018,Galle,H-1,1960.0,1953.0
09.01.2018,Matara,C-4,2300.0,2248.0
09.01.2018,Matara,H-Faq,1850.0,1630.0
09.01.2018,Matara,M-4,2200.0,2100.0
09.01.2018,Matara,H-1,2100.0,1978.0
09.01.2018,Matara,H-2,1950.0,1869.0
09.01.2018,Hambantota,C-5,2270.0,2260.0
09.01.2018,Hambantota,C-4,2270.0,2235.0
09.01.2018,Hambantota,H-1,1950.0,1950.0
09.01.2018,Hambantota,H-2,1900.0,1900.0
09.01.2018,Monaragala,Gorosu,1400.0,1240.0
09.01.2018,Galle,Alba,2850.0,2800.0
09.01.2018,Matara,M-5,2230.0,2143.0
09.01.2018,Kalutara,H-2,1100.0,1070.0
09.01.2018,Ratnapura,C-5 Sp,2700.0,2650.0
09.01.2018,Kalutara,M-4,1800.0,1765.0
09.01.2018,Kalutara,H-1,1400.0,1370.0
09.01.2018,Ratnapura,Alba,3100.0,3033.0
09.01.2018,Ratnapura,C-5,2450.0,2416.0
09.01.2018,Ratnapura,C-4,2300.0,2250.0
09.01.2018,Ratnapura,M-5,1700.0,1666.0
09.01.2018,Ratnapura,H-1,1650.0,1633.0
09.01.2018,Ratnapura,H-2,1300.0,1250.0
09.01.2018,Badulla,Heen,2200.0,1716.0
09.01.2018,Badulla,Gorosu,1500.0,1225.0
09.01.2018,Ratnapura,M-4,1700.0,1666.0
09.01.2018,Kurunegala,Gorosu,900.0,833.0
09.01.2018,Gampaha,C-5,2000.0,2000.0
09.01.2018,Gampaha,C-4,1800.0,1625.0
09.01.2018,Gampaha,Gorosu,1500.0,1275.0
09.01.2018,Kalutara,Alba,2950.0,2935.0
09.01.2018,Kalutara,C-5 Sp,2750.0,2735.0
09.01.2018,Kalutara,C-5,2500.0,2485.0
09.01.2018,Kalutara,C-4,2350.0,2333.0
09.01.2018,Kurunegala,Heen,1700.0,1567.0
09.01.2018,Kalutara,M-5,2250.0,2235.0
16.01.2018,Matara,Alba,3450.0,3338.0
16.01.2018,Galle,H-2,1950.0,1940.0
16.01.2018,Galle,H-1,1970.0,1960.0
16.01.2018,Galle,C-4,2250.0,2210.0
16.01.2018,Kalutara,H-2,1100.0,1070.0
16.01.2018,Galle,C-5 Sp,2450.0,2425.0
16.01.2018,Galle,Alba,3000.0,2900.0
16.01.2018,Kalutara,H-1,1400.0,1370.0
16.01.2018,Matara,C-5 Sp,3000.0,2867.0
16.01.2018,Galle,C-5,2350.0,2325.0
16.01.2018,Matara,C-5,2500.0,2342.0
16.01.2018,Hambantota,H-1,2000.0,2000.0
16.01.2018,Matara,M-5,2230.0,2127.0
16.01.2018,Matara,M-4,2200.0,2090.0
16.01.2018,Matara,H-1,2100.0,1982.0
16.01.2018,Matara,H-2,1980.0,1885.0
16.01.2018,Matara,H-Faq,1850.0,1640.0
16.01.2018,Monaragala,Gorosu,1300.0,1210.0
16.01.2018,Hambantota,C-5,2300.0,2300.0
16.01.2018,Hambantota,C-4,2250.0,2250.0
16.01.2018,Hambantota,H-2,1950.0,1950.0
16.01.2018,Kalutara,M-4,1800.0,1765.0
16.01.2018,Matara,C-4,2300.0,2250.0
16.01.2018,Kalutara,M-5,2250.0,2235.0
16.01.2018,Ratnapura,M-5,1600.0,1583.0
16.01.2018,Kalutara,C-5,2500.0,2485.0
16.01.2018,Ratnapura,C-5 Sp,2450.0,2416.0
16.01.2018,Ratnapura,C-5,2350.0,2316.0
16.01.2018,Ratnapura,C-4,2150.0,2116.0
16.01.2018,Ratnapura,M-4,1600.0,1583.0
16.01.2018,Ratnapura,H-1,1350.0,1300.0
16.01.2018,Ratnapura,H-2,1150.0,1116.0
16.01.2018,Badulla,Heen,2200.0,1733.0
16.01.2018,Badulla,Gorosu,1600.0,1191.0
16.01.2018,Kurunegala,Heen,1500.0,1367.0
16.01.2018,Kurunegala,Gorosu,800.0,767.0
16.01.2018,Ratnapura,Alba,3000.0,2950.0
16.01.2018,Colombo,C-5,2550.0,2550.0
16.01.2018,Colombo,C-5 Sp,2600.0,2600.0
16.01.2018,Kalutara,C-5 Sp,2750.0,2735.0
16.01.2018,Kalutara,Alba,2950.0,2935.0
16.01.2018,Gampaha,Gorosu,1500.0,1225.0
16.01.2018,Kalutara,C-4,2350.0,2333.0
16.01.2018,Gampaha,C-5,2000.0,2000.0
16.01.2018,Colombo,H-2,1750.0,1750.0
16.01.2018,Colombo,H-1,1800.0,1800.0
16.01.2018,Colombo,C-4,2350.0,2350.0
16.01.2018,Gampaha,C-4,1800.0,1600.0
23.01.2018,Galle,Alba,2800.0,2780.0
23.01.2018,Galle,C-5 Sp,2350.0,2320.0
23.01.2018,Galle,C-5,2280.0,2250.0
23.01.2018,Galle,C-4,2240.0,2230.0
23.01.2018,Galle,H-1,1980.0,1970.0
23.01.2018,Galle,H-2,1960.0,1950.0
23.01.2018,Matara,Alba,3450.0,3363.0
23.01.2018,Matara,C-5 Sp,3000.0,2900.0
23.01.2018,Matara,C-5,2600.0,2410.0
23.01.2018,Matara,M-4,2120.0,2068.0
23.01.2018,Matara,M-5,2200.0,2113.0
23.01.2018,Matara,H-1,2050.0,1980.0
23.01.2018,Matara,H-2,1950.0,1911.0
23.01.2018,Hambantota,C-5,2300.0,2290.0
23.01.2018,Hambantota,C-4,2250.0,2237.0
23.01.2018,Hambantota,H-1,2020.0,2010.0
23.01.2018,Hambantota,Gorosu,1970.0,1935.0
23.01.2018,Monaragala,Gorosu,1500.0,1280.0
23.01.2018,Kalutara,H-2,1100.0,1070.0
23.01.2018,Matara,C-4,2250.0,2230.0
23.01.2018,Matara,H-Faq,1900.0,1690.0
23.01.2018,Kalutara,H-1,1400.0,1370.0
23.01.2018,Kalutara,M-5,2250.0,2235.0
23.01.2018,Kalutara,M-4,1800.0,1765.0
23.01.2018,Ratnapura,Alba,3000.0,2966.0
23.01.2018,Ratnapura,C-5 Sp,2400.0,2333.0
23.01.2018,Ratnapura,C-5,2300.0,2275.0
23.01.2018,Ratnapura,C-4,2000.0,1966.0
23.01.2018,Ratnapura,M-4,1650.0,1616.0
23.01.2018,Ratnapura,H-1,1450.0,1433.0
23.01.2018,Ratnapura,H-2,1350.0,1333.0
23.01.2018,Badulla,Heen,2000.0,1700.0
23.01.2018,Ratnapura,M-5,1650.0,1616.0
23.01.2018,Kurunegala,Heen,1700.0,1567.0
23.01.2018,Kurunegala,Gorosu,900.0,833.0
23.01.2018,Gampaha,C-5,2000.0,2000.0
23.01.2018,Gampaha,C-4,1800.0,1525.0
23.01.2018,Gampaha,Gorosu,1500.0,1200.0
23.01.2018,Kalutara,Alba,2950.0,2935.0
23.01.2018,Kalutara,C-5 Sp,2750.0,2735.0
23.01.2018,Kalutara,C-5,2500.0,2485.0
23.01.2018,Badulla,Gorosu,1600.0,1205.0
23.01.2018,Kalutara,C-4,2350.0,2333.0
29.01.2018,Matara,Alba,3500.0,3375.0
29.01.2018,Galle,H-2,1960.0,1950.0
29.01.2018,Galle,H-1,1980.0,1970.0
29.01.2018,Galle,C-4,2240.0,2230.0
29.01.2018,Kalutara,H-2,1200.0,1167.0
29.01.2018,Galle,C-5 Sp,2350.0,2320.0
29.01.2018,Galle,Alba,2800.0,2780.0
29.01.2018,Kalutara,H-1,1500.0,1483.0
29.01.2018,Matara,C-5 Sp,3000.0,2833.0
29.01.2018,Galle,C-5,2280.0,2250.0
29.01.2018,Matara,C-5,2500.0,2367.0
29.01.2018,Hambantota,H-2,2000.0,1975.0
29.01.2018,Matara,M-5,2250.0,2183.0
29.01.2018,Matara,M-4,2200.0,2160.0
29.01.2018,Matara,H-1,2100.0,2008.0
29.01.2018,Matara,H-2,2000.0,1925.0
29.01.2018,Matara,H-Faq,1800.0,1700.0
29.01.2018,Hambantota,C-5,2300.0,2300.0
29.01.2018,Hambantota,C-4,2250.0,2250.0
29.01.2018,Hambantota,H-1,2050.0,2025.0
29.01.2018,Monaragala,Gorosu,1500.0,1300.0
29.01.2018,Kalutara,M-4,2000.0,1933.0
29.01.2018,Matara,C-4,2270.0,2254.0
29.01.2018,Kalutara,M-5,2300.0,2267.0
29.01.2018,Ratnapura,C-4,2150.0,2116.0
29.01.2018,Kalutara,C-5,2600.0,2567.0
29.01.2018,Ratnapura,Alba,3200.0,3100.0
29.01.2018,Ratnapura,C-5 Sp,2350.0,2333.0
29.01.2018,Ratnapura,C-5,2250.0,2216.0
29.01.2018,Ratnapura,M-5,1650.0,1625.0
29.01.2018,Ratnapura,M-4,1650.0,1625.0
29.01.2018,Ratnapura,H-1,1600.0,1550.0
29.01.2018,Ratnapura,H-2,1500.0,1450.0
29.01.2018,Badulla,Heen,2000.0,1633.0
29.01.2018,Badulla,Gorosu,1500.0,1183.0
29.01.2018,Kurunegala,Heen,1600.0,1533.0
29.01.2018,Kalutara,C-4,2400.0,2370.0
29.01.2018,Colombo,C-5 Sp,2600.0,2600.0
29.01.2018,Kalutara,Alba,3000.0,2985.0
29.01.2018,Gampaha,Gorosu,1500.0,1250.0
29.01.2018,Kurunegala,Gorosu,850.0,817.0
29.01.2018,Gampaha,C-4,1800.0,1600.0
29.01.2018,Kalutara,C-5 Sp,2800.0,2767.0
29.01.2018,Colombo,H-2,1850.0,1850.0
29.01.2018,Colombo,H-1,1900.0,1900.0
29.01.2018,Colombo,C-4,2300.0,2300.0
29.01.2018,Colombo,C-5,2500.0,2500.0
29.01.2018,Gampaha,C-5,2000.0,2000.0
06.02.2018,Matara,C-5 Sp,3000.0,2867.0
06.02.2018,Kalutara,H-1,1500.0,1483.0
06.02.2018,Kalutara,H-2,1200.0,1167.0
06.02.2018,Galle,Alba,2800.0,2750.0
06.02.2018,Galle,C-5,2250.0,2240.0
06.02.2018,Galle,C-4,2220.0,2210.0
06.02.2018,Galle,H-1,1980.0,1970.0
06.02.2018,Galle,H-2,1950.0,1940.0
06.02.2018,Matara,Alba,3500.0,3388.0
06.02.2018,Matara,C-5,2500.0,2475.0
06.02.2018,Matara,H-Faq,1900.0,1750.0
06.02.2018,Matara,M-5,2250.0,2195.0
06.02.2018,Matara,M-4,2200.0,2150.0
06.02.2018,Matara,H-1,2100.0,2055.0
06.02.2018,Matara,H-2,2050.0,1964.0
06.02.2018,Kalutara,M-4,2000.0,1933.0
06.02.2018,Hambantota,C-5,2300.0,2285.0
06.02.2018,Hambantota,C-4,2250.0,2250.0
06.02.2018,Hambantota,H-1,2050.0,2025.0
06.02.2018,Hambantota,H-2,2000.0,1975.0
06.02.2018,Monaragala,Gorosu,1500.0,1160.0
06.02.2018,Matara,C-4,2300.0,2275.0
06.02.2018,Kalutara,M-5,2300.0,2267.0
06.02.2018,Galle,C-5 Sp,2350.0,2325.0
06.02.2018,Kalutara,C-5,2600.0,2567.0
06.02.2018,Kalutara,C-4,2400.0,2370.0
06.02.2018,Ratnapura,C-5 Sp,2550.0,2500.0
06.02.2018,Ratnapura,C-5,2420.0,2400.0
06.02.2018,Ratnapura,C-4,2220.0,2210.0
06.02.2018,Ratnapura,M-5,1850.0,1783.0
06.02.2018,Ratnapura,M-4,1850.0,1783.0
06.02.2018,Ratnapura,H-1,1800.0,1716.0
06.02.2018,Ratnapura,H-2,1300.0,1266.0
06.02.2018,Badulla,Heen,2000.0,1575.0
06.02.2018,Badulla,Gorosu,1500.0,1166.0
06.02.2018,Kurunegala,Heen,1600.0,1533.0
06.02.2018,Ratnapura,Alba,2850.0,2823.0
06.02.2018,Colombo,C-5 Sp,2800.0,2800.0
06.02.2018,Kurunegala,Gorosu,850.0,817.0
06.02.2018,Kalutara,Alba,3000.0,2985.0
06.02.2018,Gampaha,Gorosu,1500.0,1375.0
06.02.2018,Gampaha,C-4,1900.0,1700.0
06.02.2018,Kalutara,C-5 Sp,2800.0,2764.0
06.02.2018,Colombo,H-2,1850.0,1850.0
06.02.2018,Colombo,H-1,1900.0,1900.0
06.02.2018,Colombo,C-4,2300.0,2300.0
06.02.2018,Colombo,C-5,2600.0,2600.0
06.02.2018,Gampaha,C-5,2200.0,2200.0
12.02.2018,Monaragala,Gorosu,1500.0,1250.0
12.02.2018,Matara,Alba,3500.0,3408.0
12.02.2018,Kalutara,H-2,1200.0,1167.0
12.02.2018,Galle,Alba,2950.0,2800.0
12.02.2018,Galle,C-5 Sp,2500.0,2450.0
12.02.2018,Galle,C-5,2250.0,2230.0
12.02.2018,Galle,C-4,2220.0,2210.0
12.02.2018,Galle,H-1,2000.0,1990.0
12.02.2018,Galle,H-2,1970.0,1965.0
12.02.2018,Matara,C-5 Sp,3000.0,2867.0
12.02.2018,Matara,H-2,2000.0,1938.0
12.02.2018,Matara,C-4,2350.0,2270.0
12.02.2018,Matara,M-5,2250.0,2183.0
12.02.2018,Matara,M-4,2200.0,2193.0
12.02.2018,Matara,H-1,2100.0,2034.0
12.02.2018,Matara,H-Faq,1900.0,1775.0
12.02.2018,Hambantota,C-5,2300.0,2300.0
12.02.2018,Hambantota,C-4,2250.0,2250.0
12.02.2018,Hambantota,H-1,2050.0,2025.0
12.02.2018,Hambantota,H-2,2000.0,1975.0
12.02.2018,Kalutara,M-4,2000.0,1933.0
12.02.2018,Matara,C-5,2500.0,2380.0
12.02.2018,Kalutara,M-5,2300.0,2267.0
12.02.2018,Kalutara,H-1,1500.0,1483.0
12.02.2018,Kalutara,C-5,2600.0,2567.0
12.02.2018,Kalutara,C-4,2400.0,2370.0
12.02.2018,Ratnapura,Alba,2950.0,2883.0
12.02.2018,Ratnapura,C-5 Sp,2500.0,2450.0
12.02.2018,Ratnapura,C-5,2350.0,2316.0
12.02.2018,Ratnapura,C-4,2250.0,2250.0
12.02.2018,Ratnapura,M-5,1800.0,1733.0
12.02.2018,Ratnapura,M-4,1800.0,1733.0
12.02.2018,Ratnapura,H-1,1800.0,1766.0
12.02.2018,Ratnapura,H-2,1300.0,1250.0
12.02.2018,Badulla,Heen,2000.0,1700.0
12.02.2018,Badulla,Gorosu,1500.0,1200.0
12.02.2018,Kalutara,Alba,3000.0,2985.0
12.02.2018,Kurunegala,Gorosu,800.0,783.0
12.02.2018,Colombo,C-5 Sp,2700.0,2700.0
12.02.2018,Colombo,C-5,2600.0,2600.0
12.02.2018,Colombo,C-4,2350.0,2350.0
12.02.2018,Colombo,H-1,1850.0,1850.0
12.02.2018,Colombo,H-2,1800.0,1800.0
12.02.2018,Gampaha,C-5,2200.0,2200.0
12.02.2018,Gampaha,C-4,1800.0,1675.0
12.02.2018,Gampaha,Gorosu,1400.0,1325.0
12.02.2018,Kalutara,C-5 Sp,2800.0,2767.0
12.02.2018,Kurunegala,Heen,1500.0,1200.0
20.02.2018,Matara,Alba,3500.0,3350.0
20.02.2018,Galle,H-2,1970.0,1965.0
20.02.2018,Galle,H-1,2000.0,1990.0
20.02.2018,Kalutara,H-2,1200.0,1167.0
20.02.2018,Galle,C-5 Sp,2500.0,2450.0
20.02.2018,Galle,Alba,2950.0,2800.0
20.02.2018,Matara,C-5 Sp,3000.0,2883.0
20.02.2018,Galle,C-5,2250.0,2230.0
20.02.2018,Matara,C-5,2500.0,2300.0
20.02.2018,Matara,H-2,2000.0,1969.0
20.02.2018,Matara,M-5,2250.0,2167.0
20.02.2018,Matara,M-4,2200.0,2150.0
20.02.2018,Matara,H-1,2100.0,2043.0
20.02.2018,Matara,H-Faq,1900.0,1800.0
20.02.2018,Hambantota,C-5,2300.0,2300.0
20.02.2018,Hambantota,C-4,2250.0,2250.0
20.02.2018,Hambantota,H-1,2050.0,2025.0
20.02.2018,Hambantota,H-2,2000.0,1975.0
20.02.2018,Monaragala,Gorosu,1500.0,1200.0
20.02.2018,Matara,C-4,2300.0,2267.0
20.02.2018,Kalutara,H-1,1500.0,1483.0
20.02.2018,Galle,C-4,2220.0,2210.0
20.02.2018,Kalutara,C-4,2500.0,2370.0
20.02.2018,Kalutara,M-4,2000.0,1933.0
20.02.2018,Ratnapura,Alba,3000.0,2933.0
20.02.2018,Ratnapura,C-5 Sp,2500.0,2450.0
20.02.2018,Ratnapura,C-5,2350.0,2325.0
20.02.2018,Ratnapura,C-4,2250.0,2216.0
20.02.2018,Ratnapura,M-5,1750.0,1716.0
20.02.2018,Ratnapura,M-4,1750.0,1716.0
20.02.2018,Ratnapura,H-1,1900.0,1833.0
20.02.2018,Ratnapura,H-2,1700.0,1650.0
20.02.2018,Kalutara,M-5,2300.0,2268.0
20.02.2018,Badulla,Gorosu,1500.0,1200.0
20.02.2018,Badulla,Heen,2000.0,1616.0
20.02.2018,Kalutara,C-5 Sp,2800.0,2767.0
20.02.2018,Kalutara,Alba,3000.0,2985.0
20.02.2018,Gampaha,Gorosu,1500.0,1400.0
20.02.2018,Kalutara,C-5,2600.0,2567.0
20.02.2018,Gampaha,C-5,2200.0,2100.0
20.02.2018,Kurunegala,Gorosu,850.0,800.0
20.02.2018,Kurunegala,Heen,1500.0,1467.0
20.02.2018,Gampaha,C-4,1800.0,1650.0
27.02.2018,Galle,Alba,2880.0,2865.0
27.02.2018,Matara,C-5 Sp,3000.0,2867.0
27.02.2018,Galle,C-5 Sp,2450.0,2430.0
27.02.2018,Galle,C-5,2350.0,2343.0
27.02.2018,Galle,C-4,2300.0,2288.0
27.02.2018,Galle,H-1,2070.0,2058.0
27.02.2018,Galle,H-2,2050.0,2035.0
27.02.2018,Matara,Alba,3500.0,3400.0
27.02.2018,Matara,C-5,2500.0,2390.0
27.02.2018,Matara,H-2,2020.0,1963.0
27.02.2018,Matara,M-5,2250.0,2183.0
27.02.2018,Matara,M-4,2200.0,2150.0
27.02.2018,Matara,H-1,2150.0,2074.0
27.02.2018,Matara,H-Faq,1900.0,1800.0
27.02.2018,Hambantota,C-5,2300.0,2290.0
27.02.2018,Hambantota,C-4,2250.0,2250.0
27.02.2018,Hambantota,H-1,2050.0,2025.0
27.02.2018,Hambantota,H-2,2000.0,1987.0
27.02.2018,Monaragala,Gorosu,1200.0,1100.0
27.02.2018,Matara,C-4,2300.0,2268.0
27.02.2018,Kalutara,H-2,1200.0,1167.0
27.02.2018,Kalutara,H-1,1500.0,1483.0
27.02.2018,Kalutara,M-5,2300.0,2267.0
27.02.2018,Ratnapura,Alba,2900.0,2883.0
27.02.2018,Ratnapura,C-5 Sp,2450.0,2416.0
27.02.2018,Ratnapura,C-5,2350.0,2316.0
27.02.2018,Ratnapura,C-4,2200.0,2183.0
27.02.2018,Ratnapura,M-5,1750.0,1683.0
27.02.2018,Ratnapura,M-4,1750.0,1683.0
27.02.2018,Ratnapura,H-1,1800.0,1750.0
27.02.2018,Ratnapura,H-2,1350.0,1316.0
27.02.2018,Badulla,Heen,2300.0,1691.0
27.02.2018,Kalutara,M-4,2000.0,1933.0
27.02.2018,Kurunegala,Heen,1800.0,1600.0
27.02.2018,Kurunegala,Gorosu,1000.0,867.0
27.02.2018,Gampaha,C-5,2100.0,2050.0
27.02.2018,Gampaha,C-4,1800.0,1675.0
27.02.2018,Gampaha,Gorosu,1500.0,1425.0
27.02.2018,Kalutara,Alba,3000.0,2985.0
27.02.2018,Kalutara,C-5 Sp,2800.0,2767.0
27.02.2018,Kalutara,C-5,2600.0,2567.0
27.02.2018,Kalutara,C-4,2400.0,2370.0
27.02.2018,Badulla,Gorosu,1700.0,1216.0
06.03.2018,Galle,H-2,2040.0,2033.0
06.03.2018,Galle,H-1,2060.0,2053.0
06.03.2018,Galle,C-4,2300.0,2285.0
06.03.2018,Galle,C-5,2350.0,2343.0
06.03.2018,Kalutara,H-1,1500.0,1483.0
06.03.2018,Galle,Alba,2880.0,2865.0
06.03.2018,Kalutara,H-2,1200.0,1167.0
06.03.2018,Matara,Alba,3600.0,3550.0
06.03.2018,Kalutara,M-4,2000.0,1933.0
06.03.2018,Galle,C-5 Sp,2450.0,2430.0
06.03.2018,Matara,C-5 Sp,3000.0,2933.0
06.03.2018,Matara,H-1,2100.0,2074.0
06.03.2018,Matara,C-4,2300.0,2272.0
06.03.2018,Matara,M-5,2250.0,2188.0
06.03.2018,Matara,M-4,2200.0,2150.0
06.03.2018,Matara,H-2,2050.0,2022.0
06.03.2018,Matara,H-Faq,1900.0,1775.0
06.03.2018,Hambantota,C-5,2300.0,2290.0
06.03.2018,Hambantota,C-4,2250.0,2250.0
06.03.2018,Kalutara,M-5,2300.0,2267.0
06.03.2018,Hambantota,H-2,2000.0,2000.0
06.03.2018,Monaragala,Gorosu,1600.0,1316.0
06.03.2018,Matara,C-5,2800.0,2600.0
06.03.2018,Hambantota,H-1,2050.0,2050.0
06.03.2018,Kalutara,C-4,2400.0,2370.0
06.03.2018,Kalutara,C-5 Sp,2800.0,2767.0
06.03.2018,Kalutara,C-5,2600.0,2567.0
06.03.2018,Ratnapura,C-5 Sp,2500.0,2450.0
06.03.2018,Ratnapura,C-5,2350.0,2316.0
06.03.2018,Ratnapura,C-4,2200.0,2150.0
06.03.2018,Ratnapura,M-5,1900.0,1850.0
06.03.2018,Ratnapura,M-4,1900.0,1850.0
06.03.2018,Ratnapura,H-1,1800.0,1733.0
06.03.2018,Ratnapura,H-2,1350.0,1300.0
06.03.2018,Badulla,Heen,2300.0,1691.0
06.03.2018,Badulla,Gorosu,1700.0,1250.0
06.03.2018,Ratnapura,Alba,2950.0,2883.0
06.03.2018,Kurunegala,Gorosu,900.0,867.0
06.03.2018,Kurunegala,Heen,1500.0,1400.0
06.03.2018,Gampaha,Gorosu,1500.0,1475.0
06.03.2018,Gampaha,C-4,1800.0,1650.0
06.03.2018,Gampaha,C-5,2100.0,2100.0
06.03.2018,Kalutara,Alba,3000.0,2985.0
06.03.2018,Colombo,H-1,1800.0,1800.0
06.03.2018,Colombo,C-4,2300.0,2300.0
06.03.2018,Colombo,C-5,2500.0,2500.0
06.03.2018,Colombo,C-5 Sp,2600.0,2600.0
06.03.2018,Colombo,H-2,1750.0,1750.0
13.03.2018,Matara,C-5 Sp,3000.0,2767.0
13.03.2018,Galle,Alba,3500.0,3125.0
13.03.2018,Galle,C-5 Sp,2500.0,2450.0
13.03.2018,Galle,C-5,2300.0,2275.0
13.03.2018,Galle,C-4,2250.0,2230.0
13.03.2018,Galle,H-1,2100.0,2065.0
13.03.2018,Galle,H-2,2060.0,2000.0
13.03.2018,Matara,Alba,3600.0,3525.0
13.03.2018,Matara,C-5,2800.0,2465.0
13.03.2018,Matara,H-Faq,1900.0,1738.0
13.03.2018,Matara,M-5,2250.0,2167.0
13.03.2018,Matara,M-4,2150.0,2125.0
13.03.2018,Matara,H-1,2100.0,2044.0
13.03.2018,Matara,H-2,2050.0,2028.0
13.03.2018,Hambantota,C-5,2300.0,2300.0
13.03.2018,Hambantota,C-4,2250.0,2250.0
13.03.2018,Hambantota,H-1,2050.0,2050.0
13.03.2018,Hambantota,H-2,2000.0,2000.0
13.03.2018,Monaragala,Gorosu,1600.0,1350.0
13.03.2018,Matara,C-4,2270.0,2240.0
13.03.2018,Kalutara,H-1,1500.0,1483.0
13.03.2018,Kalutara,H-2,1200.0,1167.0
13.03.2018,Kalutara,M-5,2300.0,2267.0
13.03.2018,Kalutara,M-4,2000.0,1933.0
13.03.2018,Ratnapura,Alba,2900.0,2862.0
13.03.2018,Ratnapura,C-5 Sp,2450.0,2425.0
13.03.2018,Ratnapura,C-5,2350.0,2328.0
13.03.2018,Ratnapura,C-4,2100.0,2037.0
13.03.2018,Ratnapura,M-4,1800.0,1725.0
13.03.2018,Ratnapura,H-1,1800.0,1750.0
13.03.2018,Ratnapura,H-2,1300.0,1250.0
13.03.2018,Badulla,Heen,2200.0,1675.0
13.03.2018,Ratnapura,M-5,1800.0,1725.0
13.03.2018,Kurunegala,Heen,1500.0,1466.0
13.03.2018,Kurunegala,Gorosu,900.0,833.0
13.03.2018,Gampaha,C-5,2400.0,2250.0
13.03.2018,Gampaha,C-4,2000.0,1730.0
13.03.2018,Gampaha,Gorosu,1650.0,1400.0
13.03.2018,Kalutara,Alba,3000.0,2985.0
13.03.2018,Kalutara,C-5 Sp,2800.0,2767.0
13.03.2018,Kalutara,C-5,2600.0,2567.0
13.03.2018,Badulla,Gorosu,1600.0,1225.0
13.03.2018,Kalutara,C-4,2400.0,2370.0
20.03.2018,Galle,H-2,2050.0,2000.0
20.03.2018,Galle,H-1,2100.0,2065.0
20.03.2018,Galle,C-4,2250.0,2230.0
20.03.2018,Galle,C-5,2300.0,2275.0
20.03.2018,Kalutara,H-1,1500.0,1483.0
20.03.2018,Galle,Alba,3500.0,3200.0
20.03.2018,Kalutara,H-2,1200.0,1167.0
20.03.2018,Matara,Alba,3650.0,3562.0
20.03.2018,Galle,C-5 Sp,2450.0,2450.0
20.03.2018,Matara,C-5 Sp,3000.0,2933.0
20.03.2018,Hambantota,H-2,2000.0,2000.0
20.03.2018,Matara,C-4,2300.0,2251.0
20.03.2018,Matara,M-5,2250.0,2167.0
20.03.2018,Matara,M-4,2200.0,2150.0
20.03.2018,Matara,H-1,2150.0,2074.0
20.03.2018,Matara,H-2,2050.0,2028.0
20.03.2018,Matara,H-Faq,1950.0,1750.0
20.03.2018,Hambantota,C-5,2300.0,2300.0
20.03.2018,Hambantota,C-4,2250.0,2250.0
20.03.2018,Hambantota,H-1,2050.0,2050.0
20.03.2018,Monaragala,Gorosu,1500.0,1300.0
20.03.2018,Matara,C-5,2800.0,2515.0
20.03.2018,Kalutara,M-5,2300.0,2267.0
20.03.2018,Kalutara,M-4,2000.0,1933.0
20.03.2018,Kalutara,C-5,2600.0,2567.0
20.03.2018,Kalutara,C-4,2400.0,2370.0
20.03.2018,Ratnapura,Alba,2800.0,2737.0
20.03.2018,Ratnapura,C-5 Sp,2500.0,2475.0
20.03.2018,Ratnapura,C-5,2450.0,2387.0
20.03.2018,Ratnapura,C-4,2300.0,2212.0
20.03.2018,Ratnapura,M-5,1800.0,1762.0
20.03.2018,Ratnapura,H-1,1750.0,1725.0
20.03.2018,Ratnapura,H-2,1200.0,1175.0
20.03.2018,Badulla,Heen,1500.0,1167.0
20.03.2018,Badulla,Gorosu,1200.0,867.0
20.03.2018,Kurunegala,Heen,1600.0,1500.0
20.03.2018,Ratnapura,M-4,1800.0,1762.0
20.03.2018,Colombo,C-5 Sp,2700.0,2700.0
20.03.2018,Kurunegala,Gorosu,900.0,833.0
20.03.2018,Kalutara,Alba,3000.0,2985.0
20.03.2018,Gampaha,Gorosu,2000.0,1800.0
20.03.2018,Gampaha,C-4,2500.0,2350.0
20.03.2018,Gampaha,C-5,2800.0,2600.0
20.03.2018,Kalutara,C-5 Sp,2800.0,2767.0
20.03.2018,Colombo,H-1,2100.0,2100.0
20.03.2018,Colombo,C-4,2400.0,2400.0
20.03.2018,Colombo,C-5,2600.0,2600.0
20.03.2018,Colombo,H-2,1950.0,1950.0
27.03.2018,Matara,C-5 Sp,3000.0,2900.0
27.03.2018,Kalutara,H-1,1500.0,1483.0
27.03.2018,Kalutara,H-2,1200.0,1167.0
27.03.2018,Galle,Alba,3500.0,3250.0
27.03.2018,Galle,C-5 Sp,2550.0,2525.0
27.03.2018,Galle,C-5,2300.0,2300.0
27.03.2018,Galle,C-4,2250.0,2235.0
27.03.2018,Galle,H-1,2100.0,2095.0
27.03.2018,Galle,H-2,2080.0,2075.0
27.03.2018,Matara,Alba,3650.0,3562.0
27.03.2018,Matara,C-5,2600.0,2402.0
27.03.2018,Kalutara,M-4,2000.0,1933.0
27.03.2018,Matara,M-5,2200.0,2200.0
27.03.2018,Matara,M-4,2150.0,2150.0
27.03.2018,Matara,H-1,2080.0,2058.0
27.03.2018,Matara,H-2,2050.0,2010.0
27.03.2018,Matara,H-Faq,1900.0,1738.0
27.03.2018,Hambantota,C-5,2300.0,2300.0
27.03.2018,Hambantota,C-4,2250.0,2250.0
27.03.2018,Hambantota,H-1,2050.0,2050.0
27.03.2018,Hambantota,H-2,2000.0,2000.0
27.03.2018,Monaragala,Gorosu,1500.0,1280.0
27.03.2018,Matara,C-4,2400.0,2292.0
27.03.2018,Kalutara,M-5,2300.0,2267.0
27.03.2018,Ratnapura,Alba,2900.0,2862.0
27.03.2018,Kalutara,C-5,2600.0,2567.0
27.03.2018,Ratnapura,C-5 Sp,2500.0,2450.0
27.03.2018,Ratnapura,C-5,2400.0,2350.0
27.03.2018,Ratnapura,C-4,2350.0,2300.0
27.03.2018,Ratnapura,M-5,1900.0,1850.0
27.03.2018,Ratnapura,M-4,1900.0,1850.0
27.03.2018,Ratnapura,H-1,1800.0,1775.0
27.03.2018,Ratnapura,H-2,1400.0,1250.0
27.03.2018,Badulla,Heen,2000.0,1600.0
27.03.2018,Badulla,Gorosu,1500.0,1046.0
27.03.2018,Kurunegala,Heen,1700.0,1567.0
27.03.2018,Kalutara,C-4,2400.0,2370.0
27.03.2018,Colombo,C-5 Sp,2650.0,2650.0
27.03.2018,Colombo,C-5,2550.0,2550.0
27.03.2018,Colombo,C-4,2400.0,2400.0
27.03.2018,Colombo,H-1,1900.0,1900.0
27.03.2018,Colombo,H-2,1850.0,1850.0
27.03.2018,Gampaha,C-5,2500.0,2500.0
27.03.2018,Gampaha,C-4,2200.0,2100.0
27.03.2018,Gampaha,Gorosu,2000.0,1900.0
27.03.2018,Kalutara,Alba,3000.0,2985.0
27.03.2018,Kalutara,C-5 Sp,2800.0,2767.0
27.03.2018,Kurunegala,Gorosu,850.0,750.0
03.04.2018,Matara,Alba,3650.0,3560.0
03.04.2018,Galle,H-2,2090.0,2070.0
03.04.2018,Galle,H-1,2100.0,2085.0
03.04.2018,Kalutara,H-2,1200.0,1167.0
03.04.2018,Galle,C-5,2300.0,2300.0
03.04.2018,Galle,C-5 Sp,2500.0,2490.0
03.04.2018,Galle,Alba,3500.0,3250.0
03.04.2018,Matara,C-5 Sp,3200.0,2825.0
03.04.2018,Galle,C-4,2250.0,2225.0
03.04.2018,Matara,C-5,2800.0,2410.0
03.04.2018,Matara,H-Faq,1950.0,1780.0
03.04.2018,Matara,M-5,2250.0,2200.0
03.04.2018,Matara,M-4,2200.0,2138.0
03.04.2018,Matara,H-1,2150.0,2080.0
03.04.2018,Matara,H-2,2100.0,1991.0
03.04.2018,Hambantota,C-5,2300.0,2290.0
03.04.2018,Hambantota,C-4,2250.0,2250.0
03.04.2018,Hambantota,H-1,2050.0,2050.0
03.04.2018,Hambantota,H-2,2000.0,2000.0
03.04.2018,Monaragala,Gorosu,1500.0,1290.0
03.04.2018,Kalutara,H-1,1500.0,1483.0
03.04.2018,Matara,C-4,2300.0,2260.0
03.04.2018,Kalutara,M-4,2000.0,1933.0
03.04.2018,Kalutara,M-5,2300.0,2267.0
03.04.2018,Ratnapura,Alba,2900.0,2875.0
03.04.2018,Kalutara,C-4,2400.0,2370.0
03.04.2018,Ratnapura,C-5 Sp,2500.0,2437.0
03.04.2018,Ratnapura,C-5,2300.0,2275.0
03.04.2018,Ratnapura,C-4,2200.0,2175.0
03.04.2018,Ratnapura,M-5,1800.0,1775.0
03.04.2018,Ratnapura,M-4,1800.0,1775.0
03.04.2018,Ratnapura,H-2,1650.0,1500.0
03.04.2018,Badulla,Heen,2000.0,1650.0
03.04.2018,Badulla,Gorosu,1500.0,1200.0
03.04.2018,Kurunegala,Heen,1800.0,1567.0
03.04.2018,Kurunegala,Gorosu,900.0,817.0
03.04.2018,Ratnapura,H-1,1750.0,1700.0
03.04.2018,Colombo,C-5,2600.0,2600.0
03.04.2018,Colombo,C-5 Sp,2700.0,2700.0
03.04.2018,Kalutara,C-5 Sp,2800.0,2767.0
03.04.2018,Kalutara,Alba,3000.0,2985.0
03.04.2018,Gampaha,Gorosu,2000.0,1500.0
03.04.2018,Gampaha,C-4,2200.0,2100.0
03.04.2018,Kalutara,C-5,2600.0,2567.0
03.04.2018,Colombo,H-2,1850.0,1850.0
03.04.2018,Colombo,H-1,1950.0,1950.0
03.04.2018,Colombo,C-4,2450.0,2450.0
03.04.2018,Gampaha,C-5,2500.0,2300.0
09.04.2018,Matara,C-5 Sp,3000.0,2788.0
09.04.2018,Kalutara,H-1,1500.0,1483.0
09.04.2018,Kalutara,H-2,1200.0,1167.0
09.04.2018,Galle,Alba,3300.0,3175.0
09.04.2018,Galle,C-5 Sp,2500.0,2450.0
09.04.2018,Galle,C-5,2300.0,2280.0
09.04.2018,Galle,C-4,2250.0,2240.0
09.04.2018,Galle,H-1,2000.0,1975.0
09.04.2018,Galle,H-2,1950.0,1925.0
09.04.2018,Matara,Alba,3650.0,3520.0
09.04.2018,Matara,C-5,2500.0,2380.0
09.04.2018,Kalutara,M-4,2000.0,1933.0
09.04.2018,Matara,M-5,2200.0,2150.0
09.04.2018,Matara,M-4,2150.0,2088.0
09.04.2018,Matara,H-1,2000.0,1920.0
09.04.2018,Matara,H-2,2050.0,1863.0
09.04.2018,Matara,H-Faq,1700.0,1570.0
09.04.2018,Hambantota,C-5,2300.0,2275.0
09.04.2018,Hambantota,C-4,2200.0,2175.0
09.04.2018,Hambantota,H-1,1950.0,1925.0
09.04.2018,Hambantota,H-2,1900.0,1850.0
09.04.2018,Monaragala,Gorosu,1500.0,1300.0
09.04.2018,Matara,C-4,2250.0,2225.0
09.04.2018,Kalutara,M-5,2300.0,2267.0
09.04.2018,Colombo,H-2,1850.0,1850.0
09.04.2018,Kalutara,C-5,2600.0,2567.0
09.04.2018,Ratnapura,Alba,2900.0,2850.0
09.04.2018,Ratnapura,C-5 Sp,2450.0,2400.0
09.04.2018,Ratnapura,C-5,2300.0,2250.0
09.04.2018,Ratnapura,C-4,2150.0,2100.0
09.04.2018,Ratnapura,M-4,1800.0,1700.0
09.04.2018,Ratnapura,H-1,1850.0,1750.0
09.04.2018,Ratnapura,H-2,1600.0,1550.0
09.04.2018,Badulla,Heen,2000.0,1583.0
09.04.2018,Badulla,Gorosu,1500.0,1133.0
09.04.2018,Kurunegala,Heen,1800.0,1633.0
09.04.2018,Ratnapura,M-5,1800.0,1700.0
09.04.2018,Colombo,C-5 Sp,2750.0,2750.0
09.04.2018,Kurunegala,Gorosu,950.0,833.0
09.04.2018,Kalutara,C-5 Sp,2800.0,2767.0
09.04.2018,Kalutara,Alba,3000.0,2985.0
09.04.2018,Gampaha,Gorosu,1800.0,1425.0
09.04.2018,Gampaha,C-4,1900.0,1775.0
09.04.2018,Kalutara,C-4,2400.0,2370.0
09.04.2018,Gampaha,C-5,2300.0,2165.0
09.04.2018,Colombo,H-1,1950.0,1950.0
09.04.2018,Colombo,C-4,2450.0,2450.0
09.04.2018,Colombo,C-5,2600.0,2600.0
17.04.2018,Galle,C-4,2250.0,2240.0
17.04.2018,Galle,H-1,2000.0,1960.0
17.04.2018,Galle,H-2,1950.0,1930.0
17.04.2018,Matara,Alba,3700.0,3700.0
17.04.2018,Matara,C-5,2250.0,2225.0
17.04.2018,Matara,C-4,2200.0,2200.0
17.04.2018,Matara,H-2,1900.0,1838.0
17.04.2018,Galle,C-5,2300.0,2275.0
17.04.2018,Matara,H-Faq,1500.0,1500.0
17.04.2018,Hambantota,C-5,2250.0,2250.0
17.04.2018,Hambantota,C-4,2200.0,2200.0
17.04.2018,Hambantota,H-2,1800.0,1800.0
17.04.2018,Monaragala,Gorosu,1300.0,1240.0
17.04.2018,Matara,H-1,1900.0,1900.0
17.04.2018,Hambantota,H-1,1900.0,1900.0
17.04.2018,Galle,C-5 Sp,2500.0,2400.0
17.04.2018,Kalutara,H-2,1200.0,1167.0
17.04.2018,Galle,Alba,3300.0,3150.0
17.04.2018,Badulla,Heen,2000.0,1633.0
17.04.2018,Kurunegala,Heen,1900.0,1766.0
17.04.2018,Kurunegala,Gorosu,950.0,850.0
17.04.2018,Gampaha,C-5,2700.0,2600.0
17.04.2018,Gampaha,C-4,2500.0,2335.0
17.04.2018,Gampaha,Gorosu,2000.0,1767.0
17.04.2018,Badulla,Gorosu,1500.0,1133.0
17.04.2018,Kalutara,C-5 Sp,2800.0,2768.0
17.04.2018,Kalutara,C-5,2600.0,2567.0
17.04.2018,Kalutara,C-4,2400.0,2370.0
17.04.2018,Kalutara,M-5,2300.0,2267.0
17.04.2018,Kalutara,M-4,2000.0,1933.0
17.04.2018,Kalutara,Alba,3000.0,2985.0
17.04.2018,Kalutara,H-1,1500.0,1488.0
24.04.2018,Matara,C-5 Sp,3000.0,2933.0
24.04.2018,Matara,Alba,3700.0,3625.0
24.04.2018,Galle,H-2,2000.0,1990.0
24.04.2018,Galle,H-1,2050.0,2040.0
24.04.2018,Galle,C-5 Sp,2500.0,2400.0
24.04.2018,Galle,C-5,2300.0,2275.0
24.04.2018,Galle,Alba,3300.0,3150.0
24.04.2018,Kalutara,H-1,1500.0,1483.0
24.04.2018,Matara,C-5,2800.0,2433.0
24.04.2018,Galle,C-4,2250.0,2240.0
24.04.2018,Matara,C-4,2300.0,2258.0
24.04.2018,Hambantota,H-1,2000.0,1975.0
24.04.2018,Matara,M-4,2200.0,2150.0
24.04.2018,Matara,H-1,2100.0,2000.0
24.04.2018,Matara,H-2,2000.0,1913.0
24.04.2018,Matara,H-Faq,1900.0,1725.0
24.04.2018,Hambantota,C-5,2270.0,2260.0
24.04.2018,Hambantota,C-4,2270.0,2235.0
24.04.2018,Hambantota,H-2,1900.0,1900.0
24.04.2018,Hambantota,Gorosu,1900.0,1900.0
24.04.2018,Monaragala,Gorosu,1500.0,1200.0
24.04.2018,Kalutara,M-4,2000.0,1933.0
24.04.2018,Matara,M-5,2250.0,2183.0
24.04.2018,Kalutara,M-5,2300.0,2267.0
24.04.2018,Kalutara,H-2,1200.0,1167.0
24.04.2018,Kalutara,C-5,2600.0,2567.0
24.04.2018,Ratnapura,Alba,2850.0,2816.0
24.04.2018,Ratnapura,C-5 Sp,2500.0,2466.0
24.04.2018,Ratnapura,C-5,2350.0,2316.0
24.04.2018,Ratnapura,C-4,2150.0,2133.0
24.04.2018,Ratnapura,M-5,1800.0,1733.0
24.04.2018,Ratnapura,M-4,1800.0,1733.0
24.04.2018,Ratnapura,H-1,1750.0,1750.0
24.04.2018,Ratnapura,H-2,1650.0,1616.0
24.04.2018,Badulla,Heen,2000.0,1583.0
24.04.2018,Badulla,Gorosu,1700.0,1233.0
24.04.2018,Kurunegala,Heen,1700.0,1567.0
24.04.2018,Kalutara,C-4,2400.0,2370.0
24.04.2018,Colombo,C-5 Sp,2750.0,2750.0
24.04.2018,Colombo,C-5,2700.0,2700.0
24.04.2018,Colombo,C-4,2400.0,2400.0
24.04.2018,Colombo,H-1,1950.0,1950.0
24.04.2018,Colombo,H-2,1900.0,1900.0
24.04.2018,Gampaha,C-5,2200.0,2200.0
24.04.2018,Gampaha,C-4,2000.0,2000.0
24.04.2018,Gampaha,Gorosu,1850.0,1650.0
24.04.2018,Kalutara,Alba,3000.0,2985.0
24.04.2018,Kalutara,C-5 Sp,2800.0,2767.0
24.04.2018,Kurunegala,Gorosu,850.0,800.0
01.05.2018,Matara,C-5 Sp,3200.0,3100.0
01.05.2018,Matara,Alba,3750.0,3683.0
01.05.2018,Galle,H-2,2000.0,1990.0
01.05.2018,Galle,C-5 Sp,2500.0,2400.0
01.05.2018,Galle,C-5,2300.0,2275.0
01.05.2018,Matara,C-5,2800.0,2600.0
01.05.2018,Galle,C-4,2250.0,2240.0
01.05.2018,Matara,C-4,2300.0,2250.0
01.05.2018,Matara,H-Faq,1900.0,1717.0
01.05.2018,Matara,M-4,2200.0,2175.0
01.05.2018,Matara,H-1,2100.0,2050.0
01.05.2018,Matara,H-2,2000.0,1925.0
01.05.2018,Galle,Alba,3300.0,3150.0
01.05.2018,Hambantota,C-5,2270.0,2270.0
01.05.2018,Hambantota,C-4,2250.0,2225.0
01.05.2018,Hambantota,H-1,2000.0,1975.0
01.05.2018,Hambantota,H-2,1900.0,1900.0
01.05.2018,Monaragala,Gorosu,1500.0,1200.0
01.05.2018,Matara,M-5,2250.0,2225.0
01.05.2018,Kalutara,H-2,1300.0,1267.0
01.05.2018,Galle,H-1,2050.0,2040.0
01.05.2018,Kalutara,H-1,1800.0,1733.0
01.05.2018,Kalutara,M-4,2200.0,2133.0
01.05.2018,Ratnapura,Alba,3000.0,2966.0
01.05.2018,Ratnapura,C-5 Sp,2900.0,2783.0
01.05.2018,Ratnapura,C-5,2400.0,2300.0
01.05.2018,Ratnapura,C-4,2250.0,2216.0
01.05.2018,Ratnapura,M-4,1900.0,1833.0
01.05.2018,Ratnapura,H-1,1900.0,1850.0
01.05.2018,Ratnapura,H-2,1600.0,1550.0
01.05.2018,Badulla,Heen,2000.0,1650.0
01.05.2018,Badulla,Gorosu,1500.0,1183.0
01.05.2018,Ratnapura,M-5,1900.0,1833.0
01.05.2018,Kurunegala,Gorosu,800.0,783.0
01.05.2018,Kurunegala,Heen,1500.0,1466.0
01.05.2018,Kalutara,C-4,2500.0,2467.0
01.05.2018,Kalutara,C-5,2800.0,2783.0
01.05.2018,Kalutara,C-5 Sp,2900.0,2883.0
01.05.2018,Kalutara,M-5,2350.0,2333.0
01.05.2018,Gampaha,Gorosu,1800.0,1600.0
01.05.2018,Gampaha,C-4,2000.0,1950.0
01.05.2018,Gampaha,C-5,2200.0,2200.0
01.05.2018,Kalutara,Alba,3100.0,3067.0
08.05.2018,Matara,Alba,3900.0,3750.0
08.05.2018,Kalutara,M-4,2200.0,2133.0
08.05.2018,Kalutara,H-1,1800.0,1733.0
08.05.2018,Kalutara,H-2,1300.0,1267.0
08.05.2018,Galle,Alba,3500.0,3360.0
08.05.2018,Galle,C-5 Sp,2380.0,2360.0
08.05.2018,Galle,C-5,2340.0,2315.0
08.05.2018,Galle,C-4,2275.0,2260.0
08.05.2018,Galle,H-1,2100.0,2055.0
08.05.2018,Galle,H-2,2000.0,1970.0
08.05.2018,Matara,C-5 Sp,3000.0,2800.0
08.05.2018,Kalutara,M-5,2350.0,2333.0
08.05.2018,Matara,C-4,2300.0,2275.0
08.05.2018,Matara,M-5,2250.0,2175.0
08.05.2018,Matara,M-4,2150.0,2125.0
08.05.2018,Matara,H-1,2100.0,2067.0
08.05.2018,Matara,H-2,2050.0,1992.0
08.05.2018,Matara,H-Faq,1900.0,1813.0
08.05.2018,Hambantota,C-5,2300.0,2275.0
08.05.2018,Hambantota,C-4,2270.0,2235.0
08.05.2018,Hambantota,H-1,2000.0,2000.0
08.05.2018,Monaragala,Gorosu,1500.0,1200.0
08.05.2018,Matara,C-5,2500.0,2383.0
08.05.2018,Hambantota,H-2,1950.0,1925.0
08.05.2018,Kalutara,C-4,2500.0,2467.0
08.05.2018,Kalutara,C-5 Sp,2900.0,2883.0
08.05.2018,Ratnapura,C-5 Sp,2450.0,2416.0
08.05.2018,Ratnapura,C-5,2350.0,2333.0
08.05.2018,Ratnapura,C-4,2150.0,2116.0
08.05.2018,Ratnapura,M-5,1750.0,1716.0
08.05.2018,Ratnapura,M-4,1750.0,1716.0
08.05.2018,Ratnapura,H-1,1800.0,1750.0
08.05.2018,Ratnapura,H-2,1650.0,1616.0
08.05.2018,Badulla,Heen,2000.0,1650.0
08.05.2018,Badulla,Gorosu,1500.0,1183.0
08.05.2018,Kurunegala,Heen,1500.0,1233.0
08.05.2018,Ratnapura,Alba,2950.0,2916.0
08.05.2018,Colombo,C-5 Sp,2800.0,2800.0
08.05.2018,Kurunegala,Gorosu,800.0,700.0
08.05.2018,Kalutara,Alba,3100.0,3067.0
08.05.2018,Gampaha,Gorosu,1800.0,1600.0
08.05.2018,Gampaha,C-4,2000.0,1860.0
08.05.2018,Kalutara,C-5,2800.0,2783.0
08.05.2018,Colombo,H-2,1900.0,1900.0
08.05.2018,Colombo,H-1,2000.0,2000.0
08.05.2018,Colombo,C-4,2450.0,2450.0
08.05.2018,Colombo,C-5,2700.0,2700.0
08.05.2018,Gampaha,C-5,2200.0,2200.0
15.05.2018,Galle,Alba,3300.0,3250.0
15.05.2018,Galle,C-5 Sp,2500.0,2490.0
15.05.2018,Galle,C-5,2300.0,2290.0
15.05.2018,Galle,C-4,2250.0,2240.0
15.05.2018,Galle,H-1,2000.0,1985.0
15.05.2018,Galle,H-2,1950.0,1940.0
15.05.2018,Matara,Alba,4000.0,3875.0
15.05.2018,Matara,C-5 Sp,3500.0,3033.0
15.05.2018,Matara,C-5,3000.0,2550.0
15.05.2018,Matara,M-4,2200.0,2175.0
15.05.2018,Matara,M-5,2260.0,2187.0
15.05.2018,Matara,H-1,2100.0,2038.0
15.05.2018,Matara,H-2,2020.0,1950.0
15.05.2018,Hambantota,C-5,2300.0,2300.0
15.05.2018,Hambantota,C-4,2250.0,2225.0
15.05.2018,Hambantota,H-1,2050.0,2050.0
15.05.2018,Hambantota,H-2,2000.0,1975.0
15.05.2018,Monaragala,Gorosu,1500.0,1300.0
15.05.2018,Kalutara,H-2,1200.0,1167.0
15.05.2018,Matara,C-4,2300.0,2262.0
15.05.2018,Matara,H-Faq,1900.0,1763.0
15.05.2018,Kalutara,H-1,1500.0,1483.0
15.05.2018,Kalutara,M-5,2300.0,2267.0
15.05.2018,Kalutara,M-4,2000.0,1933.0
15.05.2018,Ratnapura,Alba,3000.0,3000.0
15.05.2018,Ratnapura,C-5 Sp,2550.0,2516.0
15.05.2018,Ratnapura,C-5,2400.0,2350.0
15.05.2018,Ratnapura,C-4,2200.0,2100.0
15.05.2018,Ratnapura,M-4,1750.0,1716.0
15.05.2018,Ratnapura,H-1,1800.0,1783.0
15.05.2018,Ratnapura,H-2,1500.0,1483.0
15.05.2018,Badulla,Heen,2000.0,1666.0
15.05.2018,Ratnapura,M-5,1750.0,1716.0
15.05.2018,Kurunegala,Heen,1800.0,1600.0
15.05.2018,Kurunegala,Gorosu,1000.0,867.0
15.05.2018,Gampaha,C-5,2100.0,2050.0
15.05.2018,Gampaha,C-4,1900.0,1800.0
15.05.2018,Gampaha,Gorosu,1600.0,1530.0
15.05.2018,Kalutara,Alba,3000.0,2985.0
15.05.2018,Kalutara,C-5 Sp,2800.0,2767.0
15.05.2018,Kalutara,C-5,2600.0,2567.0
15.05.2018,Badulla,Gorosu,1500.0,1133.0
15.05.2018,Kalutara,C-4,2400.0,2370.0
22.05.2018,Galle,H-2,2050.0,1920.0
22.05.2018,Galle,H-1,2070.0,1975.0
22.05.2018,Galle,C-4,2260.0,2255.0
22.05.2018,Monaragala,Gorosu,1500.0,1300.0
22.05.2018,Kalutara,H-1,1500.0,1483.0
22.05.2018,Galle,Alba,3225.0,3180.0
22.05.2018,Kalutara,H-2,1200.0,1167.0
22.05.2018,Matara,Alba,4000.0,3833.0
22.05.2018,Galle,C-5 Sp,2450.0,2430.0
22.05.2018,Matara,C-5 Sp,3000.0,3000.0
22.05.2018,Hambantota,H-2,2000.0,1975.0
22.05.2018,Matara,C-4,2300.0,2263.0
22.05.2018,Matara,M-5,2250.0,2200.0
22.05.2018,Matara,M-4,2200.0,2200.0
22.05.2018,Matara,H-1,2100.0,2073.0
22.05.2018,Matara,H-2,2050.0,1971.0
22.05.2018,Matara,H-Faq,1900.0,1750.0
22.05.2018,Hambantota,C-5,2300.0,2300.0
22.05.2018,Hambantota,C-4,2250.0,2225.0
22.05.2018,Hambantota,H-1,2050.0,2050.0
22.05.2018,Kalutara,M-4,2000.0,1933.0
22.05.2018,Matara,C-5,2700.0,2425.0
22.05.2018,Kalutara,M-5,2300.0,2267.0
22.05.2018,Galle,C-5,2320.0,2300.0
22.05.2018,Kalutara,C-5,2600.0,2567.0
22.05.2018,Ratnapura,Alba,3000.0,3000.0
22.05.2018,Ratnapura,C-5 Sp,2700.0,2650.0
22.05.2018,Ratnapura,C-5,2450.0,2416.0
22.05.2018,Ratnapura,C-4,2250.0,2216.0
22.05.2018,Ratnapura,M-5,1750.0,1716.0
22.05.2018,Ratnapura,M-4,1750.0,1716.0
22.05.2018,Ratnapura,H-1,1800.0,1766.0
22.05.2018,Ratnapura,H-2,1600.0,1566.0
22.05.2018,Badulla,Heen,2000.0,1666.0
22.05.2018,Badulla,Gorosu,1300.0,1033.0
22.05.2018,Kurunegala,Heen,1800.0,1633.0
22.05.2018,Kalutara,C-4,2400.0,2370.0
22.05.2018,Colombo,C-5 Sp,2800.0,2800.0
22.05.2018,Colombo,C-5,2700.0,2700.0
22.05.2018,Colombo,C-4,2350.0,2350.0
22.05.2018,Colombo,H-1,1950.0,1950.0
22.05.2018,Colombo,H-2,1900.0,1900.0
22.05.2018,Gampaha,C-5,2200.0,2150.0
22.05.2018,Gampaha,C-4,1800.0,1700.0
22.05.2018,Gampaha,Gorosu,1600.0,1400.0
22.05.2018,Kalutara,Alba,3000.0,2985.0
22.05.2018,Kalutara,C-5 Sp,2800.0,2767.0
22.05.2018,Kurunegala,Gorosu,1000.0,883.0
28.05.2018,Matara,Alba,4050.0,3850.0
28.05.2018,Galle,H-2,2000.0,1975.0
28.05.2018,Galle,H-1,2100.0,2055.0
28.05.2018,Galle,C-4,2260.0,2248.0
28.05.2018,Kalutara,H-1,1500.0,1483.0
28.05.2018,Galle,C-5 Sp,2450.0,2425.0
28.05.2018,Galle,Alba,3250.0,3225.0
28.05.2018,Kalutara,H-2,1200.0,1167.0
28.05.2018,Matara,C-5 Sp,3000.0,3000.0
28.05.2018,Galle,C-5,2310.0,2302.0
28.05.2018,Matara,C-5,2600.0,2450.0
28.05.2018,Matara,H-2,2000.0,1943.0
28.05.2018,Matara,M-5,2250.0,2175.0
28.05.2018,Matara,M-4,2200.0,2150.0
28.05.2018,Matara,H-1,2100.0,2055.0
28.05.2018,Matara,H-Faq,1900.0,1700.0
28.05.2018,Hambantota,C-5,2300.0,2300.0
28.05.2018,Hambantota,C-4,2250.0,2225.0
28.05.2018,Hambantota,H-1,2050.0,2050.0
28.05.2018,Hambantota,H-2,2000.0,1975.0
28.05.2018,Monaragala,Gorosu,1500.0,1350.0
28.05.2018,Kalutara,M-4,2000.0,1933.0
28.05.2018,Matara,C-4,2300.0,2275.0
28.05.2018,Kalutara,M-5,2300.0,2267.0
28.05.2018,Kalutara,C-4,2400.0,2370.0
28.05.2018,Kalutara,C-5,2600.0,2567.0
28.05.2018,Ratnapura,Alba,3000.0,3000.0
28.05.2018,Ratnapura,C-5 Sp,2600.0,2538.0
28.05.2018,Ratnapura,C-5,2500.0,2437.0
28.05.2018,Ratnapura,C-4,2300.0,2212.0
28.05.2018,Ratnapura,M-5,1800.0,1750.0
28.05.2018,Ratnapura,M-4,1800.0,1750.0
28.05.2018,Ratnapura,H-2,1550.0,1500.0
28.05.2018,Badulla,Heen,2000.0,1666.0
28.05.2018,Badulla,Gorosu,1600.0,1158.0
28.05.2018,Kurunegala,Heen,1600.0,1533.0
28.05.2018,Ratnapura,H-1,1900.0,1825.0
28.05.2018,Colombo,C-5 Sp,2850.0,2850.0
28.05.2018,Kurunegala,Gorosu,850.0,817.0
28.05.2018,Kalutara,Alba,3000.0,2985.0
28.05.2018,Gampaha,Gorosu,2000.0,1675.0
28.05.2018,Gampaha,C-4,2200.0,1825.0
28.05.2018,Gampaha,C-5,2400.0,2400.0
28.05.2018,Kalutara,C-5 Sp,2800.0,2767.0
28.05.2018,Colombo,H-1,1900.0,1900.0
28.05.2018,Colombo,C-4,2400.0,2400.0
28.05.2018,Colombo,C-5,2750.0,2750.0
28.05.2018,Colombo,H-2,1850.0,1850.0
05.06.2018,Matara,C-5 Sp,3200.0,3000.0
05.06.2018,Kalutara,H-1,1500.0,1483.0
05.06.2018,Kalutara,H-2,1200.0,1167.0
05.06.2018,Galle,Alba,3250.0,3225.0
05.06.2018,Galle,C-5 Sp,2450.0,2425.0
05.06.2018,Galle,C-5,2310.0,2300.0
05.06.2018,Galle,C-4,2260.0,2240.0
05.06.2018,Galle,H-1,2070.0,2055.0
05.06.2018,Galle,H-2,2000.0,1975.0
05.06.2018,Matara,Alba,4000.0,3675.0
05.06.2018,Matara,C-5,2600.0,2393.0
05.06.2018,Monaragala,Gorosu,1500.0,1425.0
05.06.2018,Matara,M-5,2100.0,2100.0
05.06.2018,Matara,M-4,2050.0,2025.0
05.06.2018,Matara,H-1,2050.0,1972.0
05.06.2018,Matara,H-2,2000.0,1950.0
05.06.2018,Matara,H-Faq,1900.0,1762.0
05.06.2018,Hambantota,C-5,2300.0,2275.0
05.06.2018,Hambantota,C-4,2250.0,2225.0
05.06.2018,Hambantota,H-1,2000.0,2000.0
05.06.2018,Hambantota,H-2,1950.0,1950.0
05.06.2018,Kalutara,M-4,2000.0,1933.0
05.06.2018,Matara,C-4,2300.0,2267.0
05.06.2018,Kalutara,M-5,2300.0,2267.0
05.06.2018,Kalutara,C-4,2400.0,2370.0
05.06.2018,Kalutara,C-5,2600.0,2567.0
05.06.2018,Ratnapura,C-5 Sp,2500.0,2416.0
05.06.2018,Ratnapura,C-5,2400.0,2383.0
05.06.2018,Ratnapura,C-4,2250.0,2166.0
05.06.2018,Ratnapura,M-5,1800.0,1733.0
05.06.2018,Ratnapura,M-4,1800.0,1733.0
05.06.2018,Ratnapura,H-1,1900.0,1866.0
05.06.2018,Ratnapura,H-2,1500.0,1466.0
05.06.2018,Badulla,Heen,2000.0,2000.0
05.06.2018,Badulla,Gorosu,1500.0,1500.0
05.06.2018,Kurunegala,Heen,1600.0,1533.0
05.06.2018,Ratnapura,Alba,3000.0,3000.0
05.06.2018,Colombo,C-5 Sp,2850.0,2850.0
05.06.2018,Colombo,C-5,2750.0,2750.0
05.06.2018,Colombo,C-4,2450.0,2450.0
05.06.2018,Colombo,H-1,1950.0,1950.0
05.06.2018,Colombo,H-2,1900.0,1900.0
05.06.2018,Gampaha,C-5,2200.0,2200.0
05.06.2018,Gampaha,C-4,1900.0,1750.0
05.06.2018,Gampaha,Gorosu,1700.0,1575.0
05.06.2018,Kalutara,Alba,3000.0,2985.0
05.06.2018,Kalutara,C-5 Sp,2800.0,2767.0
05.06.2018,Kurunegala,Gorosu,850.0,817.0
12.06.2018,Matara,Alba,3800.0,3575.0
12.06.2018,Galle,H-2,2000.0,1975.0
12.06.2018,Galle,H-1,2100.0,2060.0
12.06.2018,Kalutara,H-2,1200.0,1167.0
12.06.2018,Galle,C-5,2310.0,2300.0
12.06.2018,Galle,C-5 Sp,2450.0,2425.0
12.06.2018,Galle,Alba,3250.0,3225.0
12.06.2018,Matara,C-5 Sp,3000.0,2867.0
12.06.2018,Galle,C-4,2250.0,2240.0
12.06.2018,Matara,C-5,2500.0,2400.0
12.06.2018,Matara,H-Faq,1900.0,1738.0
12.06.2018,Matara,M-5,2250.0,2150.0
12.06.2018,Matara,M-4,2200.0,2125.0
12.06.2018,Matara,H-1,2100.0,1983.0
12.06.2018,Matara,H-2,2000.0,1925.0
12.06.2018,Hambantota,C-5,2300.0,2300.0
12.06.2018,Hambantota,C-4,2250.0,2250.0
12.06.2018,Hambantota,H-1,2050.0,2025.0
12.06.2018,Hambantota,H-2,2000.0,1950.0
12.06.2018,Monaragala,Gorosu,1033.0,1000.0
12.06.2018,Kalutara,H-1,1500.0,1483.0
12.06.2018,Matara,C-4,2300.0,2258.0
12.06.2018,Kalutara,M-4,2000.0,1933.0
12.06.2018,Kalutara,M-5,2300.0,2267.0
12.06.2018,Ratnapura,Alba,3100.0,3025.0
12.06.2018,Kalutara,C-4,2400.0,2370.0
12.06.2018,Ratnapura,C-5 Sp,2600.0,2550.0
12.06.2018,Ratnapura,C-5,2400.0,2375.0
12.06.2018,Ratnapura,C-4,2250.0,2225.0
12.06.2018,Ratnapura,M-5,1800.0,1800.0
12.06.2018,Ratnapura,M-4,1800.0,1800.0
12.06.2018,Ratnapura,H-2,1600.0,1550.0
12.06.2018,Badulla,Heen,2000.0,1533.0
12.06.2018,Badulla,Gorosu,1500.0,1316.0
12.06.2018,Kurunegala,Heen,1500.0,1400.0
12.06.2018,Kurunegala,Gorosu,800.0,733.0
12.06.2018,Ratnapura,H-1,1750.0,1725.0
12.06.2018,Colombo,C-5,2750.0,2750.0
12.06.2018,Colombo,C-5 Sp,2850.0,2850.0
12.06.2018,Kalutara,C-5 Sp,2800.0,2767.0
12.06.2018,Kalutara,Alba,3000.0,2985.0
12.06.2018,Gampaha,Gorosu,1800.0,1650.0
12.06.2018,Gampaha,C-4,2000.0,1800.0
12.06.2018,Kalutara,C-5,2600.0,2567.0
12.06.2018,Colombo,H-2,1900.0,1900.0
12.06.2018,Colombo,H-1,1950.0,1950.0
12.06.2018,Colombo,C-4,2500.0,2500.0
12.06.2018,Gampaha,C-5,2400.0,2300.0
19.06.2018,Matara,Alba,3600.0,3475.0
19.06.2018,Kalutara,H-1,1500.0,1483.0
19.06.2018,Kalutara,H-2,1200.0,1167.0
19.06.2018,Galle,Alba,3250.0,3240.0
19.06.2018,Galle,C-5 Sp,2440.0,2425.0
19.06.2018,Monaragala,Gorosu,1500.0,1375.0
19.06.2018,Galle,C-5,2320.0,2305.0
19.06.2018,Galle,C-4,2280.0,2265.0
19.06.2018,Galle,H-1,2060.0,2045.0
19.06.2018,Galle,H-2,2030.0,2010.0
19.06.2018,Matara,C-5 Sp,3000.0,2867.0
19.06.2018,Kalutara,M-4,2000.0,1933.0
19.06.2018,Matara,C-4,2300.0,2250.0
19.06.2018,Matara,M-5,2250.0,2225.0
19.06.2018,Matara,M-4,2150.0,2150.0
19.06.2018,Matara,H-1,2050.0,2016.0
19.06.2018,Matara,H-2,2000.0,1918.0
19.06.2018,Matara,H-Faq,1850.0,1700.0
19.06.2018,Hambantota,C-5,2300.0,2300.0
19.06.2018,Hambantota,C-4,2250.0,2250.0
19.06.2018,Hambantota,H-1,2000.0,1990.0
19.06.2018,Hambantota,H-2,1950.0,1925.0
19.06.2018,Matara,C-5,2850.0,2430.0
19.06.2018,Kalutara,M-5,2300.0,2267.0
19.06.2018,Gampaha,C-5,2200.0,2100.0
19.06.2018,Kalutara,C-5,2600.0,2567.0
19.06.2018,Kalutara,C-4,2400.0,2370.0
19.06.2018,Ratnapura,Alba,3100.0,3000.0
19.06.2018,Ratnapura,C-5 Sp,2800.0,2750.0
19.06.2018,Ratnapura,C-5,2500.0,2450.0
19.06.2018,Ratnapura,C-4,2250.0,2200.0
19.06.2018,Ratnapura,M-5,1800.0,1700.0
19.06.2018,Ratnapura,H-1,1800.0,1800.0
19.06.2018,Ratnapura,H-2,1700.0,1600.0
19.06.2018,Badulla,Heen,2000.0,1750.0
19.06.2018,Badulla,Gorosu,1500.0,1250.0
19.06.2018,Ratnapura,M-4,1800.0,1700.0
19.06.2018,Kurunegala,Gorosu,800.0,767.0
19.06.2018,Kurunegala,Heen,1600.0,1533.0
19.06.2018,Kalutara,Alba,3000.0,2985.0
19.06.2018,Gampaha,Gorosu,1800.0,1700.0
19.06.2018,Gampaha,C-4,2000.0,1900.0
19.06.2018,Colombo,H-2,1900.0,1900.0
19.06.2018,Kalutara,C-5 Sp,2800.0,2767.0
19.06.2018,Colombo,C-4,2500.0,2500.0
19.06.2018,Colombo,C-5,2750.0,2750.0
19.06.2018,Colombo,C-5 Sp,2850.0,2850.0
19.06.2018,Colombo,H-1,1950.0,1950.0
25.06.2018,Matara,C-5 Sp,3200.0,2933.0
25.06.2018,Kalutara,H-1,1500.0,1483.0
25.06.2018,Kalutara,H-2,1200.0,1167.0
25.06.2018,Galle,Alba,3250.0,3225.0
25.06.2018,Galle,C-5 Sp,2370.0,2355.0
25.06.2018,Galle,C-5,2280.0,2265.0
25.06.2018,Galle,C-4,2240.0,2223.0
25.06.2018,Galle,H-1,2050.0,2040.0
25.06.2018,Galle,H-2,2010.0,2005.0
25.06.2018,Matara,Alba,3600.0,3525.0
25.06.2018,Matara,C-5,2500.0,2412.0
25.06.2018,Monaragala,Gorosu,1500.0,1280.0
25.06.2018,Matara,M-5,2250.0,2173.0
25.06.2018,Matara,M-4,2200.0,2150.0
25.06.2018,Matara,H-1,2100.0,2025.0
25.06.2018,Matara,H-2,2000.0,1933.0
25.06.2018,Matara,H-Faq,1900.0,1750.0
25.06.2018,Hambantota,C-5,2300.0,2300.0
25.06.2018,Hambantota,C-4,2250.0,2250.0
25.06.2018,Hambantota,H-1,2000.0,1990.0
25.06.2018,Hambantota,H-2,1900.0,1900.0
25.06.2018,Kalutara,M-4,2000.0,1933.0
25.06.2018,Matara,C-4,2300.0,2225.0
25.06.2018,Kalutara,M-5,2300.0,2267.0
25.06.2018,Kalutara,C-5,2600.0,2567.0
25.06.2018,Ratnapura,C-5 Sp,2600.0,2550.0
25.06.2018,Ratnapura,Alba,3300.0,3150.0
25.06.2018,Kalutara,C-4,2400.0,2370.0
25.06.2018,Ratnapura,C-5,2450.0,2412.0
25.06.2018,Ratnapura,C-4,2250.0,2225.0
25.06.2018,Ratnapura,M-5,1800.0,1762.0
25.06.2018,Ratnapura,M-4,1800.0,1762.0
25.06.2018,Ratnapura,H-1,1900.0,1850.0
25.06.2018,Badulla,Heen,2200.0,2100.0
25.06.2018,Badulla,Gorosu,1600.0,1550.0
25.06.2018,Kurunegala,Heen,1600.0,1500.0
25.06.2018,Ratnapura,H-2,1600.0,1537.0
25.06.2018,Colombo,C-5 Sp,2800.0,2800.0
25.06.2018,Kalutara,C-5 Sp,2800.0,2767.0
25.06.2018,Kurunegala,Gorosu,800.0,783.0
25.06.2018,Gampaha,Gorosu,1800.0,1675.0
25.06.2018,Gampaha,C-4,2000.0,1900.0
25.06.2018,Gampaha,C-5,2300.0,2100.0
25.06.2018,Kalutara,Alba,3000.0,2935.0
25.06.2018,Colombo,H-1,1900.0,1900.0
25.06.2018,Colombo,C-4,2400.0,2400.0
25.06.2018,Colombo,C-5,2750.0,2750.0
25.06.2018,Colombo,H-2,1850.0,1850.0
03.07.2018,Matara,C-5 Sp,3000.0,2713.0
03.07.2018,Monaragala,Gorosu,1500.0,1425.0
03.07.2018,Galle,C-5 Sp,2350.0,2345.0
03.07.2018,Galle,C-5,2250.0,2225.0
03.07.2018,Galle,C-4,2220.0,2200.0
03.07.2018,Galle,H-1,1960.0,1940.0
03.07.2018,Galle,H-2,1950.0,1920.0
03.07.2018,Matara,Alba,3500.0,3490.0
03.07.2018,Matara,C-5,2800.0,2375.0
03.07.2018,Galle,Alba,2950.0,2900.0
03.07.2018,Matara,M-5,2200.0,2150.0
03.07.2018,Matara,M-4,2100.0,2063.0
03.07.2018,Matara,H-1,1900.0,1900.0
03.07.2018,Matara,H-2,2050.0,1813.0
03.07.2018,Matara,H-Faq,1700.0,1540.0
03.07.2018,Hambantota,C-5,2300.0,2300.0
03.07.2018,Hambantota,C-4,2250.0,2250.0
03.07.2018,Hambantota,H-1,2000.0,1990.0
03.07.2018,Hambantota,H-2,1900.0,1900.0
03.07.2018,Matara,C-4,2300.0,2200.0
03.07.2018,Kalutara,H-2,1200.0,1167.0
03.07.2018,Kalutara,M-5,2300.0,2267.0
03.07.2018,Kalutara,M-4,2000.0,1933.0
03.07.2018,Kalutara,H-1,1500.0,1483.0
03.07.2018,Ratnapura,Alba,3100.0,3050.0
03.07.2018,Ratnapura,C-5 Sp,2700.0,2637.0
03.07.2018,Badulla,Heen,2200.0,1966.0
03.07.2018,Badulla,Gorosu,1500.0,1300.0
03.07.2018,Kurunegala,Gorosu,700.0,650.0
03.07.2018,Colombo,C-5 Sp,2850.0,2850.0
03.07.2018,Colombo,C-5,2750.0,2750.0
03.07.2018,Colombo,C-4,2450.0,2450.0
03.07.2018,Kurunegala,Heen,1500.0,1450.0
03.07.2018,Colombo,H-2,1850.0,1850.0
03.07.2018,Colombo,H-1,1900.0,1900.0
03.07.2018,Kalutara,C-5,2600.0,2567.0
03.07.2018,Kalutara,C-5 Sp,2800.0,2767.0
03.07.2018,Kalutara,Alba,3000.0,2935.0
03.07.2018,Kalutara,C-4,2400.0,2370.0
03.07.2018,Gampaha,C-4,2100.0,1925.0
03.07.2018,Gampaha,C-5,2400.0,2150.0
03.07.2018,Gampaha,Gorosu,1800.0,1650.0
10.07.2018,Matara,C-5,2400.0,2208.0
10.07.2018,Galle,C-5 Sp,2350.0,2310.0
10.07.2018,Galle,C-5,2100.0,2100.0
10.07.2018,Galle,C-4,2050.0,2020.0
10.07.2018,Galle,H-1,1800.0,1800.0
10.07.2018,Galle,H-2,1780.0,1750.0
10.07.2018,Matara,Alba,3500.0,3200.0
10.07.2018,Matara,C-5 Sp,2800.0,2633.0
10.07.2018,Matara,C-4,2300.0,2092.0
10.07.2018,Monaragala,Gorosu,1500.0,1275.0
10.07.2018,Matara,M-4,2100.0,1933.0
10.07.2018,Matara,H-1,1800.0,1738.0
10.07.2018,Matara,H-2,1750.0,1638.0
10.07.2018,Matara,H-Faq,1500.0,1500.0
10.07.2018,Hambantota,C-5,2050.0,2025.0
10.07.2018,Hambantota,C-4,2000.0,2000.0
10.07.2018,Hambantota,H-1,1700.0,1700.0
10.07.2018,Hambantota,H-2,1650.0,1625.0
10.07.2018,Matara,M-5,2150.0,2000.0
10.07.2018,Kalutara,H-2,1100.0,1067.0
10.07.2018,Galle,Alba,3000.0,2970.0
10.07.2018,Kalutara,M-4,1700.0,1666.0
10.07.2018,Kalutara,H-1,1200.0,1166.0
10.07.2018,Ratnapura,Alba,3100.0,3050.0
10.07.2018,Ratnapura,C-5 Sp,2300.0,2275.0
10.07.2018,Badulla,Heen,2000.0,1891.0
10.07.2018,Badulla,Gorosu,1600.0,1308.0
10.07.2018,Kurunegala,Gorosu,850.0,783.0
10.07.2018,Colombo,C-5 Sp,2800.0,2800.0
10.07.2018,Colombo,C-5,2750.0,2750.0
10.07.2018,Colombo,C-4,2400.0,2400.0
10.07.2018,Kurunegala,Heen,1500.0,1467.0
10.07.2018,Colombo,H-2,1850.0,1850.0
10.07.2018,Gampaha,C-5,2400.0,2200.0
10.07.2018,Gampaha,C-4,2100.0,1960.0
10.07.2018,Gampaha,Gorosu,1700.0,1550.0
10.07.2018,Kalutara,Alba,2800.0,2767.0
10.07.2018,Kalutara,C-5 Sp,2500.0,2467.0
10.07.2018,Kalutara,C-5,2300.0,2266.0
10.07.2018,Kalutara,C-4,2100.0,2067.0
10.07.2018,Colombo,H-1,1900.0,1900.0
10.07.2018,Kalutara,M-5,2000.0,1967.0
17.07.2018,Matara,Alba,3500.0,3250.0
17.07.2018,Galle,H-2,1790.0,1780.0
17.07.2018,Galle,H-1,1820.0,1810.0
17.07.2018,Galle,C-4,2060.0,2040.0
17.07.2018,Kalutara,H-2,1100.0,1067.0
17.07.2018,Galle,C-5 Sp,2300.0,2290.0
17.07.2018,Galle,Alba,3000.0,2900.0
17.07.2018,Kalutara,H-1,1200.0,1166.0
17.07.2018,Matara,C-5 Sp,2700.0,2633.0
17.07.2018,Galle,C-5,2110.0,2100.0
17.07.2018,Matara,C-5,2400.0,2208.0
17.07.2018,Hambantota,H-2,1700.0,1700.0
17.07.2018,Matara,M-5,2100.0,2017.0
17.07.2018,Matara,M-4,2050.0,1950.0
17.07.2018,Matara,H-1,1950.0,1830.0
17.07.2018,Matara,H-2,1800.0,1713.0
17.07.2018,Matara,H-Faq,1650.0,1575.0
17.07.2018,Hambantota,C-5,2200.0,2100.0
17.07.2018,Hambantota,C-4,2100.0,2050.0
17.07.2018,Hambantota,H-1,1850.0,1825.0
17.07.2018,Monaragala,Gorosu,1500.0,1325.0
17.07.2018,Kalutara,M-4,1700.0,1666.0
17.07.2018,Matara,C-4,2150.0,2083.0
17.07.2018,Kalutara,M-5,2000.0,1967.0
17.07.2018,Ratnapura,H-2,1100.0,1075.0
17.07.2018,Kalutara,C-5,2300.0,2266.0
17.07.2018,Ratnapura,Alba,2950.0,2900.0
17.07.2018,Ratnapura,C-5 Sp,2450.0,2412.0
17.07.2018,Ratnapura,C-5,2100.0,2000.0
17.07.2018,Ratnapura,C-4,1600.0,1600.0
17.07.2018,Ratnapura,M-5,1500.0,1450.0
17.07.2018,Ratnapura,M-4,1500.0,1450.0
17.07.2018,Kalutara,C-4,2100.0,2067.0
17.07.2018,Badulla,Heen,2500.0,1950.0
17.07.2018,Badulla,Gorosu,1500.0,1325.0
17.07.2018,Kurunegala,Heen,1500.0,1467.0
17.07.2018,Ratnapura,H-1,1500.0,1437.0
17.07.2018,Colombo,C-5 Sp,2800.0,2800.0
17.07.2018,Kurunegala,Gorosu,800.0,783.0
17.07.2018,Kalutara,Alba,2800.0,2767.0
17.07.2018,Gampaha,Gorosu,1800.0,1600.0
17.07.2018,Gampaha,C-4,2000.0,1800.0
17.07.2018,Gampaha,C-5,2200.0,2200.0
17.07.2018,Kalutara,C-5 Sp,2500.0,2467.0
17.07.2018,Colombo,H-1,1900.0,1900.0
17.07.2018,Colombo,C-4,2450.0,2450.0
17.07.2018,Colombo,C-5,2700.0,2700.0
17.07.2018,Colombo,H-2,1850.0,1850.0
24.07.2018,Matara,C-5 Sp,2800.0,2800.0
24.07.2018,Kalutara,H-1,1200.0,1166.0
24.07.2018,Kalutara,H-2,1100.0,1067.0
24.07.2018,Galle,Alba,3300.0,3050.0
24.07.2018,Galle,C-5 Sp,2600.0,2445.0
24.07.2018,Galle,C-5,2150.0,2143.0
24.07.2018,Galle,C-4,2100.0,2100.0
24.07.2018,Galle,H-1,1900.0,1858.0
24.07.2018,Galle,H-2,1850.0,1818.0
24.07.2018,Matara,Alba,3300.0,3275.0
24.07.2018,Matara,C-5,2500.0,2300.0
24.07.2018,Monaragala,Gorosu,1300.0,1200.0
24.07.2018,Matara,M-5,2080.0,2043.0
24.07.2018,Matara,M-4,2050.0,2000.0
24.07.2018,Matara,H-1,1900.0,1874.0
24.07.2018,Matara,H-2,1850.0,1763.0
24.07.2018,Matara,H-Faq,1750.0,1590.0
24.07.2018,Hambantota,C-5,2200.0,2200.0
24.07.2018,Hambantota,C-4,2150.0,2125.0
24.07.2018,Hambantota,H-1,1900.0,1900.0
24.07.2018,Hambantota,H-2,1850.0,1825.0
24.07.2018,Kalutara,M-4,1700.0,1666.0
24.07.2018,Matara,C-4,2150.0,2125.0
24.07.2018,Kalutara,M-5,2000.0,1967.0
24.07.2018,Kalutara,C-5,2300.0,2266.0
24.07.2018,Ratnapura,C-5 Sp,2650.0,2625.0
24.07.2018,Ratnapura,Alba,3100.0,3000.0
24.07.2018,Kalutara,C-4,2100.0,2067.0
24.07.2018,Ratnapura,C-5,2300.0,2237.0
24.07.2018,Ratnapura,C-4,2250.0,2225.0
24.07.2018,Ratnapura,M-5,1450.0,1425.0
24.07.2018,Ratnapura,M-4,1450.0,1425.0
24.07.2018,Ratnapura,H-1,1500.0,1475.0
24.07.2018,Badulla,Heen,2000.0,1800.0
24.07.2018,Badulla,Gorosu,1500.0,1200.0
24.07.2018,Kurunegala,Heen,1800.0,1633.0
24.07.2018,Ratnapura,H-2,1100.0,1062.0
24.07.2018,Colombo,C-5 Sp,2850.0,2850.0
24.07.2018,Kalutara,C-5 Sp,2500.0,2467.0
24.07.2018,Kurunegala,Gorosu,1000.0,883.0
24.07.2018,Gampaha,Gorosu,1800.0,1600.0
24.07.2018,Gampaha,C-4,2000.0,1825.0
24.07.2018,Gampaha,C-5,2200.0,2200.0
24.07.2018,Kalutara,Alba,2800.0,2767.0
24.07.2018,Colombo,H-1,1900.0,1900.0
24.07.2018,Colombo,C-4,2500.0,2500.0
24.07.2018,Colombo,C-5,2700.0,2700.0
24.07.2018,Colombo,H-2,1850.0,1850.0
31.07.2018,Matara,C-4,2200.0,2175.0
31.07.2018,Galle,C-5,2150.0,2125.0
31.07.2018,Galle,C-4,2100.0,2090.0
31.07.2018,Galle,H-1,1900.0,1875.0
31.07.2018,Galle,H-2,1850.0,1840.0
31.07.2018,Matara,Alba,3450.0,3338.0
31.07.2018,Matara,C-5 Sp,3000.0,2833.0
31.07.2018,Matara,C-5,2500.0,2300.0
31.07.2018,Matara,M-5,2150.0,2050.0
31.07.2018,Galle,C-5 Sp,2600.0,2550.0
31.07.2018,Matara,H-1,2000.0,1900.0
31.07.2018,Matara,H-2,1900.0,1800.0
31.07.2018,Matara,H-Faq,1750.0,1640.0
31.07.2018,Hambantota,C-5,2200.0,2200.0
31.07.2018,Hambantota,C-4,2150.0,2125.0
31.07.2018,Hambantota,H-1,1900.0,1900.0
31.07.2018,Hambantota,H-2,1850.0,1825.0
31.07.2018,Monaragala,Gorosu,1500.0,1425.0
31.07.2018,Matara,M-4,2100.0,2000.0
31.07.2018,Galle,Alba,3300.0,3100.0
31.07.2018,Kalutara,H-2,1100.0,1067.0
31.07.2018,Kalutara,H-1,1200.0,1166.0
31.07.2018,Ratnapura,Alba,3000.0,2900.0
31.07.2018,Ratnapura,C-5 Sp,2700.0,2650.0
31.07.2018,Ratnapura,C-5,2600.0,2550.0
31.07.2018,Ratnapura,C-4,2200.0,2200.0
31.07.2018,Ratnapura,M-5,1550.0,1500.0
31.07.2018,Ratnapura,H-1,1600.0,1500.0
31.07.2018,Ratnapura,H-2,1200.0,1200.0
31.07.2018,Kurunegala,Heen,1700.0,1600.0
31.07.2018,Kurunegala,Gorosu,1000.0,900.0
31.07.2018,Ratnapura,M-4,1550.0,1500.0
31.07.2018,Gampaha,C-4,1900.0,1750.0
31.07.2018,Gampaha,Gorosu,1500.0,1500.0
31.07.2018,Kalutara,Alba,2800.0,2767.0
31.07.2018,Kalutara,C-5 Sp,2500.0,2467.0
31.07.2018,Kalutara,C-5,2300.0,2266.0
31.07.2018,Kalutara,C-4,2100.0,2067.0
31.07.2018,Kalutara,M-5,2000.0,1967.0
31.07.2018,Kalutara,M-4,1700.0,1666.0
31.07.2018,Gampaha,C-5,2100.0,2100.0
07.08.2018,Matara,Alba,3500.0,3467.0
07.08.2018,Galle,H-2,1860.0,1840.0
07.08.2018,Galle,H-1,1900.0,1880.0
07.08.2018,Galle,C-4,2120.0,2080.0
07.08.2018,Kalutara,H-2,1100.0,1067.0
07.08.2018,Galle,C-5 Sp,2650.0,2550.0
07.08.2018,Galle,Alba,3300.0,3000.0
07.08.2018,Matara,C-5 Sp,3000.0,3000.0
07.08.2018,Galle,C-5,2160.0,2125.0
07.08.2018,Matara,C-5,2500.0,2333.0
07.08.2018,Hambantota,H-2,1850.0,1850.0
07.08.2018,Matara,M-5,2150.0,2100.0
07.08.2018,Matara,M-4,2100.0,2050.0
07.08.2018,Matara,H-1,2000.0,1900.0
07.08.2018,Matara,H-2,1900.0,1850.0
07.08.2018,Matara,H-Faq,1800.0,1633.0
07.08.2018,Hambantota,C-5,2200.0,2200.0
07.08.2018,Hambantota,C-4,2150.0,2125.0
07.08.2018,Hambantota,H-1,1900.0,1900.0
07.08.2018,Kalutara,H-1,1200.0,1166.0
07.08.2018,Monaragala,Gorosu,1500.0,1366.0
07.08.2018,Matara,C-4,2200.0,2180.0
07.08.2018,Kalutara,M-5,2000.0,1967.0
07.08.2018,Kalutara,M-4,1700.0,1666.0
07.08.2018,Kalutara,C-5,2300.0,2266.0
07.08.2018,Kalutara,C-4,2100.0,2067.0
07.08.2018,Ratnapura,C-5 Sp,2700.0,2662.0
07.08.2018,Ratnapura,C-5,2450.0,2425.0
07.08.2018,Ratnapura,C-4,2250.0,2200.0
07.08.2018,Ratnapura,M-5,1800.0,1762.0
07.08.2018,Ratnapura,M-4,1800.0,1762.0
07.08.2018,Ratnapura,H-1,1650.0,1625.0
07.08.2018,Ratnapura,H-2,1450.0,1400.0
07.08.2018,Badulla,Heen,2000.0,1675.0
07.08.2018,Badulla,Gorosu,1500.0,1216.0
07.08.2018,Kurunegala,Heen,1800.0,1633.0
07.08.2018,Ratnapura,Alba,3100.0,3025.0
07.08.2018,Colombo,C-5 Sp,2900.0,2900.0
07.08.2018,Colombo,C-5,2700.0,2700.0
07.08.2018,Colombo,C-4,2400.0,2400.0
07.08.2018,Colombo,H-1,2000.0,2000.0
07.08.2018,Colombo,H-2,1900.0,1900.0
07.08.2018,Gampaha,C-5,2000.0,2000.0
07.08.2018,Gampaha,C-4,1800.0,1700.0
07.08.2018,Gampaha,Gorosu,1500.0,1475.0
07.08.2018,Kalutara,Alba,2800.0,2767.0
07.08.2018,Kalutara,C-5 Sp,2500.0,2467.0
07.08.2018,Kurunegala,Gorosu,1000.0,867.0
14.08.2018,Matara,Alba,3500.0,3425.0
14.08.2018,Galle,H-2,1940.0,1925.0
14.08.2018,Galle,H-1,1950.0,1950.0
14.08.2018,Galle,C-4,2200.0,2160.0
14.08.2018,Kalutara,H-1,1200.0,1166.0
14.08.2018,Galle,C-5 Sp,2550.0,2500.0
14.08.2018,Galle,Alba,3400.0,3350.0
14.08.2018,Kalutara,H-2,1100.0,1067.0
14.08.2018,Matara,C-5 Sp,3200.0,2933.0
14.08.2018,Galle,C-5,2300.0,2260.0
14.08.2018,Matara,C-5,2800.0,2413.0
14.08.2018,Matara,H-2,1900.0,1865.0
14.08.2018,Matara,M-5,2150.0,2117.0
14.08.2018,Matara,M-4,2100.0,2050.0
14.08.2018,Matara,H-1,2000.0,1944.0
14.08.2018,Matara,H-Faq,1800.0,1660.0
14.08.2018,Hambantota,C-5,2200.0,2200.0
14.08.2018,Hambantota,C-4,2150.0,2150.0
14.08.2018,Hambantota,H-1,1900.0,1900.0
14.08.2018,Hambantota,H-2,1850.0,1850.0
14.08.2018,Monaragala,Gorosu,1200.0,1133.0
14.08.2018,Kalutara,M-4,1700.0,1666.0
14.08.2018,Matara,C-4,2500.0,2225.0
14.08.2018,Kalutara,M-5,2000.0,1967.0
14.08.2018,Kalutara,C-4,2100.0,2067.0
14.08.2018,Kalutara,C-5,2300.0,2266.0
14.08.2018,Ratnapura,C-5 Sp,2700.0,2662.0
14.08.2018,Ratnapura,C-5,2500.0,2462.0
14.08.2018,Ratnapura,C-4,2300.0,2250.0
14.08.2018,Ratnapura,M-5,1900.0,1837.0
14.08.2018,Ratnapura,M-4,1900.0,1837.0
14.08.2018,Ratnapura,H-1,1800.0,1775.0
14.08.2018,Ratnapura,H-2,1500.0,1425.0
14.08.2018,Badulla,Heen,2100.0,1691.0
14.08.2018,Badulla,Gorosu,1500.0,1200.0
14.08.2018,Kurunegala,Heen,1800.0,1600.0
14.08.2018,Ratnapura,Alba,3100.0,3025.0
14.08.2018,Colombo,C-5 Sp,2900.0,2900.0
14.08.2018,Colombo,C-5,2800.0,2800.0
14.08.2018,Colombo,C-4,2400.0,2400.0
14.08.2018,Colombo,H-1,1900.0,1900.0
14.08.2018,Colombo,H-2,1850.0,1850.0
14.08.2018,Gampaha,C-5,2100.0,2100.0
14.08.2018,Gampaha,C-4,1800.0,1675.0
14.08.2018,Gampaha,Gorosu,1500.0,1350.0
14.08.2018,Kalutara,Alba,2800.0,2767.0
14.08.2018,Kalutara,C-5 Sp,2500.0,2467.0
14.08.2018,Kurunegala,Gorosu,900.0,783.0
20.08.2018,Matara,Alba,3700.0,3500.0
20.08.2018,Galle,H-2,1870.0,1850.0
20.08.2018,Galle,H-1,1950.0,1940.0
20.08.2018,Kalutara,H-2,1100.0,1067.0
20.08.2018,Galle,C-5,2300.0,2250.0
20.08.2018,Galle,C-5 Sp,2500.0,2450.0
20.08.2018,Galle,Alba,3400.0,3300.0
20.08.2018,Matara,C-5 Sp,3200.0,3067.0
20.08.2018,Galle,C-4,2150.0,2140.0
20.08.2018,Matara,C-5,2800.0,2700.0
20.08.2018,Matara,H-Faq,1800.0,1713.0
20.08.2018,Matara,M-5,2150.0,2100.0
20.08.2018,Matara,M-4,2100.0,2083.0
20.08.2018,Matara,H-1,2000.0,1968.0
20.08.2018,Matara,H-2,1950.0,1897.0
20.08.2018,Hambantota,C-5 Sp,2200.0,2200.0
20.08.2018,Hambantota,C-4,2150.0,2150.0
20.08.2018,Hambantota,H-1,1950.0,1925.0
20.08.2018,Hambantota,H-2,1900.0,1875.0
20.08.2018,Monaragala,Gorosu,1400.0,1133.0
20.08.2018,Kalutara,H-1,1200.0,1166.0
20.08.2018,Matara,C-4,2250.0,2192.0
20.08.2018,Kalutara,M-4,1700.0,1666.0
20.08.2018,Kalutara,C-4,2100.0,2067.0
20.08.2018,Ratnapura,Alba,3100.0,3050.0
20.08.2018,Kalutara,M-5,2000.0,1967.0
20.08.2018,Ratnapura,C-5 Sp,2800.0,2750.0
20.08.2018,Ratnapura,C-5,2700.0,2650.0
20.08.2018,Ratnapura,C-4,2250.0,2250.0
20.08.2018,Ratnapura,M-5,1800.0,1750.0
20.08.2018,Ratnapura,M-4,1800.0,1750.0
20.08.2018,Ratnapura,H-2,1450.0,1375.0
20.08.2018,Badulla,Heen,1400.0,1300.0
20.08.2018,Badulla,Gorosu,1100.0,866.0
20.08.2018,Colombo,C-5 Sp,2900.0,2900.0
20.08.2018,Ratnapura,H-1,1700.0,1675.0
20.08.2018,Colombo,C-4,2450.0,2450.0
20.08.2018,Colombo,C-5,2800.0,2800.0
20.08.2018,Kalutara,C-5 Sp,2500.0,2467.0
20.08.2018,Kalutara,Alba,2800.0,2767.0
20.08.2018,Gampaha,Gorosu,1500.0,1450.0
20.08.2018,Kalutara,C-5,2300.0,2266.0
20.08.2018,Gampaha,C-5,2200.0,2200.0
20.08.2018,Colombo,H-2,1850.0,1850.0
20.08.2018,Colombo,H-1,1900.0,1900.0
20.08.2018,Gampaha,C-4,1800.0,1750.0
28.08.2018,Matara,C-5,2500.0,2363.0
28.08.2018,Galle,C-5 Sp,2480.0,2445.0
28.08.2018,Galle,C-5,2280.0,2265.0
28.08.2018,Galle,C-4,2200.0,2185.0
28.08.2018,Galle,H-1,2000.0,1980.0
28.08.2018,Galle,H-2,1980.0,1960.0
28.08.2018,Matara,Alba,3700.0,3513.0
28.08.2018,Matara,C-5 Sp,3000.0,2767.0
28.08.2018,Matara,C-4,2250.0,2220.0
28.08.2018,Galle,Alba,3350.0,3320.0
28.08.2018,Matara,M-4,2100.0,2017.0
28.08.2018,Matara,H-1,2050.0,1970.0
28.08.2018,Matara,H-2,1950.0,1859.0
28.08.2018,Matara,H-Faq,1850.0,1625.0
28.08.2018,Hambantota,C-5,2250.0,2225.0
28.08.2018,Hambantota,C-4,2200.0,2150.0
28.08.2018,Hambantota,H-1,1950.0,1925.0
28.08.2018,Hambantota,H-2,1900.0,1875.0
28.08.2018,Monaragala,Gorosu,1500.0,1425.0
28.08.2018,Matara,M-5,2180.0,2127.0
28.08.2018,Kalutara,H-1,1500.0,1483.0
28.08.2018,Kalutara,H-2,1200.0,1167.0
28.08.2018,Kalutara,M-4,2000.0,1933.0
28.08.2018,Ratnapura,Alba,3150.0,3062.0
28.08.2018,Ratnapura,C-5 Sp,2900.0,2850.0
28.08.2018,Ratnapura,C-5,2450.0,2425.0
28.08.2018,Ratnapura,C-4,2300.0,2275.0
28.08.2018,Ratnapura,M-5,1800.0,1800.0
28.08.2018,Ratnapura,H-1,1800.0,1762.0
28.08.2018,Ratnapura,H-2,1500.0,1450.0
28.08.2018,Badulla,Heen,2000.0,1658.0
28.08.2018,Badulla,Gorosu,1500.0,1166.0
28.08.2018,Ratnapura,M-4,1800.0,1800.0
28.08.2018,Kurunegala,Gorosu,1000.0,883.0
28.08.2018,Gampaha,C-5,2000.0,2000.0
28.08.2018,Gampaha,C-4,1800.0,1675.0
28.08.2018,Gampaha,Gorosu,1500.0,1350.0
28.08.2018,Kalutara,Alba,3000.0,2935.0
28.08.2018,Kalutara,C-5 Sp,2800.0,2767.0
28.08.2018,Kalutara,C-5,2600.0,2567.0
28.08.2018,Kalutara,C-4,2400.0,2370.0
28.08.2018,Kalutara,M-5,2300.0,2267.0
28.08.2018,Kurunegala,Heen,1600.0,1567.0
04.09.2018,Matara,Alba,3750.0,3575.0
04.09.2018,Galle,H-2,1980.0,1960.0
04.09.2018,Galle,H-1,2000.0,1980.0
04.09.2018,Galle,C-4,2200.0,2185.0
04.09.2018,Kalutara,H-1,1800.0,1766.0
04.09.2018,Galle,C-5 Sp,2480.0,2445.0
04.09.2018,Galle,Alba,3350.0,3320.0
04.09.2018,Kalutara,H-2,1200.0,1167.0
04.09.2018,Matara,C-5 Sp,3000.0,2767.0
04.09.2018,Galle,C-5,2280.0,2265.0
04.09.2018,Matara,C-5,2800.0,2350.0
04.09.2018,Kalutara,M-5,2300.0,2266.0
04.09.2018,Matara,M-5,2150.0,2088.0
04.09.2018,Matara,M-4,2050.0,2017.0
04.09.2018,Matara,H-1,1950.0,1907.0
04.09.2018,Matara,H-2,1850.0,1825.0
04.09.2018,Matara,H-Faq,1700.0,1650.0
04.09.2018,Hambantota,C-5,2200.0,2200.0
04.09.2018,Hambantota,C-4,2150.0,2150.0
04.09.2018,Hambantota,H-1,1900.0,1900.0
04.09.2018,Kalutara,M-4,2000.0,1967.0
04.09.2018,Monaragala,Gorosu,1500.0,1300.0
04.09.2018,Matara,C-4,2200.0,2175.0
04.09.2018,Hambantota,H-2,1850.0,1850.0
04.09.2018,Gampaha,C-4,1700.0,1600.0
04.09.2018,Kalutara,C-5,2800.0,2767.0
04.09.2018,Ratnapura,Alba,3100.0,3025.0
04.09.2018,Ratnapura,C-5 Sp,2500.0,2437.0
04.09.2018,Ratnapura,C-5,2400.0,2337.0
04.09.2018,Ratnapura,C-4,2100.0,2050.0
04.09.2018,Ratnapura,M-5,1850.0,1800.0
04.09.2018,Ratnapura,M-4,1850.0,1800.0
04.09.2018,Kalutara,C-4,2600.0,2566.0
04.09.2018,Ratnapura,H-2,1350.0,1325.0
04.09.2018,Badulla,Heen,2000.0,1683.0
04.09.2018,Badulla,Gorosu,1600.0,1158.0
04.09.2018,Kurunegala,Heen,1600.0,1567.0
04.09.2018,Ratnapura,H-1,1800.0,1750.0
04.09.2018,Colombo,C-5 Sp,2800.0,2800.0
04.09.2018,Kurunegala,Gorosu,900.0,817.0
04.09.2018,Kalutara,Alba,3400.0,3367.0
04.09.2018,Gampaha,Gorosu,1400.0,1100.0
04.09.2018,Gampaha,C-5,2000.0,2000.0
04.09.2018,Kalutara,C-5 Sp,3000.0,2967.0
04.09.2018,Colombo,H-1,1900.0,1900.0
04.09.2018,Colombo,C-4,2250.0,2250.0
04.09.2018,Colombo,C-5,2300.0,2300.0
04.09.2018,Colombo,H-2,1850.0,1850.0
11.09.2018,Matara,C-5 Sp,3000.0,2833.0
11.09.2018,Kalutara,H-1,1800.0,1766.0
11.09.2018,Kalutara,H-2,1200.0,1167.0
11.09.2018,Galle,C-5 Sp,2550.0,2500.0
11.09.2018,Galle,C-5,2250.0,2240.0
11.09.2018,Galle,C-4,2160.0,2135.0
11.09.2018,Galle,H-1,1950.0,1930.0
11.09.2018,Galle,H-2,1930.0,1880.0
11.09.2018,Matara,Alba,3750.0,3663.0
11.09.2018,Matara,C-5,2800.0,2312.0
11.09.2018,Kalutara,M-4,2000.0,1967.0
11.09.2018,Matara,M-5,2100.0,2067.0
11.09.2018,Matara,M-4,2050.0,1983.0
11.09.2018,Matara,H-1,2000.0,1900.0
11.09.2018,Matara,H-2,1850.0,1800.0
11.09.2018,Matara,H-Faq,1700.0,1588.0
11.09.2018,Hambantota,C-5,2200.0,2200.0
11.09.2018,Hambantota,C-4,2150.0,2150.0
11.09.2018,Hambantota,H-1,1900.0,1900.0
11.09.2018,Hambantota,H-2,1850.0,1850.0
11.09.2018,Monaragala,Gorosu,1500.0,1300.0
11.09.2018,Matara,C-4,2200.0,2133.0
11.09.2018,Kalutara,M-5,2300.0,2266.0
11.09.2018,Galle,Alba,3500.0,3250.0
11.09.2018,Kalutara,C-5,2800.0,2767.0
11.09.2018,Ratnapura,C-5 Sp,2450.0,2412.0
11.09.2018,Ratnapura,C-5,2300.0,2275.0
11.09.2018,Ratnapura,C-4,2100.0,2050.0
11.09.2018,Ratnapura,M-5,1800.0,1737.0
11.09.2018,Ratnapura,M-4,1800.0,1737.0
11.09.2018,Ratnapura,H-1,1750.0,1712.0
11.09.2018,Ratnapura,H-2,1600.0,1537.0
11.09.2018,Badulla,Heen,2000.0,1633.0
11.09.2018,Badulla,Gorosu,1600.0,1191.0
11.09.2018,Kurunegala,Heen,1600.0,1567.0
11.09.2018,Kurunegala,Gorosu,900.0,800.0
11.09.2018,Ratnapura,Alba,3100.0,3062.0
11.09.2018,Colombo,C-5,2500.0,2500.0
11.09.2018,Colombo,C-4,2300.0,2300.0
11.09.2018,Colombo,H-1,1900.0,1900.0
11.09.2018,Colombo,H-2,1800.0,1800.0
11.09.2018,Gampaha,C-5,1800.0,1800.0
11.09.2018,Gampaha,C-4,1500.0,1475.0
11.09.2018,Kalutara,C-4,2600.0,2566.0
11.09.2018,Gampaha,Gorosu,1000.0,1000.0
11.09.2018,Kalutara,Alba,3400.0,3367.0
11.09.2018,Kalutara,C-5 Sp,3000.0,2967.0
11.09.2018,Colombo,C-5 Sp,2900.0,2900.0
18.09.2018,Matara,Alba,3750.0,3550.0
18.09.2018,Galle,H-2,1930.0,1910.0
18.09.2018,Galle,H-1,1940.0,1930.0
18.09.2018,Galle,C-4,2150.0,2125.0
18.09.2018,Kalutara,H-1,1800.0,1766.0
18.09.2018,Galle,C-5 Sp,2400.0,2375.0
18.09.2018,Galle,Alba,3300.0,3270.0
18.09.2018,Kalutara,H-2,1200.0,1167.0
18.09.2018,Matara,C-5 Sp,3000.0,2750.0
18.09.2018,Galle,C-5,2190.0,2170.0
18.09.2018,Matara,C-5,2600.0,2250.0
18.09.2018,Matara,H-2,1850.0,1775.0
18.09.2018,Matara,M-5,2100.0,2033.0
18.09.2018,Matara,M-4,2000.0,1950.0
18.09.2018,Matara,H-1,1900.0,1863.0
18.09.2018,Matara,H-Faq,1600.0,1567.0
18.09.2018,Hambantota,C-5,2150.0,2125.0
18.09.2018,Hambantota,C-4,2100.0,2050.0
18.09.2018,Hambantota,H-1,1800.0,1800.0
18.09.2018,Hambantota,H-2,1750.0,1750.0
18.09.2018,Monaragala,Gorosu,1300.0,1180.0
18.09.2018,Kalutara,M-4,2000.0,1967.0
18.09.2018,Matara,C-4,2150.0,2088.0
18.09.2018,Kalutara,M-5,2300.0,2266.0
18.09.2018,Kalutara,C-4,2600.0,2566.0
18.09.2018,Kalutara,C-5,2800.0,2767.0
18.09.2018,Ratnapura,Alba,3200.0,3100.0
18.09.2018,Ratnapura,C-5 Sp,2700.0,2650.0
18.09.2018,Ratnapura,C-5,2400.0,2312.0
18.09.2018,Ratnapura,C-4,2100.0,2050.0
18.09.2018,Ratnapura,M-5,1800.0,1750.0
18.09.2018,Ratnapura,M-4,1800.0,1750.0
18.09.2018,Ratnapura,H-2,1500.0,1450.0
18.09.2018,Badulla,Heen,2000.0,1750.0
18.09.2018,Badulla,Gorosu,1600.0,1191.0
18.09.2018,Kurunegala,Heen,1800.0,1667.0
18.09.2018,Ratnapura,H-1,1700.0,1680.0
18.09.2018,Colombo,C-5 Sp,2800.0,2800.0
18.09.2018,Kurunegala,Gorosu,800.0,767.0
18.09.2018,Kalutara,Alba,3400.0,3368.0
18.09.2018,Gampaha,Gorosu,1400.0,1350.0
18.09.2018,Gampaha,C-4,1600.0,1550.0
18.09.2018,Gampaha,C-5,2000.0,2000.0
18.09.2018,Kalutara,C-5 Sp,3000.0,2967.0
18.09.2018,Colombo,H-1,1900.0,1900.0
18.09.2018,Colombo,C-4,2300.0,2300.0
18.09.2018,Colombo,C-5,2400.0,2400.0
18.09.2018,Colombo,H-2,1800.0,1800.0
02.10.2018,Matara,C-5 Sp,3000.0,2767.0
02.10.2018,Kalutara,H-1,1600.0,1565.0
02.10.2018,Kalutara,H-2,1200.0,1167.0
02.10.2018,Galle,Alba,3140.0,3060.0
02.10.2018,Galle,C-5 Sp,2340.0,2315.0
02.10.2018,Galle,C-5,2140.0,2115.0
02.10.2018,Galle,C-4,2080.0,2065.0
02.10.2018,Galle,H-1,1920.0,1900.0
02.10.2018,Galle,H-2,1860.0,1850.0
02.10.2018,Matara,Alba,3800.0,3700.0
02.10.2018,Matara,C-5,2800.0,2317.0
02.10.2018,Monaragala,Gorosu,1200.0,1040.0
02.10.2018,Matara,M-5,2150.0,2075.0
02.10.2018,Matara,M-4,2100.0,2025.0
02.10.2018,Matara,H-1,2000.0,1914.0
02.10.2018,Matara,H-2,1880.0,1816.0
02.10.2018,Matara,H-Faq,1700.0,1613.0
02.10.2018,Hambantota,C-5,2150.0,2125.0
02.10.2018,Hambantota,C-4,2100.0,2050.0
02.10.2018,Hambantota,H-1,1850.0,1825.0
02.10.2018,Hambantota,H-2,1800.0,1750.0
02.10.2018,Kalutara,M-4,2000.0,1967.0
02.10.2018,Matara,C-4,2200.0,2108.0
02.10.2018,Kalutara,M-5,2100.0,2067.0
02.10.2018,Kalutara,C-4,2300.0,2265.0
02.10.2018,Kalutara,C-5,2600.0,2567.0
02.10.2018,Ratnapura,C-5 Sp,2600.0,2387.0
02.10.2018,Ratnapura,C-5,2300.0,2262.0
02.10.2018,Ratnapura,C-4,2000.0,1937.0
02.10.2018,Ratnapura,M-5,1750.0,1720.0
02.10.2018,Ratnapura,M-4,1750.0,1720.0
02.10.2018,Ratnapura,H-1,1750.0,1700.0
02.10.2018,Ratnapura,H-2,1300.0,1237.0
02.10.2018,Badulla,Heen,2000.0,1666.0
02.10.2018,Badulla,Gorosu,1500.0,1100.0
02.10.2018,Kurunegala,Heen,1800.0,1733.0
02.10.2018,Ratnapura,Alba,3100.0,3050.0
02.10.2018,Colombo,C-5 Sp,2750.0,2750.0
02.10.2018,Colombo,C-5,2400.0,2400.0
02.10.2018,Colombo,C-4,2200.0,2200.0
02.10.2018,Colombo,H-1,1850.0,1850.0
02.10.2018,Colombo,H-2,1800.0,1800.0
02.10.2018,Gampaha,C-5,1900.0,1900.0
02.10.2018,Gampaha,C-4,1700.0,1525.0
02.10.2018,Gampaha,Gorosu,1200.0,1150.0
02.10.2018,Kalutara,Alba,3200.0,3167.0
02.10.2018,Kalutara,C-5 Sp,2900.0,2867.0
02.10.2018,Kurunegala,Gorosu,1000.0,933.0
09.10.2018,Matara,Alba,3800.0,3700.0
09.10.2018,Galle,H-2,1860.0,1850.0
09.10.2018,Galle,H-1,1920.0,1900.0
09.10.2018,Kalutara,H-2,1200.0,1167.0
09.10.2018,Galle,C-5,2140.0,2115.0
09.10.2018,Galle,C-5 Sp,2340.0,2315.0
09.10.2018,Galle,Alba,3140.0,3060.0
09.10.2018,Matara,C-5 Sp,3000.0,2833.0
09.10.2018,Galle,C-4,2080.0,2065.0
09.10.2018,Matara,C-5,2500.0,2258.0
09.10.2018,Matara,H-Faq,1750.0,1680.0
09.10.2018,Matara,M-5,2150.0,2063.0
09.10.2018,Matara,M-4,2100.0,2025.0
09.10.2018,Matara,H-1,2000.0,1934.0
09.10.2018,Matara,H-2,1900.0,1819.0
09.10.2018,Hambantota,C-5,2150.0,2125.0
09.10.2018,Hambantota,C-4,2050.0,2025.0
09.10.2018,Hambantota,H-1,1900.0,1850.0
09.10.2018,Hambantota,H-2,1800.0,1750.0
09.10.2018,Monaragala,Gorosu,1200.0,1120.0
09.10.2018,Kalutara,H-1,1600.0,1565.0
09.10.2018,Matara,C-4,2200.0,2125.0
09.10.2018,Kalutara,M-4,2000.0,1960.0
09.10.2018,Kalutara,M-5,2100.0,2065.0
09.10.2018,Ratnapura,Alba,3200.0,3175.0
09.10.2018,Kalutara,C-4,2300.0,2265.0
09.10.2018,Ratnapura,C-5 Sp,2800.0,2700.0
09.10.2018,Ratnapura,C-5,2450.0,2425.0
09.10.2018,Ratnapura,C-4,2100.0,2000.0
09.10.2018,Ratnapura,M-5,1700.0,1700.0
09.10.2018,Ratnapura,M-4,1700.0,1700.0
09.10.2018,Ratnapura,H-2,1300.0,1300.0
09.10.2018,Badulla,Heen,2000.0,1550.0
09.10.2018,Badulla,Gorosu,1400.0,1117.0
09.10.2018,Kurunegala,Heen,1800.0,1733.0
09.10.2018,Kurunegala,Gorosu,1000.0,833.0
09.10.2018,Ratnapura,H-1,1650.0,1587.0
09.10.2018,Colombo,C-5,2500.0,2500.0
09.10.2018,Colombo,C-5 Sp,2850.0,2850.0
09.10.2018,Kalutara,C-5 Sp,2900.0,2867.0
09.10.2018,Kalutara,Alba,3200.0,3167.0
09.10.2018,Gampaha,Gorosu,1400.0,1300.0
09.10.2018,Gampaha,C-4,1700.0,1600.0
09.10.2018,Kalutara,C-5,2600.0,2567.0
09.10.2018,Colombo,H-2,1850.0,1850.0
09.10.2018,Colombo,H-1,1900.0,1900.0
09.10.2018,Colombo,C-4,2300.0,2300.0
09.10.2018,Gampaha,C-5,2000.0,2000.0
16.10.2018,Matara,Alba,3800.0,3713.0
16.10.2018,Monaragala,Gorosu,1500.0,1325.0
16.10.2018,Kalutara,H-1,1600.0,1565.0
16.10.2018,Kalutara,H-2,1200.0,1160.0
16.10.2018,Galle,Alba,3140.0,3060.0
16.10.2018,Galle,C-5 Sp,2340.0,2315.0
16.10.2018,Galle,C-5,2150.0,2135.0
16.10.2018,Galle,C-4,2080.0,2065.0
16.10.2018,Galle,H-1,1900.0,1885.0
16.10.2018,Galle,H-2,1850.0,1850.0
16.10.2018,Matara,C-5 Sp,3000.0,2767.0
16.10.2018,Kalutara,M-4,2000.0,1960.0
16.10.2018,Matara,C-4,2200.0,2175.0
16.10.2018,Matara,M-5,2150.0,2088.0
16.10.2018,Matara,M-4,2050.0,2025.0
16.10.2018,Matara,H-1,2000.0,1950.0
16.10.2018,Matara,H-2,1900.0,1825.0
16.10.2018,Matara,H-Faq,1750.0,1680.0
16.10.2018,Hambantota,C-5,2200.0,2175.0
16.10.2018,Hambantota,C-4,2150.0,2125.0
16.10.2018,Hambantota,H-1,1950.0,1925.0
16.10.2018,Hambantota,H-2,1900.0,1900.0
16.10.2018,Matara,C-5,2650.0,2317.0
16.10.2018,Kalutara,M-5,2100.0,2067.0
16.10.2018,Kalutara,C-5 Sp,2900.0,2865.0
16.10.2018,Kalutara,C-5,2600.0,2567.0
16.10.2018,Kalutara,C-4,2300.0,2270.0
16.10.2018,Ratnapura,C-5 Sp,2650.0,2550.0
16.10.2018,Ratnapura,C-5,2350.0,2316.0
16.10.2018,Ratnapura,C-4,2000.0,1916.0
16.10.2018,Ratnapura,M-5,1750.0,1723.0
16.10.2018,Ratnapura,M-4,1750.0,1723.0
16.10.2018,Ratnapura,H-1,1700.0,1650.0
16.10.2018,Ratnapura,H-2,1500.0,1466.0
16.10.2018,Badulla,Heen,2000.0,1616.0
16.10.2018,Badulla,Gorosu,1500.0,1125.0
16.10.2018,Ratnapura,Alba,3200.0,3150.0
16.10.2018,Kurunegala,Gorosu,1000.0,917.0
16.10.2018,Colombo,C-5 Sp,2800.0,2800.0
16.10.2018,Colombo,C-5,2500.0,2500.0
16.10.2018,Colombo,C-4,2300.0,2300.0
16.10.2018,Colombo,H-1,1900.0,1900.0
16.10.2018,Colombo,H-2,1850.0,1850.0
16.10.2018,Gampaha,C-5,2000.0,2000.0
16.10.2018,Gampaha,C-4,1700.0,1600.0
16.10.2018,Gampaha,Gorosu,1400.0,1100.0
16.10.2018,Kalutara,Alba,3200.0,3167.0
16.10.2018,Kurunegala,Heen,1800.0,1733.0
22.10.2018,Matara,C-5 Sp,3000.0,2900.0
22.10.2018,Matara,Alba,3800.0,3713.0
22.10.2018,Galle,H-2,1850.0,1850.0
22.10.2018,Galle,C-5 Sp,2340.0,2315.0
22.10.2018,Galle,C-4,2080.0,2065.0
22.10.2018,Galle,C-5,2150.0,2135.0
22.10.2018,Matara,C-5,2650.0,2340.0
22.10.2018,Galle,H-1,1900.0,1885.0
22.10.2018,Matara,C-4,2200.0,2130.0
22.10.2018,Hambantota,C-5,2200.0,2150.0
22.10.2018,Matara,M-4,2050.0,2017.0
22.10.2018,Matara,H-1,2000.0,1938.0
22.10.2018,Matara,H-2,1900.0,1847.0
22.10.2018,Matara,H-Faq,1750.0,1675.0
22.10.2018,Hambantota,C-4,2150.0,2075.0
22.10.2018,Hambantota,H-1,1950.0,1925.0
22.10.2018,Hambantota,H-2,1900.0,1875.0
22.10.2018,Monaragala,Gorosu,1500.0,1325.0
22.10.2018,Galle,Alba,3140.0,3060.0
22.10.2018,Matara,M-5,2100.0,2067.0
22.10.2018,Kalutara,H-2,1200.0,1160.0
22.10.2018,Kalutara,H-1,1600.0,1565.0
22.10.2018,Kalutara,M-4,2000.0,1960.0
22.10.2018,Ratnapura,Alba,3200.0,3138.0
22.10.2018,Ratnapura,C-5 Sp,2600.0,2562.0
22.10.2018,Ratnapura,C-5,2300.0,2280.0
22.10.2018,Ratnapura,C-4,2000.0,1975.0
22.10.2018,Ratnapura,M-5,1750.0,1725.0
22.10.2018,Ratnapura,H-1,1700.0,1675.0
22.10.2018,Ratnapura,H-2,1400.0,1337.0
22.10.2018,Badulla,Heen,1400.0,1300.0
22.10.2018,Badulla,Gorosu,1000.0,766.0
22.10.2018,Ratnapura,M-4,1750.0,1725.0
22.10.2018,Kurunegala,Gorosu,900.0,817.0
22.10.2018,Kurunegala,Heen,1600.0,1567.0
22.10.2018,Kalutara,C-4,2300.0,2270.0
22.10.2018,Kalutara,C-5,2600.0,2567.0
22.10.2018,Kalutara,C-5 Sp,2900.0,2865.0
22.10.2018,Kalutara,M-5,2100.0,2067.0
22.10.2018,Gampaha,Gorosu,1400.0,1275.0
22.10.2018,Gampaha,C-4,1600.0,1550.0
22.10.2018,Gampaha,C-5,1800.0,1800.0
22.10.2018,Kalutara,Alba,3200.0,3167.0
30.10.2018,Matara,Alba,3800.0,3688.0
30.10.2018,Monaragala,Gorosu,1200.0,1125.0
30.10.2018,Kalutara,H-2,1200.0,1160.0
30.10.2018,Galle,Alba,3150.0,3090.0
30.10.2018,Galle,C-5 Sp,2340.0,2320.0
30.10.2018,Galle,C-5,2130.0,2120.0
30.10.2018,Galle,C-4,2050.0,2040.0
30.10.2018,Galle,H-1,1900.0,1890.0
30.10.2018,Galle,H-2,1870.0,1855.0
30.10.2018,Matara,C-5 Sp,3000.0,2800.0
30.10.2018,Hambantota,H-2,1800.0,1800.0
30.10.2018,Matara,C-4,2200.0,2142.0
30.10.2018,Matara,M-5,2100.0,2067.0
30.10.2018,Matara,M-4,2050.0,2017.0
30.10.2018,Matara,H-1,2000.0,1930.0
30.10.2018,Matara,H-2,1900.0,1841.0
30.10.2018,Matara,H-Faq,1750.0,1630.0
30.10.2018,Hambantota,C-5,2200.0,2175.0
30.10.2018,Hambantota,C-4,2150.0,2125.0
30.10.2018,Hambantota,H-1,1880.0,1840.0
30.10.2018,Kalutara,M-4,2000.0,1960.0
30.10.2018,Matara,C-5,2400.0,2258.0
30.10.2018,Kalutara,M-5,2100.0,2067.0
30.10.2018,Kalutara,H-1,1600.0,1565.0
30.10.2018,Kalutara,C-5,2600.0,2567.0
30.10.2018,Ratnapura,Alba,3150.0,3116.0
30.10.2018,Ratnapura,C-5 Sp,2850.0,2800.0
30.10.2018,Ratnapura,C-5,2450.0,2416.0
30.10.2018,Ratnapura,C-4,2050.0,2016.0
30.10.2018,Ratnapura,M-5,1800.0,1766.0
30.10.2018,Ratnapura,M-4,1800.0,1766.0
30.10.2018,Ratnapura,H-1,1700.0,1683.0
30.10.2018,Ratnapura,H-2,1500.0,1483.0
30.10.2018,Badulla,Heen,2000.0,1683.0
30.10.2018,Badulla,Gorosu,1500.0,1158.0
30.10.2018,Kurunegala,Heen,1600.0,1533.0
30.10.2018,Kalutara,C-4,2300.0,2270.0
30.10.2018,Colombo,C-5 Sp,2850.0,2850.0
30.10.2018,Colombo,C-5,2500.0,2500.0
30.10.2018,Colombo,C-4,2300.0,2300.0
30.10.2018,Colombo,H-1,1850.0,1850.0
30.10.2018,Colombo,H-2,1800.0,1800.0
30.10.2018,Gampaha,C-5,1900.0,1900.0
30.10.2018,Gampaha,C-4,1700.0,1600.0
30.10.2018,Gampaha,Gorosu,1500.0,1350.0
30.10.2018,Kalutara,Alba,3200.0,3167.0
30.10.2018,Kalutara,C-5 Sp,2900.0,2865.0
30.10.2018,Kurunegala,Gorosu,1000.0,850.0
05.11.2018,Galle,H-2,1860.0,1855.0
05.11.2018,Galle,H-1,1900.0,1890.0
05.11.2018,Galle,C-4,2050.0,2045.0
05.11.2018,Galle,C-5,2150.0,2140.0
05.11.2018,Kalutara,M-4,2000.0,1960.0
05.11.2018,Galle,Alba,3150.0,3090.0
05.11.2018,Kalutara,H-2,1200.0,1160.0
05.11.2018,Kalutara,H-1,1600.0,1565.0
05.11.2018,Matara,Alba,3800.0,3713.0
05.11.2018,Galle,C-5 Sp,2340.0,2320.0
05.11.2018,Matara,C-5 Sp,3000.0,2833.0
05.11.2018,Matara,H-1,1950.0,1938.0
05.11.2018,Matara,C-4,2150.0,2136.0
05.11.2018,Matara,M-5,2100.0,2067.0
05.11.2018,Matara,M-4,2000.0,2000.0
05.11.2018,Matara,H-2,1900.0,1833.0
05.11.2018,Matara,H-Faq,1750.0,1688.0
05.11.2018,Hambantota,C-5,2200.0,2175.0
05.11.2018,Hambantota,C-4,2150.0,2125.0
05.11.2018,Hambantota,H-1,1950.0,1903.0
05.11.2018,Hambantota,H-2,1900.0,1833.0
05.11.2018,Kalutara,M-5,2100.0,2067.0
05.11.2018,Matara,C-5,2500.0,2300.0
05.11.2018,Monaragala,Gorosu,1300.0,1150.0
05.11.2018,Kalutara,C-4,2300.0,2270.0
05.11.2018,Kalutara,C-5 Sp,2900.0,2865.0
05.11.2018,Kalutara,C-5,2600.0,2567.0
05.11.2018,Ratnapura,Alba,3100.0,3050.0
05.11.2018,Ratnapura,C-5 Sp,2500.0,2337.0
05.11.2018,Ratnapura,C-5,2300.0,2212.0
05.11.2018,Ratnapura,C-4,2000.0,1925.0
05.11.2018,Ratnapura,M-5,1900.0,1837.0
05.11.2018,Ratnapura,H-1,1750.0,1712.0
05.11.2018,Ratnapura,H-2,1650.0,1500.0
05.11.2018,Badulla,Heen,2000.0,1650.0
05.11.2018,Badulla,Gorosu,1400.0,1116.0
05.11.2018,Ratnapura,M-4,1900.0,1837.0
05.11.2018,Kurunegala,Gorosu,1000.0,967.0
05.11.2018,Colombo,C-5 Sp,2850.0,2850.0
05.11.2018,Colombo,C-5,2700.0,2700.0
05.11.2018,Colombo,C-4,2500.0,2500.0
05.11.2018,Colombo,H-1,1900.0,1900.0
05.11.2018,Colombo,H-2,1850.0,1850.0
05.11.2018,Gampaha,C-5,1800.0,1800.0
05.11.2018,Gampaha,C-4,1500.0,1425.0
05.11.2018,Gampaha,Gorosu,1300.0,1200.0
05.11.2018,Kurunegala,Heen,1800.0,1733.0
05.11.2018,Kalutara,Alba,3200.0,3167.0
13.11.2018,Matara,Alba,3830.0,3733.0
13.11.2018,Galle,H-2,1900.0,1880.0
13.11.2018,Galle,H-1,1940.0,1910.0
13.11.2018,Galle,C-4,2100.0,2080.0
13.11.2018,Kalutara,H-1,1600.0,1565.0
13.11.2018,Galle,C-5 Sp,2350.0,2318.0
13.11.2018,Galle,Alba,3050.0,3015.0
13.11.2018,Kalutara,H-2,1200.0,1160.0
13.11.2018,Matara,C-5 Sp,3200.0,3000.0
13.11.2018,Galle,C-5,2130.0,2125.0
13.11.2018,Matara,C-5,2700.0,2363.0
13.11.2018,Monaragala,Gorosu,1500.0,1325.0
13.11.2018,Matara,M-5,2100.0,2033.0
13.11.2018,Matara,M-4,2050.0,2000.0
13.11.2018,Matara,H-1,2000.0,1956.0
13.11.2018,Matara,H-2,1950.0,1864.0
13.11.2018,Matara,H-Faq,1800.0,1700.0
13.11.2018,Hambantota,C-5,2200.0,2175.0
13.11.2018,Hambantota,C-4,2150.0,2125.0
13.11.2018,Hambantota,H-1,1950.0,1903.0
13.11.2018,Hambantota,H-2,1900.0,1850.0
13.11.2018,Kalutara,M-4,2000.0,1960.0
13.11.2018,Matara,C-4,2150.0,2150.0
13.11.2018,Kalutara,M-5,2100.0,2067.0
13.11.2018,Ratnapura,M-4,1800.0,1737.0
13.11.2018,Kalutara,C-5,2600.0,2567.0
13.11.2018,Ratnapura,C-5 Sp,2650.0,2562.0
13.11.2018,Ratnapura,C-5,2350.0,2312.0
13.11.2018,Ratnapura,C-4,2100.0,2038.0
13.11.2018,Ratnapura,M-5,1800.0,1737.0
13.11.2018,Kalutara,C-4,2300.0,2270.0
13.11.2018,Ratnapura,H-1,1750.0,1662.0
13.11.2018,Ratnapura,H-2,1500.0,1438.0
13.11.2018,Badulla,Heen,1600.0,1333.0
13.11.2018,Badulla,Gorosu,1200.0,900.0
13.11.2018,Kurunegala,Heen,1600.0,1567.0
13.11.2018,Ratnapura,Alba,3150.0,3088.0
13.11.2018,Colombo,C-5 Sp,2850.0,2850.0
13.11.2018,Colombo,C-5,2700.0,2700.0
13.11.2018,Colombo,C-4,2500.0,2500.0
13.11.2018,Colombo,H-1,1900.0,1900.0
13.11.2018,Colombo,H-2,1850.0,1850.0
13.11.2018,Gampaha,C-5,2000.0,2000.0
13.11.2018,Gampaha,C-4,1700.0,1600.0
13.11.2018,Gampaha,Gorosu,1500.0,1400.0
13.11.2018,Kalutara,Alba,3200.0,3168.0
13.11.2018,Kalutara,C-5 Sp,2900.0,2865.0
13.11.2018,Kurunegala,Gorosu,800.0,783.0
19.11.2018,Matara,Alba,3850.0,3800.0
19.11.2018,Galle,H-2,1900.0,1890.0
19.11.2018,Galle,H-1,1920.0,1900.0
19.11.2018,Kalutara,H-2,1200.0,1160.0
19.11.2018,Galle,C-5,2150.0,2140.0
19.11.2018,Galle,C-5 Sp,2320.0,2310.0
19.11.2018,Galle,Alba,3100.0,3050.0
19.11.2018,Matara,C-5 Sp,3000.0,2850.0
19.11.2018,Galle,C-4,2100.0,2090.0
19.11.2018,Matara,C-5,2500.0,2283.0
19.11.2018,Matara,H-Faq,1850.0,1638.0
19.11.2018,Matara,M-5,2100.0,2067.0
19.11.2018,Matara,M-4,2050.0,2017.0
19.11.2018,Matara,H-1,2000.0,1988.0
19.11.2018,Matara,H-2,1980.0,1922.0
19.11.2018,Hambantota,C-5,2200.0,2175.0
19.11.2018,Hambantota,C-4,2150.0,2125.0
19.11.2018,Hambantota,H-1,1950.0,1925.0
19.11.2018,Hambantota,H-2,1900.0,1833.0
19.11.2018,Monaragala,Gorosu,1500.0,1325.0
19.11.2018,Kalutara,H-1,1600.0,1565.0
19.11.2018,Matara,C-4,2200.0,2142.0
19.11.2018,Kalutara,M-4,2000.0,1960.0
19.11.2018,Kalutara,M-5,2100.0,2067.0
19.11.2018,Ratnapura,Alba,3150.0,3100.0
19.11.2018,Kalutara,C-4,2300.0,2270.0
19.11.2018,Ratnapura,C-5 Sp,2650.0,2550.0
19.11.2018,Ratnapura,C-5,2350.0,2325.0
19.11.2018,Ratnapura,C-4,2100.0,2050.0
19.11.2018,Ratnapura,M-5,1800.0,1737.0
19.11.2018,Ratnapura,M-4,1800.0,1737.0
19.11.2018,Ratnapura,H-2,1550.0,1500.0
19.11.2018,Badulla,Heen,2000.0,1650.0
19.11.2018,Badulla,Gorosu,1600.0,1208.0
19.11.2018,Kurunegala,Heen,1600.0,1600.0
19.11.2018,Kurunegala,Gorosu,800.0,783.0
19.11.2018,Ratnapura,H-1,1750.0,1700.0
19.11.2018,Colombo,C-5,2500.0,2500.0
19.11.2018,Colombo,C-5 Sp,2600.0,2600.0
19.11.2018,Kalutara,C-5 Sp,2900.0,2865.0
19.11.2018,Kalutara,Alba,3200.0,3167.0
19.11.2018,Gampaha,Gorosu,1500.0,1335.0
19.11.2018,Gampaha,C-4,1800.0,1635.0
19.11.2018,Kalutara,C-5,2600.0,2567.0
19.11.2018,Colombo,H-2,1800.0,1800.0
19.11.2018,Colombo,H-1,1950.0,1950.0
19.11.2018,Colombo,C-4,2200.0,2200.0
19.11.2018,Gampaha,C-5,2200.0,2200.0
27.11.2018,Matara,C-5 Sp,3000.0,2767.0
27.11.2018,Kalutara,H-1,1600.0,1565.0
27.11.2018,Kalutara,H-2,1200.0,1160.0
27.11.2018,Galle,Alba,3100.0,3050.0
27.11.2018,Galle,C-5 Sp,2320.0,2310.0
27.11.2018,Galle,C-5,2150.0,2140.0
27.11.2018,Galle,C-4,2100.0,2090.0
27.11.2018,Galle,H-1,1920.0,1910.0
27.11.2018,Galle,H-2,1900.0,1890.0
27.11.2018,Matara,Alba,3800.0,3700.0
27.11.2018,Matara,C-5,2500.0,2380.0
27.11.2018,Kalutara,M-4,2000.0,1960.0
27.11.2018,Matara,M-5,2100.0,2060.0
27.11.2018,Matara,M-4,2000.0,2000.0
27.11.2018,Matara,H-1,1950.0,1950.0
27.11.2018,Matara,H-2,1925.0,1900.0
27.11.2018,Matara,H-Faq,1830.0,1645.0
27.11.2018,Hambantota,C-5,2250.0,2225.0
27.11.2018,Hambantota,C-4,2150.0,2125.0
27.11.2018,Hambantota,H-1,2000.0,1975.0
27.11.2018,Hambantota,H-2,1950.0,1925.0
27.11.2018,Monaragala,Gorosu,1500.0,1325.0
27.11.2018,Matara,C-4,2200.0,2160.0
27.11.2018,Kalutara,M-5,2100.0,2067.0
27.11.2018,Kalutara,C-4,2300.0,2270.0
27.11.2018,Kalutara,C-5,2600.0,2567.0
27.11.2018,Ratnapura,Alba,3200.0,3150.0
27.11.2018,Ratnapura,C-5 Sp,2700.0,2650.0
27.11.2018,Ratnapura,C-5,2400.0,2350.0
27.11.2018,Ratnapura,C-4,2200.0,2150.0
27.11.2018,Ratnapura,M-5,1950.0,1900.0
27.11.2018,Ratnapura,M-4,1950.0,1900.0
27.11.2018,Ratnapura,H-2,1650.0,1616.0
27.11.2018,Badulla,Heen,2100.0,1741.0
27.11.2018,Badulla,Gorosu,1500.0,1266.0
27.11.2018,Kurunegala,Heen,1600.0,1533.0
27.11.2018,Ratnapura,H-1,1800.0,1783.0
27.11.2018,Colombo,C-5 Sp,2600.0,2600.0
27.11.2018,Kurunegala,Gorosu,800.0,767.0
27.11.2018,Kalutara,Alba,3200.0,3167.0
27.11.2018,Gampaha,Gorosu,1300.0,1200.0
27.11.2018,Gampaha,C-4,1800.0,1635.0
27.11.2018,Gampaha,C-5,2000.0,2000.0
27.11.2018,Kalutara,C-5 Sp,2900.0,2865.0
27.11.2018,Colombo,H-1,1900.0,1900.0
27.11.2018,Colombo,C-4,2250.0,2250.0
27.11.2018,Colombo,C-5,2500.0,2500.0
27.11.2018,Colombo,H-2,1800.0,1800.0
04.12.2018,Matara,C-5 Sp,3000.0,2767.0
04.12.2018,Kalutara,H-1,1600.0,1565.0
04.12.2018,Kalutara,H-2,1200.0,1160.0
04.12.2018,Galle,Alba,3140.0,3115.0
04.12.2018,Galle,C-5 Sp,2350.0,2340.0
04.12.2018,Galle,C-5,2207.0,2155.0
04.12.2018,Galle,C-4,2120.0,2110.0
04.12.2018,Galle,H-1,1980.0,1965.0
04.12.2018,Galle,H-2,1930.0,1890.0
04.12.2018,Matara,Alba,3900.0,3844.0
04.12.2018,Matara,C-5,2800.0,2275.0
04.12.2018,Monaragala,Gorosu,1500.0,1325.0
04.12.2018,Matara,M-5,2100.0,2067.0
04.12.2018,Matara,M-4,2050.0,2050.0
04.12.2018,Matara,H-1,2000.0,2000.0
04.12.2018,Matara,H-2,1980.0,1952.0
04.12.2018,Matara,H-Faq,1850.0,1617.0
04.12.2018,Hambantota,C-5,2250.0,2225.0
04.12.2018,Hambantota,C-4,2150.0,2125.0
04.12.2018,Hambantota,H-1,2000.0,1975.0
04.12.2018,Hambantota,H-2,1950.0,1925.0
04.12.2018,Kalutara,M-4,2000.0,1960.0
04.12.2018,Matara,C-4,2200.0,2140.0
04.12.2018,Kalutara,M-5,2100.0,2067.0
04.12.2018,Kalutara,C-4,2300.0,2270.0
04.12.2018,Kalutara,C-5,2600.0,2567.0
04.12.2018,Ratnapura,C-5 Sp,2650.0,2616.0
04.12.2018,Ratnapura,C-5,2350.0,2316.0
04.12.2018,Ratnapura,C-4,2050.0,2016.0
04.12.2018,Ratnapura,M-5,1800.0,1766.0
04.12.2018,Ratnapura,M-4,1800.0,1766.0
04.12.2018,Ratnapura,H-1,1700.0,1666.0
04.12.2018,Ratnapura,H-2,1500.0,1416.0
04.12.2018,Badulla,Heen,2200.0,1725.0
04.12.2018,Badulla,Gorosu,1600.0,1162.0
04.12.2018,Kurunegala,Heen,1800.0,1700.0
04.12.2018,Ratnapura,Alba,3200.0,3133.0
04.12.2018,Colombo,C-5 Sp,2600.0,2600.0
04.12.2018,Colombo,C-5,2500.0,2500.0
04.12.2018,Colombo,C-4,2250.0,2250.0
04.12.2018,Colombo,H-1,1900.0,1900.0
04.12.2018,Colombo,H-2,1850.0,1850.0
04.12.2018,Gampaha,C-5,2200.0,2200.0
04.12.2018,Gampaha,C-4,1900.0,1750.0
04.12.2018,Gampaha,Gorosu,1500.0,1400.0
04.12.2018,Kalutara,Alba,3200.0,3167.0
04.12.2018,Kalutara,C-5 Sp,2900.0,2865.0
04.12.2018,Kurunegala,Gorosu,1000.0,867.0
11.12.2018,Matara,Alba,4000.0,3906.0
11.12.2018,Galle,H-2,2000.0,1985.0
11.12.2018,Galle,H-1,2030.0,2020.0
11.12.2018,Kalutara,H-1,1600.0,1565.0
11.12.2018,Galle,C-5,2160.0,2155.0
11.12.2018,Galle,C-5 Sp,2350.0,2325.0
11.12.2018,Kalutara,H-2,1200.0,1160.0
11.12.2018,Matara,C-5 Sp,3300.0,2933.0
11.12.2018,Galle,C-4,2140.0,2130.0
11.12.2018,Matara,C-5,2800.0,2375.0
11.12.2018,Matara,H-Faq,1900.0,1760.0
11.12.2018,Matara,M-5,2100.0,2100.0
11.12.2018,Matara,M-4,2050.0,2050.0
11.12.2018,Matara,H-1,2020.0,2003.0
11.12.2018,Matara,H-2,1980.0,1930.0
11.12.2018,Hambantota,C-5,2300.0,2250.0
11.12.2018,Hambantota,C-4,2100.0,2100.0
11.12.2018,Hambantota,H-1,2000.0,2000.0
11.12.2018,Hambantota,H-2,1950.0,1950.0
11.12.2018,Monaragala,Gorosu,1200.0,1160.0
11.12.2018,Kalutara,M-4,2000.0,1960.0
11.12.2018,Matara,C-4,2200.0,2167.0
11.12.2018,Kalutara,M-5,2100.0,2067.0
11.12.2018,Kalutara,Alba,3200.0,3167.0
11.12.2018,Kalutara,C-5,2600.0,2567.0
11.12.2018,Ratnapura,C-5 Sp,2700.0,2625.0
11.12.2018,Ratnapura,C-5,2500.0,2412.0
11.12.2018,Ratnapura,C-4,2100.0,2050.0
11.12.2018,Ratnapura,M-5,1800.0,1775.0
11.12.2018,Ratnapura,M-4,1800.0,1775.0
11.12.2018,Ratnapura,H-1,1800.0,1687.0
11.12.2018,Ratnapura,H-2,1600.0,1450.0
11.12.2018,Badulla,Heen,2100.0,1725.0
11.12.2018,Badulla,Gorosu,1500.0,1125.0
11.12.2018,Kurunegala,Heen,1800.0,1700.0
11.12.2018,Ratnapura,Alba,3200.0,3162.0
11.12.2018,Colombo,C-5 Sp,2650.0,2650.0
11.12.2018,Kurunegala,Gorosu,1000.0,867.0
11.12.2018,Kalutara,C-5 Sp,2900.0,2865.0
11.12.2018,Gampaha,Gorosu,1400.0,1175.0
11.12.2018,Gampaha,C-4,1800.0,1600.0
11.12.2018,Kalutara,C-4,2300.0,2270.0
11.12.2018,Colombo,H-2,1850.0,1850.0
11.12.2018,Colombo,H-1,1900.0,1900.0
11.12.2018,Colombo,C-4,2200.0,2200.0
11.12.2018,Colombo,C-5,2500.0,2500.0
11.12.2018,Gampaha,C-5,2200.0,2200.0
18.12.2018,Kalutara,M-4,2000.0,1960.0
18.12.2018,Kalutara,H-1,1600.0,1565.0
18.12.2018,Kalutara,H-2,1200.0,1160.0
18.12.2018,Galle,C-5 Sp,2650.0,2625.0
18.12.2018,Galle,C-5,2150.0,2150.0
18.12.2018,Galle,C-4,2140.0,2130.0
18.12.2018,Galle,H-1,1980.0,1965.0
18.12.2018,Galle,H-2,1960.0,1935.0
18.12.2018,Matara,Alba,4000.0,3956.0
18.12.2018,Matara,C-5 Sp,3500.0,3000.0
18.12.2018,Matara,M-5,2100.0,2067.0
18.12.2018,Matara,C-4,2200.0,2100.0
18.12.2018,Matara,M-4,2050.0,2017.0
18.12.2018,Matara,H-1,2000.0,1962.0
18.12.2018,Matara,H-Faq,1750.0,1690.0
18.12.2018,Hambantota,C-5,2300.0,2250.0
18.12.2018,Hambantota,C-4,2100.0,2100.0
18.12.2018,Hambantota,H-1,2000.0,2000.0
18.12.2018,Hambantota,H-2,1950.0,1950.0
18.12.2018,Kalutara,M-5,2100.0,2067.0
18.12.2018,Monaragala,Gorosu,1300.0,1225.0
18.12.2018,Matara,C-5,2800.0,2500.0
18.12.2018,Matara,H-2,1950.0,1870.0
18.12.2018,Kalutara,C-5,2600.0,2567.0
18.12.2018,Kalutara,C-5 Sp,2900.0,2865.0
18.12.2018,Kalutara,C-4,2300.0,2270.0
18.12.2018,Ratnapura,C-5 Sp,2800.0,2766.0
18.12.2018,Ratnapura,C-5,2500.0,2433.0
18.12.2018,Ratnapura,C-4,2050.0,2016.0
18.12.2018,Ratnapura,M-5,1900.0,1850.0
18.12.2018,Ratnapura,M-4,1900.0,1850.0
18.12.2018,Ratnapura,H-1,1850.0,1816.0
18.12.2018,Ratnapura,H-2,1700.0,1650.0
18.12.2018,Badulla,Heen,2200.0,1725.0
18.12.2018,Badulla,Gorosu,1600.0,1100.0
18.12.2018,Ratnapura,Alba,3200.0,3166.0
18.12.2018,Kurunegala,Gorosu,900.0,800.0
18.12.2018,Kurunegala,Heen,1800.0,1767.0
18.12.2018,Gampaha,Gorosu,1500.0,1200.0
18.12.2018,Gampaha,C-4,1800.0,1600.0
18.12.2018,Gampaha,C-5,2000.0,2000.0
18.12.2018,Kalutara,Alba,3200.0,3167.0
18.12.2018,Colombo,H-1,1900.0,1900.0
18.12.2018,Colombo,C-4,2200.0,2200.0
18.12.2018,Colombo,C-5,2500.0,2500.0
18.12.2018,Colombo,C-5 Sp,2600.0,2600.0
18.12.2018,Colombo,H-2,1850.0,1850.0
24.12.2018,Matara,C-5 Sp,3500.0,2966.0
24.12.2018,Galle,Alba,3800.0,3650.0
24.12.2018,Galle,C-5 Sp,2600.0,2550.0
24.12.2018,Galle,C-5,2300.0,2280.0
24.12.2018,Galle,C-4,2100.0,2050.0
24.12.2018,Galle,H-1,1900.0,1900.0
24.12.2018,Galle,H-2,1840.0,1820.0
24.12.2018,Matara,Alba,4000.0,3950.0
24.12.2018,Matara,C-5,2500.0,2350.0
24.12.2018,Matara,H-Faq,1750.0,1637.0
24.12.2018,Matara,M-5,2100.0,2050.0
24.12.2018,Matara,M-4,2050.0,1983.0
24.12.2018,Matara,H-1,2000.0,1910.0
24.12.2018,Matara,H-2,1850.0,1810.0
24.12.2018,Hambantota,C-5,2100.0,2100.0
24.12.2018,Hambantota,C-4,2000.0,2000.0
24.12.2018,Hambantota,H-1,1900.0,1850.0
24.12.2018,Hambantota,H-2,1800.0,1750.0
24.12.2018,Monaragala,Gorosu,1500.0,1325.0
24.12.2018,Matara,C-4,2200.0,2092.0
24.12.2018,Kalutara,H-1,1600.0,1565.0
24.12.2018,Kalutara,H-2,1200.0,1160.0
24.12.2018,Kalutara,M-5,2100.0,2067.0
24.12.2018,Kalutara,M-4,2000.0,1960.0
24.12.2018,Ratnapura,Alba,3500.0,3450.0
24.12.2018,Ratnapura,C-5 Sp,3000.0,2850.0
24.12.2018,Ratnapura,C-5,2500.0,2383.0
24.12.2018,Ratnapura,C-4,2000.0,2000.0
24.12.2018,Ratnapura,M-4,1800.0,1783.0
24.12.2018,Ratnapura,H-1,1800.0,1700.0
24.12.2018,Ratnapura,H-2,1500.0,1466.0
24.12.2018,Badulla,Heen,2100.0,2050.0
24.12.2018,Ratnapura,M-5,1800.0,1783.0
24.12.2018,Kurunegala,Heen,1500.0,1466.0
24.12.2018,Kurunegala,Gorosu,750.0,717.0
24.12.2018,Gampaha,C-5,2000.0,2000.0
24.12.2018,Gampaha,C-4,1800.0,1550.0
24.12.2018,Gampaha,Gorosu,1500.0,1175.0
24.12.2018,Kalutara,Alba,3200.0,3167.0
24.12.2018,Kalutara,C-5 Sp,2900.0,2865.0
24.12.2018,Kalutara,C-5,2600.0,2567.0
24.12.2018,Badulla,Gorosu,1500.0,1500.0
24.12.2018,Kalutara,C-4,2300.0,2270.0
31.12.2018,Galle,H-2,1880.0,1865.0
31.12.2018,Galle,H-1,1950.0,1920.0
31.12.2018,Galle,C-4,2100.0,2075.0
31.12.2018,Galle,C-5,2200.0,2150.0
31.12.2018,Kalutara,H-1,1600.0,1565.0
31.12.2018,Galle,Alba,3850.0,3800.0
31.12.2018,Kalutara,H-2,1200.0,1160.0
31.12.2018,Matara,Alba,4000.0,3969.0
31.12.2018,Galle,C-5 Sp,2450.0,2400.0
31.12.2018,Matara,C-5 Sp,3500.0,2967.0
31.12.2018,Hambantota,H-2,1800.0,1750.0
31.12.2018,Matara,C-4,2200.0,2092.0
31.12.2018,Matara,M-5,2100.0,2050.0
31.12.2018,Matara,M-4,2050.0,1983.0
31.12.2018,Matara,H-1,2000.0,1910.0
31.12.2018,Matara,H-2,1900.0,1800.0
31.12.2018,Matara,H-Faq,1750.0,1637.0
31.12.2018,Hambantota,C-5,2050.0,2050.0
31.12.2018,Hambantota,C-4,2000.0,2000.0
31.12.2018,Hambantota,H-1,1850.0,1850.0
31.12.2018,Monaragala,Gorosu,1500.0,1340.0
31.12.2018,Matara,C-5,2500.0,2350.0
31.12.2018,Kalutara,M-5,2100.0,2067.0
31.12.2018,Kalutara,M-4,2000.0,1960.0
31.12.2018,Kalutara,C-5,2600.0,2567.0
31.12.2018,Kalutara,C-4,2300.0,2270.0
31.12.2018,Ratnapura,Alba,3200.0,3116.0
31.12.2018,Ratnapura,C-5 Sp,2500.0,2466.0
31.12.2018,Ratnapura,C-5,2400.0,2366.0
31.12.2018,Ratnapura,C-4,2050.0,2016.0
31.12.2018,Ratnapura,M-5,1900.0,1850.0
31.12.2018,Ratnapura,H-1,1800.0,1766.0
31.12.2018,Ratnapura,H-2,1700.0,1650.0
31.12.2018,Badulla,Heen,2100.0,1641.0
31.12.2018,Badulla,Gorosu,1500.0,1133.0
31.12.2018,Kurunegala,Heen,1600.0,1533.0
31.12.2018,Ratnapura,M-4,1900.0,1850.0
31.12.2018,Colombo,C-5 Sp,2600.0,2600.0
31.12.2018,Kurunegala,Gorosu,800.0,767.0
31.12.2018,Kalutara,Alba,3200.0,3167.0
31.12.2018,Gampaha,Gorosu,1400.0,1150.0
31.12.2018,Gampaha,C-4,1700.0,1600.0
31.12.2018,Gampaha,C-5,2000.0,2000.0
31.12.2018,Kalutara,C-5 Sp,2900.0,2865.0
31.12.2018,Colombo,H-1,1900.0,1900.0
31.12.2018,Colombo,C-4,2200.0,2200.0
31.12.2018,Colombo,C-5,2500.0,2500.0
31.12.2018,Colombo,H-2,1850.0,1850.0
08.01.2019,Matara,C-5 Sp,3000.0,2738.0
08.01.2019,Kalutara,H-1,1600.0,1565.0
08.01.2019,Kalutara,H-2,1200.0,1160.0
08.01.2019,Galle,Alba,3850.0,3800.0
08.01.2019,Galle,C-5 Sp,2450.0,2400.0
08.01.2019,Galle,C-5,2150.0,2100.0
08.01.2019,Galle,C-4,2100.0,2050.0
08.01.2019,Galle,H-1,1950.0,1920.0
08.01.2019,Galle,H-2,1880.0,1660.0
08.01.2019,Matara,Alba,4050.0,3969.0
08.01.2019,Matara,C-5,2600.0,2275.0
08.01.2019,Kalutara,M-4,2000.0,1960.0
08.01.2019,Matara,M-5,2050.0,2000.0
08.01.2019,Matara,M-4,2000.0,1950.0
08.01.2019,Matara,H-1,1950.0,1886.0
08.01.2019,Matara,H-2,1900.0,1803.0
08.01.2019,Matara,H-Faq,1700.0,1620.0
08.01.2019,Hambantota,C-5,2200.0,2150.0
08.01.2019,Monaragala,Gorosu,1500.0,1325.0
08.01.2019,Hambantota,C-4,2050.0,2025.0
08.01.2019,Hambantota,H-1,1900.0,1875.0
08.01.2019,Hambantota,H-2,1800.0,1800.0
08.01.2019,Matara,C-4,2100.0,2067.0
08.01.2019,Kalutara,M-5,2100.0,2067.0
08.01.2019,Ratnapura,C-4,2100.0,2033.0
08.01.2019,Kalutara,C-5,2600.0,2568.0
08.01.2019,Ratnapura,Alba,3000.0,2900.0
08.01.2019,Ratnapura,C-5 Sp,2600.0,2566.0
08.01.2019,Ratnapura,C-5,2400.0,2266.0
08.01.2019,Ratnapura,M-5,1850.0,1816.0
08.01.2019,Ratnapura,M-4,1850.0,1816.0
08.01.2019,Ratnapura,H-1,1800.0,1766.0
08.01.2019,Ratnapura,H-2,1650.0,1583.0
08.01.2019,Badulla,Heen,2000.0,1616.0
08.01.2019,Badulla,Gorosu,1400.0,1025.0
08.01.2019,Kurunegala,Heen,1700.0,1633.0
08.01.2019,Kalutara,C-4,2300.0,2270.0
08.01.2019,Colombo,C-5 Sp,2650.0,2560.0
08.01.2019,Colombo,C-5,2500.0,2500.0
08.01.2019,Colombo,C-4,2250.0,2250.0
08.01.2019,Colombo,H-1,1900.0,1900.0
08.01.2019,Colombo,H-2,1850.0,1850.0
08.01.2019,Gampaha,C-5,2000.0,2000.0
08.01.2019,Gampaha,C-4,1800.0,1650.0
08.01.2019,Gampaha,Gorosu,1600.0,1550.0
08.01.2019,Kalutara,Alba,3200.0,3167.0
08.01.2019,Kalutara,C-5 Sp,2900.0,2865.0
08.01.2019,Kurunegala,Gorosu,1000.0,900.0
14.01.2019,Galle,H-2,1900.0,1870.0
14.01.2019,Galle,H-1,1950.0,1920.0
14.01.2019,Galle,C-4,2060.0,2040.0
14.01.2019,Kalutara,H-1,1600.0,1565.0
14.01.2019,Galle,C-5 Sp,2450.0,2405.0
14.01.2019,Galle,Alba,3960.0,3865.0
14.01.2019,Kalutara,H-2,1200.0,1160.0
14.01.2019,Matara,Alba,4050.0,4013.0
14.01.2019,Galle,C-5,2100.0,2085.0
14.01.2019,Matara,C-5 Sp,3500.0,2925.0
14.01.2019,Matara,H-2,1870.0,1784.0
14.01.2019,Matara,C-4,2100.0,2025.0
14.01.2019,Matara,M-5,2050.0,1963.0
14.01.2019,Matara,M-4,2000.0,1917.0
14.01.2019,Matara,H-1,1950.0,1870.0
14.01.2019,Matara,H-Faq,1800.0,1630.0
14.01.2019,Hambantota,C-5,2200.0,2150.0
14.01.2019,Hambantota,C-4,2000.0,1975.0
14.01.2019,Hambantota,H-1,1900.0,1875.0
14.01.2019,Hambantota,H-2,1800.0,1800.0
14.01.2019,Kalutara,M-4,2000.0,1960.0
14.01.2019,Matara,C-5,2500.0,2267.0
14.01.2019,Kalutara,M-5,2100.0,2067.0
14.01.2019,Monaragala,Gorosu,1500.0,1325.0
14.01.2019,Kalutara,C-5,2600.0,2567.0
14.01.2019,Ratnapura,Alba,3050.0,3000.0
14.01.2019,Ratnapura,C-5 Sp,2700.0,2666.0
14.01.2019,Ratnapura,C-5,2400.0,2316.0
14.01.2019,Ratnapura,C-4,1950.0,1033.0
14.01.2019,Ratnapura,M-5,1900.0,1833.0
14.01.2019,Ratnapura,M-4,1900.0,1833.0
14.01.2019,Ratnapura,H-1,1800.0,1750.0
14.01.2019,Ratnapura,H-2,1650.0,1616.0
14.01.2019,Badulla,Heen,2000.0,1633.0
14.01.2019,Badulla,Gorosu,1400.0,1166.0
14.01.2019,Kurunegala,Heen,1700.0,1633.0
14.01.2019,Kalutara,C-4,2300.0,2270.0
14.01.2019,Colombo,C-5 Sp,2600.0,2600.0
14.01.2019,Colombo,C-5,2500.0,2500.0
14.01.2019,Colombo,C-4,2200.0,2200.0
14.01.2019,Colombo,H-1,1850.0,1850.0
14.01.2019,Colombo,H-2,1800.0,1800.0
14.01.2019,Gampaha,C-5,2000.0,1900.0
14.01.2019,Gampaha,C-4,1700.0,1625.0
14.01.2019,Gampaha,Gorosu,1500.0,1350.0
14.01.2019,Kalutara,Alba,3200.0,3167.0
14.01.2019,Kalutara,C-5 Sp,2900.0,2865.0
14.01.2019,Kurunegala,Gorosu,1000.0,900.0
22.01.2019,Galle,H-2,1750.0,1695.0
22.01.2019,Galle,H-1,1800.0,1765.0
22.01.2019,Galle,C-4,1950.0,1905.0
22.01.2019,Galle,C-5,1960.0,1955.0
22.01.2019,Kalutara,M-4,2000.0,1960.0
22.01.2019,Galle,Alba,3600.0,3525.0
22.01.2019,Kalutara,H-2,1200.0,1160.0
22.01.2019,Kalutara,H-1,1600.0,1565.0
22.01.2019,Matara,Alba,4000.0,3625.0
22.01.2019,Galle,C-5 Sp,2600.0,2450.0
22.01.2019,Matara,C-5 Sp,3000.0,2800.0
22.01.2019,Matara,H-1,1750.0,1675.0
22.01.2019,Matara,C-4,2000.0,1930.0
22.01.2019,Matara,M-5,1900.0,1833.0
22.01.2019,Matara,M-4,1800.0,1783.0
22.01.2019,Matara,H-2,1700.0,1619.0
22.01.2019,Matara,H-Faq,1600.0,1440.0
22.01.2019,Hambantota,C-5,1900.0,1900.0
22.01.2019,Hambantota,C-4,1900.0,1850.0
22.01.2019,Hambantota,H-1,1700.0,1650.0
22.01.2019,Hambantota,H-2,1600.0,1550.0
22.01.2019,Kalutara,M-5,2100.0,2067.0
22.01.2019,Matara,C-5,2500.0,2070.0
22.01.2019,Monaragala,Gorosu,1500.0,1325.0
22.01.2019,Kalutara,C-4,2300.0,2270.0
22.01.2019,Kalutara,C-5 Sp,2900.0,2865.0
22.01.2019,Kalutara,C-5,2600.0,2567.0
22.01.2019,Ratnapura,Alba,3100.0,3066.0
22.01.2019,Ratnapura,C-5 Sp,2650.0,2583.0
22.01.2019,Ratnapura,C-5,2450.0,2400.0
22.01.2019,Ratnapura,C-4,2050.0,2015.0
22.01.2019,Ratnapura,M-5,1850.0,1820.0
22.01.2019,Ratnapura,H-1,1450.0,1412.0
22.01.2019,Ratnapura,H-2,1300.0,1266.0
22.01.2019,Badulla,Heen,2000.0,1583.0
22.01.2019,Badulla,Gorosu,1400.0,1100.0
22.01.2019,Ratnapura,M-4,1850.0,1820.0
22.01.2019,Kurunegala,Gorosu,1200.0,1067.0
22.01.2019,Kurunegala,Heen,2000.0,1867.0
22.01.2019,Gampaha,Gorosu,1500.0,1250.0
22.01.2019,Gampaha,C-4,1700.0,1575.0
22.01.2019,Gampaha,C-5,2000.0,2000.0
22.01.2019,Colombo,H-2,1800.0,1800.0
22.01.2019,Kalutara,Alba,3200.0,3167.0
22.01.2019,Colombo,C-4,2150.0,2150.0
22.01.2019,Colombo,C-5,2600.0,2600.0
22.01.2019,Colombo,C-5 Sp,2700.0,2700.0
22.01.2019,Colombo,H-1,1900.0,1900.0
29.01.2019,Matara,Alba,4000.0,3650.0
29.01.2019,Kalutara,H-1,1600.0,1565.0
29.01.2019,Kalutara,H-2,1200.0,1160.0
29.01.2019,Galle,Alba,3600.0,3525.0
29.01.2019,Galle,C-5 Sp,2100.0,2025.0
29.01.2019,Galle,C-5,1950.0,1875.0
29.01.2019,Galle,C-4,1850.0,1800.0
29.01.2019,Galle,H-1,1750.0,1700.0
29.01.2019,Galle,H-2,1700.0,1610.0
29.01.2019,Matara,C-5 Sp,3000.0,2800.0
29.01.2019,Kalutara,M-4,2000.0,1960.0
29.01.2019,Matara,C-4,2000.0,1867.0
29.01.2019,Matara,M-5,1900.0,1833.0
29.01.2019,Matara,M-4,1800.0,1783.0
29.01.2019,Matara,H-1,1750.0,1700.0
29.01.2019,Matara,H-2,1700.0,1625.0
29.01.2019,Matara,H-Faq,1600.0,1420.0
29.01.2019,Hambantota,C-5,2000.0,1950.0
29.01.2019,Hambantota,C-4,1900.0,1850.0
29.01.2019,Hambantota,H-1,1700.0,1700.0
29.01.2019,Hambantota,H-2,1600.0,1600.0
29.01.2019,Matara,C-5,2500.0,2042.0
29.01.2019,Kalutara,M-5,2100.0,2067.0
29.01.2019,Monaragala,Gorosu,1300.0,1240.0
29.01.2019,Kalutara,C-5,2600.0,2567.0
29.01.2019,Ratnapura,Alba,3050.0,3016.0
29.01.2019,Ratnapura,C-5 Sp,2700.0,2683.0
29.01.2019,Ratnapura,C-5,2400.0,2283.0
29.01.2019,Ratnapura,C-4,1900.0,1880.0
29.01.2019,Ratnapura,M-5,1850.0,1816.0
29.01.2019,Ratnapura,M-4,1850.0,1816.0
29.01.2019,Ratnapura,H-1,1700.0,1683.0
29.01.2019,Ratnapura,H-2,1600.0,1550.0
29.01.2019,Badulla,Heen,2000.0,1616.0
29.01.2019,Badulla,Gorosu,1500.0,1200.0
29.01.2019,Kurunegala,Heen,1800.0,1700.0
29.01.2019,Kalutara,C-4,2300.0,2270.0
29.01.2019,Colombo,C-5 Sp,2700.0,2700.0
29.01.2019,Colombo,C-5,2600.0,2600.0
29.01.2019,Colombo,C-4,2200.0,2200.0
29.01.2019,Colombo,H-1,1900.0,1900.0
29.01.2019,Colombo,H-2,1850.0,1850.0
29.01.2019,Gampaha,C-5,2200.0,2200.0
29.01.2019,Gampaha,C-4,1800.0,1575.0
29.01.2019,Gampaha,Gorosu,1500.0,1250.0
29.01.2019,Kalutara,Alba,3200.0,3167.0
29.01.2019,Kalutara,C-5 Sp,2900.0,2865.0
29.01.2019,Kurunegala,Gorosu,1000.0,933.0
05.02.2019,Matara,Alba,3700.0,3550.0
05.02.2019,Galle,H-2,1650.0,1625.0
05.02.2019,Galle,H-1,1750.0,1720.0
05.02.2019,Galle,C-4,1800.0,1785.0
05.02.2019,Kalutara,H-1,1300.0,1268.0
05.02.2019,Galle,Alba,3600.0,3545.0
05.02.2019,Kalutara,H-2,1000.0,1000.0
05.02.2019,Matara,C-5 Sp,3000.0,2800.0
05.02.2019,Galle,C-5 Sp,1980.0,1940.0
05.02.2019,Matara,C-5,2500.0,2175.0
05.02.2019,Matara,H-2,1700.0,1612.0
05.02.2019,Matara,M-5,1850.0,1833.0
05.02.2019,Matara,M-4,1800.0,1800.0
05.02.2019,Matara,H-1,1750.0,1730.0
05.02.2019,Kalutara,M-4,1500.0,1467.0
05.02.2019,Matara,H-Faq,1600.0,1475.0
05.02.2019,Hambantota,C-5,2000.0,1975.0
05.02.2019,Hambantota,C-4,1900.0,1875.0
05.02.2019,Hambantota,H-1,1750.0,1750.0
05.02.2019,Hambantota,H-2,1700.0,1675.0
05.02.2019,Monaragala,Gorosu,1300.0,1250.0
05.02.2019,Matara,C-4,1900.0,1883.0
05.02.2019,Kalutara,M-5,1700.0,1665.0
05.02.2019,Galle,C-5,1900.0,1850.0
05.02.2019,Kalutara,C-5,2500.0,2467.0
05.02.2019,Ratnapura,Alba,3150.0,3083.0
05.02.2019,Ratnapura,C-5 Sp,2600.0,2500.0
05.02.2019,Ratnapura,C-5,2400.0,2350.0
05.02.2019,Ratnapura,C-4,1800.0,1800.0
05.02.2019,Ratnapura,M-5,1350.0,1283.0
05.02.2019,Ratnapura,M-4,1350.0,1283.0
05.02.2019,Ratnapura,H-1,1700.0,1650.0
05.02.2019,Ratnapura,H-2,1350.0,1316.0
05.02.2019,Badulla,Heen,2000.0,1625.0
05.02.2019,Badulla,Gorosu,1500.0,1175.0
05.02.2019,Kurunegala,Heen,1800.0,1667.0
05.02.2019,Kalutara,C-4,2000.0,1964.0
05.02.2019,Colombo,C-5 Sp,2700.0,2700.0
05.02.2019,Colombo,C-5,2600.0,2600.0
05.02.2019,Colombo,C-4,2200.0,2200.0
05.02.2019,Colombo,H-1,1850.0,1850.0
05.02.2019,Colombo,H-2,1800.0,1800.0
05.02.2019,Gampaha,C-5,2000.0,2000.0
05.02.2019,Gampaha,C-4,1700.0,1575.0
05.02.2019,Gampaha,Gorosu,1300.0,1275.0
05.02.2019,Kalutara,Alba,3100.0,3067.0
05.02.2019,Kalutara,C-5 Sp,2800.0,2765.0
05.02.2019,Kurunegala,Gorosu,1000.0,900.0
12.02.2019,Galle,H-2,1700.0,1700.0
12.02.2019,Galle,H-1,1760.0,1725.0
12.02.2019,Galle,C-4,1900.0,1825.0
12.02.2019,Galle,C-5,1900.0,1850.0
12.02.2019,Kalutara,M-4,1500.0,1467.0
12.02.2019,Galle,Alba,3600.0,3500.0
12.02.2019,Kalutara,H-2,1000.0,1000.0
12.02.2019,Kalutara,H-1,1300.0,1268.0
12.02.2019,Matara,Alba,3700.0,3600.0
12.02.2019,Galle,C-5 Sp,2400.0,2350.0
12.02.2019,Matara,C-5 Sp,3000.0,2800.0
12.02.2019,Matara,H-1,1800.0,1766.0
12.02.2019,Matara,C-4,2000.0,1930.0
12.02.2019,Matara,M-5,1900.0,1867.0
12.02.2019,Matara,M-4,1850.0,1825.0
12.02.2019,Matara,H-2,1750.0,1694.0
12.02.2019,Matara,H-Faq,1600.0,1525.0
12.02.2019,Hambantota,C-5,2000.0,1950.0
12.02.2019,Hambantota,C-4,1900.0,1850.0
12.02.2019,Hambantota,H-1,1850.0,1825.0
12.02.2019,Hambantota,H-2,1800.0,1750.0
12.02.2019,Kalutara,M-5,1700.0,1665.0
12.02.2019,Matara,C-5,2500.0,2140.0
12.02.2019,Monaragala,Gorosu,1300.0,1240.0
12.02.2019,Kalutara,C-4,2000.0,1964.0
12.02.2019,Kalutara,C-5 Sp,2800.0,2765.0
12.02.2019,Ratnapura,Alba,3150.0,3116.0
12.02.2019,Ratnapura,C-5 Sp,2650.0,2600.0
12.02.2019,Ratnapura,C-5,2250.0,2233.0
12.02.2019,Ratnapura,C-4,1800.0,1783.0
12.02.2019,Ratnapura,M-5,1650.0,1616.0
12.02.2019,Ratnapura,M-4,1650.0,1616.0
12.02.2019,Ratnapura,H-1,1550.0,1533.0
12.02.2019,Ratnapura,H-2,1350.0,1316.0
12.02.2019,Badulla,Heen,2000.0,1616.0
12.02.2019,Badulla,Gorosu,1500.0,1191.0
12.02.2019,Kalutara,C-5,2500.0,2467.0
12.02.2019,Kurunegala,Gorosu,1000.0,950.0
12.02.2019,Colombo,C-5 Sp,2650.0,2650.0
12.02.2019,Colombo,C-5,2500.0,2500.0
12.02.2019,Colombo,C-4,2000.0,2000.0
12.02.2019,Colombo,H-1,1750.0,1750.0
12.02.2019,Colombo,H-2,1700.0,1700.0
12.02.2019,Gampaha,C-5,2100.0,2100.0
12.02.2019,Gampaha,C-4,1800.0,1600.0
12.02.2019,Gampaha,Gorosu,1500.0,1225.0
12.02.2019,Kalutara,Alba,3100.0,3067.0
12.02.2019,Kurunegala,Heen,1700.0,1633.0
18.02.2019,Galle,H-2,1700.0,1700.0
18.02.2019,Galle,H-1,1750.0,1725.0
18.02.2019,Galle,C-4,1800.0,1800.0
18.02.2019,Galle,C-5,1850.0,1825.0
18.02.2019,Kalutara,M-4,1500.0,1467.0
18.02.2019,Galle,Alba,3600.0,3500.0
18.02.2019,Kalutara,H-2,1000.0,1000.0
18.02.2019,Kalutara,H-1,1300.0,1267.0
18.02.2019,Matara,Alba,3600.0,3567.0
18.02.2019,Galle,C-5 Sp,2400.0,2350.0
18.02.2019,Matara,C-5 Sp,2800.0,2800.0
18.02.2019,Matara,H-1,1800.0,1763.0
18.02.2019,Matara,C-4,2100.0,1910.0
18.02.2019,Matara,M-5,2000.0,1900.0
18.02.2019,Matara,M-4,1850.0,1850.0
18.02.2019,Matara,H-2,1800.0,1697.0
18.02.2019,Matara,H-Faq,1500.0,1500.0
18.02.2019,Hambantota,C-5,1950.0,1925.0
18.02.2019,Hambantota,C-4,1850.0,1825.0
18.02.2019,Hambantota,H-1,1730.0,1715.0
18.02.2019,Kalutara,M-5,1700.0,1665.0
18.02.2019,Monaragala,Gorosu,1300.0,1275.0
18.02.2019,Matara,C-5,2300.0,2025.0
18.02.2019,Hambantota,H-2,1650.0,1625.0
18.02.2019,Kalutara,C-4,2000.0,1964.0
18.02.2019,Kalutara,C-5 Sp,2800.0,2765.0
18.02.2019,Kalutara,C-5,2500.0,2467.0
18.02.2019,Ratnapura,Alba,3200.0,3150.0
18.02.2019,Ratnapura,C-5 Sp,2800.0,2766.0
18.02.2019,Ratnapura,C-5,2650.0,2583.0
18.02.2019,Ratnapura,C-4,1900.0,1850.0
18.02.2019,Ratnapura,M-5,1750.0,1700.0
18.02.2019,Ratnapura,H-1,1700.0,1650.0
18.02.2019,Ratnapura,H-2,1450.0,1433.0
18.02.2019,Badulla,Heen,2000.0,1616.0
18.02.2019,Badulla,Gorosu,1400.0,1200.0
18.02.2019,Ratnapura,M-4,1750.0,1700.0
18.02.2019,Kurunegala,Gorosu,1000.0,967.0
18.02.2019,Kurunegala,Heen,1800.0,1700.0
18.02.2019,Gampaha,Gorosu,1500.0,1325.0
18.02.2019,Gampaha,C-4,1800.0,1600.0
18.02.2019,Gampaha,C-5,2000.0,2000.0
18.02.2019,Colombo,M-4,1700.0,1700.0
18.02.2019,Kalutara,Alba,3100.0,3067.0
18.02.2019,Colombo,C-4,2000.0,2000.0
18.02.2019,Colombo,C-5,2550.0,2550.0
18.02.2019,Colombo,C-5 Sp,2650.0,2650.0
18.02.2019,Colombo,M-5,1750.0,1750.0
26.02.2019,Matara,Alba,3600.0,3600.0
26.02.2019,Kalutara,H-1,1300.0,1267.0
26.02.2019,Kalutara,H-2,1000.0,1000.0
26.02.2019,Galle,Alba,3500.0,3500.0
26.02.2019,Galle,C-5 Sp,2150.0,2125.0
26.02.2019,Galle,C-5,1900.0,1900.0
26.02.2019,Galle,C-4,1850.0,1850.0
26.02.2019,Galle,H-1,1750.0,1725.0
26.02.2019,Galle,H-2,1700.0,1685.0
26.02.2019,Matara,C-5 Sp,3000.0,2575.0
26.02.2019,Kalutara,M-4,1500.0,1467.0
26.02.2019,Matara,C-4,2150.0,1975.0
26.02.2019,Matara,M-5,2100.0,1916.0
26.02.2019,Matara,M-4,1950.0,1950.0
26.02.2019,Matara,H-1,1800.0,1775.0
26.02.2019,Matara,H-2,1750.0,1714.0
26.02.2019,Matara,H-Faq,1600.0,1567.0
26.02.2019,Hambantota,C-5,1900.0,1900.0
26.02.2019,Hambantota,C-4,1850.0,1825.0
26.02.2019,Hambantota,H-1,1750.0,1725.0
26.02.2019,Hambantota,H-2,1650.0,1625.0
26.02.2019,Matara,C-5,2300.0,2133.0
26.02.2019,Kalutara,M-5,1700.0,1665.0
26.02.2019,Monaragala,Gorosu,1500.0,1320.0
26.02.2019,Kalutara,C-5,2500.0,2467.0
26.02.2019,Ratnapura,Alba,3300.0,3216.0
26.02.2019,Ratnapura,C-5 Sp,2800.0,2750.0
26.02.2019,Ratnapura,C-5,2450.0,2416.0
26.02.2019,Ratnapura,C-4,1800.0,1783.0
26.02.2019,Ratnapura,M-5,1700.0,1700.0
26.02.2019,Ratnapura,M-4,1700.0,1700.0
26.02.2019,Ratnapura,H-1,1500.0,1466.0
26.02.2019,Ratnapura,H-2,1350.0,1300.0
26.02.2019,Badulla,Heen,1900.0,1541.0
26.02.2019,Badulla,Gorosu,1400.0,1183.0
26.02.2019,Kurunegala,Heen,1800.0,1633.0
26.02.2019,Kalutara,C-4,2000.0,1964.0
26.02.2019,Colombo,C-5 Sp,2550.0,2550.0
26.02.2019,Kalutara,C-5 Sp,2700.0,2667.0
26.02.2019,Kalutara,Alba,3000.0,2985.0
26.02.2019,Gampaha,Gorosu,1600.0,1525.0
26.02.2019,Gampaha,C-4,1900.0,1725.0
26.02.2019,Kurunegala,Gorosu,900.0,800.0
26.02.2019,Colombo,H-2,1700.0,1700.0
26.02.2019,Colombo,H-1,1850.0,1850.0
26.02.2019,Colombo,C-4,2150.0,2150.0
26.02.2019,Colombo,C-5,2500.0,2500.0
26.02.2019,Gampaha,C-5,2200.0,2130.0
05.03.2019,Matara,C-5 Sp,3000.0,2800.0
05.03.2019,Kalutara,H-1,1300.0,1268.0
05.03.2019,Kalutara,H-2,1000.0,1000.0
05.03.2019,Galle,Alba,3500.0,3500.0
05.03.2019,Galle,C-5,1950.0,1900.0
05.03.2019,Galle,C-4,1850.0,1850.0
05.03.2019,Galle,H-1,1750.0,1700.0
05.03.2019,Galle,H-2,1700.0,1650.0
05.03.2019,Matara,Alba,3800.0,3675.0
05.03.2019,Matara,C-5,2500.0,2367.0
05.03.2019,Matara,H-Faq,1700.0,1630.0
05.03.2019,Matara,M-5,2100.0,1983.0
05.03.2019,Matara,M-4,2000.0,1917.0
05.03.2019,Matara,H-1,1900.0,1838.0
05.03.2019,Matara,H-2,1800.0,1783.0
05.03.2019,Kalutara,M-4,1500.0,1467.0
05.03.2019,Hambantota,C-5,2100.0,2050.0
05.03.2019,Hambantota,C-4,1950.0,1925.0
05.03.2019,Hambantota,H-1,1800.0,1800.0
05.03.2019,Hambantota,H-2,1700.0,1700.0
05.03.2019,Monaragala,Gorosu,1300.0,1275.0
05.03.2019,Matara,C-4,2150.0,2033.0
05.03.2019,Kalutara,M-5,1700.0,1665.0
05.03.2019,Galle,C-5 Sp,2300.0,2200.0
05.03.2019,Kalutara,C-5,2500.0,2467.0
05.03.2019,Kalutara,C-4,2000.0,1964.0
05.03.2019,Ratnapura,C-5 Sp,2700.0,2666.0
05.03.2019,Ratnapura,C-5,2400.0,2333.0
05.03.2019,Ratnapura,C-4,1750.0,1733.0
05.03.2019,Ratnapura,M-5,1700.0,1683.0
05.03.2019,Ratnapura,M-4,1700.0,1683.0
05.03.2019,Ratnapura,H-1,1550.0,1533.0
05.03.2019,Ratnapura,H-2,1350.0,1300.0
05.03.2019,Badulla,Heen,2000.0,1566.0
05.03.2019,Badulla,Gorosu,1500.0,1208.0
05.03.2019,Kurunegala,Heen,1700.0,1600.0
05.03.2019,Ratnapura,Alba,3250.0,3233.0
05.03.2019,Colombo,C-5 Sp,2550.0,2550.0
05.03.2019,Kurunegala,Gorosu,1000.0,900.0
05.03.2019,Kalutara,Alba,3000.0,2985.0
05.03.2019,Gampaha,Gorosu,1500.0,1375.0
05.03.2019,Gampaha,C-4,1600.0,1525.0
05.03.2019,Kalutara,C-5 Sp,2700.0,2667.0
05.03.2019,Colombo,H-2,1700.0,1700.0
05.03.2019,Colombo,H-1,1850.0,1850.0
05.03.2019,Colombo,C-4,2200.0,2200.0
05.03.2019,Colombo,C-5,2500.0,2500.0
05.03.2019,Gampaha,C-5,2200.0,2200.0
12.03.2019,Kalutara,H-1,1300.0,1268.0
12.03.2019,Matara,C-5 Sp,3000.0,2833.0
12.03.2019,Kalutara,H-2,1000.0,1000.0
12.03.2019,Galle,Alba,3500.0,3500.0
12.03.2019,Galle,C-5,1950.0,1950.0
12.03.2019,Galle,C-4,1850.0,1825.0
12.03.2019,Galle,H-1,1750.0,1725.0
12.03.2019,Galle,H-2,1700.0,1675.0
12.03.2019,Matara,Alba,3700.0,3600.0
12.03.2019,Matara,C-5,2500.0,2300.0
12.03.2019,Matara,H-Faq,1700.0,1562.0
12.03.2019,Matara,M-5,2050.0,1950.0
12.03.2019,Matara,M-4,1950.0,1783.0
12.03.2019,Matara,H-1,1900.0,1828.0
12.03.2019,Matara,H-2,1800.0,1769.0
12.03.2019,Hambantota,C-5,2300.0,2250.0
12.03.2019,Hambantota,C-4,1950.0,1950.0
12.03.2019,Hambantota,H-1,1850.0,1850.0
12.03.2019,Hambantota,H-2,1700.0,1700.0
12.03.2019,Monaragala,Gorosu,1300.0,1175.0
12.03.2019,Kalutara,M-4,1500.0,1467.0
12.03.2019,Matara,C-4,2100.0,1975.0
12.03.2019,Kalutara,M-5,1700.0,1665.0
12.03.2019,Galle,C-5 Sp,2350.0,2325.0
12.03.2019,Kalutara,C-5,2500.0,2467.0
12.03.2019,Ratnapura,C-5 Sp,2700.0,2650.0
12.03.2019,Ratnapura,C-5,2250.0,2200.0
12.03.2019,Ratnapura,C-4,1850.0,1800.0
12.03.2019,Ratnapura,M-5,1650.0,1600.0
12.03.2019,Ratnapura,M-4,1650.0,1600.0
12.03.2019,Ratnapura,H-1,1550.0,1500.0
12.03.2019,Ratnapura,H-2,1350.0,1300.0
12.03.2019,Badulla,Heen,2000.0,1566.0
12.03.2019,Badulla,Gorosu,1500.0,1058.0
12.03.2019,Kurunegala,Heen,1750.0,1683.0
12.03.2019,Kurunegala,Gorosu,1000.0,900.0
12.03.2019,Ratnapura,Alba,3300.0,3250.0
12.03.2019,Colombo,C-5,2500.0,2500.0
12.03.2019,Colombo,C-5 Sp,2550.0,2550.0
12.03.2019,Kalutara,C-5 Sp,2700.0,2667.0
12.03.2019,Kalutara,Alba,3000.0,2985.0
12.03.2019,Gampaha,Gorosu,1500.0,1300.0
12.03.2019,Gampaha,C-4,1800.0,1625.0
12.03.2019,Kalutara,C-4,2000.0,1964.0
12.03.2019,Gampaha,C-5,2000.0,2000.0
12.03.2019,Colombo,H-2,1750.0,1750.0
12.03.2019,Colombo,H-1,1800.0,1800.0
12.03.2019,Colombo,C-4,2150.0,2150.0
18.03.2019,Kalutara,M-4,1300.0,1260.0
18.03.2019,Kalutara,H-1,1100.0,1067.0
18.03.2019,Kalutara,H-2,1000.0,1000.0
18.03.2019,Galle,Alba,3500.0,3500.0
18.03.2019,Galle,C-5 Sp,2350.0,2325.0
18.03.2019,Galle,C-5,1950.0,1950.0
18.03.2019,Galle,C-4,1850.0,1825.0
18.03.2019,Galle,H-1,1750.0,1725.0
18.03.2019,Galle,H-2,1700.0,1675.0
18.03.2019,Matara,Alba,3500.0,3500.0
18.03.2019,Matara,C-5 Sp,3000.0,2700.0
18.03.2019,Matara,C-4,2150.0,2012.0
18.03.2019,Monaragala,Gorosu,1500.0,1360.0
18.03.2019,Matara,M-5,2100.0,2000.0
18.03.2019,Matara,M-4,2000.0,1940.0
18.03.2019,Matara,H-2,1800.0,1756.0
18.03.2019,Matara,H-Faq,1700.0,1560.0
18.03.2019,Hambantota,C-5,2200.0,2200.0
18.03.2019,Hambantota,C-4,1950.0,1950.0
18.03.2019,Hambantota,H-1,1850.0,1850.0
18.03.2019,Hambantota,H-2,1700.0,1700.0
18.03.2019,Kalutara,M-5,1500.0,1465.0
18.03.2019,Matara,C-5,2500.0,2400.0
18.03.2019,Matara,H-1,1900.0,1862.0
18.03.2019,Kalutara,C-4,2000.0,1967.0
18.03.2019,Kalutara,C-5 Sp,2500.0,2465.0
18.03.2019,Kalutara,C-5,2300.0,2266.0
18.03.2019,Ratnapura,Alba,3100.0,3080.0
18.03.2019,Ratnapura,C-5 Sp,2700.0,2683.0
18.03.2019,Ratnapura,C-5,2150.0,2116.0
18.03.2019,Ratnapura,C-4,1900.0,1866.0
18.03.2019,Ratnapura,M-5,1750.0,1716.0
18.03.2019,Ratnapura,H-1,1700.0,1666.0
18.03.2019,Ratnapura,H-2,1500.0,1466.0
18.03.2019,Badulla,Heen,2000.0,1658.0
18.03.2019,Badulla,Gorosu,1500.0,1275.0
18.03.2019,Ratnapura,M-4,1750.0,1716.0
18.03.2019,Kurunegala,Gorosu,900.0,817.0
18.03.2019,Kurunegala,Heen,1600.0,1600.0
18.03.2019,Gampaha,Gorosu,1600.0,1525.0
18.03.2019,Gampaha,C-4,2000.0,1725.0
18.03.2019,Gampaha,C-5,2200.0,2200.0
18.03.2019,Colombo,H-2,1800.0,1800.0
18.03.2019,Kalutara,Alba,2900.0,2867.0
18.03.2019,Colombo,C-4,2100.0,2100.0
18.03.2019,Colombo,C-5,2300.0,2300.0
18.03.2019,Colombo,C-5 Sp,2500.0,2500.0
18.03.2019,Colombo,H-1,1850.0,1850.0
26.03.2019,Matara,Alba,3700.0,3550.0
26.03.2019,Monaragala,Gorosu,1500.0,1380.0
26.03.2019,Kalutara,H-2,1000.0,1000.0
26.03.2019,Galle,Alba,3500.0,3500.0
26.03.2019,Galle,C-5 Sp,2350.0,2325.0
26.03.2019,Galle,C-5,1950.0,1950.0
26.03.2019,Galle,C-4,1850.0,1825.0
26.03.2019,Galle,H-1,1750.0,1725.0
26.03.2019,Galle,H-2,1700.0,1675.0
26.03.2019,Matara,C-5 Sp,3000.0,2800.0
26.03.2019,Kalutara,M-4,1300.0,1260.0
26.03.2019,Matara,C-4,2150.0,2012.0
26.03.2019,Matara,M-5,2100.0,1987.0
26.03.2019,Matara,M-4,2000.0,1933.0
26.03.2019,Matara,H-1,1900.0,1812.0
26.03.2019,Matara,H-2,1800.0,1725.0
26.03.2019,Matara,H-Faq,1600.0,1500.0
26.03.2019,Hambantota,C-5,2200.0,2200.0
26.03.2019,Hambantota,C-4,1950.0,1950.0
26.03.2019,Hambantota,H-1,1850.0,1850.0
26.03.2019,Hambantota,H-2,1700.0,1700.0
26.03.2019,Matara,C-5,2800.0,2533.0
26.03.2019,Kalutara,M-5,1500.0,1465.0
26.03.2019,Kalutara,H-1,1100.0,1067.0
26.03.2019,Kalutara,C-5,2300.0,2266.0
26.03.2019,Kalutara,C-4,2000.0,1967.0
26.03.2019,Ratnapura,Alba,3200.0,3150.0
26.03.2019,Ratnapura,C-5 Sp,2700.0,2650.0
26.03.2019,Ratnapura,C-5,2300.0,2283.0
26.03.2019,Ratnapura,C-4,1900.0,1866.0
26.03.2019,Ratnapura,M-5,1650.0,1633.0
26.03.2019,Ratnapura,M-4,1650.0,1633.0
26.03.2019,Ratnapura,H-1,1600.0,1566.0
26.03.2019,Ratnapura,H-2,1500.0,1466.0
26.03.2019,Badulla,Heen,1500.0,1250.0
26.03.2019,Badulla,Gorosu,1200.0,1000.0
26.03.2019,Gampaha,Gorosu,1600.0,1575.0
26.03.2019,Kurunegala,Gorosu,900.0,817.0
26.03.2019,Kalutara,Alba,2900.0,2867.0
26.03.2019,Kurunegala,Heen,1600.0,1600.0
26.03.2019,Gampaha,C-4,1900.0,1750.0
26.03.2019,Gampaha,C-5,2200.0,2100.0
26.03.2019,Kalutara,C-5 Sp,2500.0,2465.0
26.03.2019,Colombo,H-1,1800.0,1800.0
26.03.2019,Colombo,C-4,2150.0,2150.0
26.03.2019,Colombo,C-5,2300.0,2300.0
26.03.2019,Colombo,C-5 Sp,2500.0,2500.0
26.03.2019,Colombo,H-2,1750.0,1750.0
02.04.2019,Matara,C-5 Sp,3000.0,2733.0
02.04.2019,Kalutara,H-1,1100.0,1067.0
02.04.2019,Kalutara,H-2,1000.0,1000.0
02.04.2019,Galle,Alba,3500.0,3500.0
02.04.2019,Galle,C-5,1950.0,1950.0
02.04.2019,Galle,C-4,1850.0,1825.0
02.04.2019,Galle,H-1,1750.0,1725.0
02.04.2019,Galle,H-2,1700.0,1675.0
02.04.2019,Matara,Alba,3700.0,3550.0
02.04.2019,Matara,C-5,2500.0,2117.0
02.04.2019,Matara,H-Faq,1720.0,1544.0
02.04.2019,Matara,M-5,1950.0,1933.0
02.04.2019,Matara,M-4,1900.0,1867.0
02.04.2019,Matara,H-1,1850.0,1800.0
02.04.2019,Matara,H-2,1750.0,1703.0
02.04.2019,Kalutara,M-4,1300.0,1260.0
02.04.2019,Hambantota,C-5,2000.0,1975.0
02.04.2019,Hambantota,C-4,1950.0,1925.0
02.04.2019,Hambantota,H-1,1800.0,1775.0
02.04.2019,Hambantota,H-2,1700.0,1700.0
02.04.2019,Monaragala,Gorosu,1500.0,1320.0
02.04.2019,Matara,C-4,2000.0,1950.0
02.04.2019,Kalutara,M-5,1500.0,1465.0
02.04.2019,Galle,C-5 Sp,2350.0,2325.0
02.04.2019,Kalutara,C-5,2300.0,2266.0
02.04.2019,Kalutara,C-4,2000.0,1967.0
02.04.2019,Ratnapura,C-5 Sp,2700.0,2633.0
02.04.2019,Ratnapura,C-5,2400.0,2350.0
02.04.2019,Ratnapura,C-4,1800.0,1766.0
02.04.2019,Ratnapura,M-5,1750.0,1716.0
02.04.2019,Ratnapura,M-4,1750.0,1716.0
02.04.2019,Ratnapura,H-1,1600.0,1550.0
02.04.2019,Ratnapura,H-2,1300.0,1266.0
02.04.2019,Badulla,Heen,2000.0,1700.0
02.04.2019,Badulla,Gorosu,1500.0,1241.0
02.04.2019,Kurunegala,Heen,1800.0,1633.0
02.04.2019,Ratnapura,Alba,3250.0,3200.0
02.04.2019,Colombo,C-5 Sp,2500.0,2500.0
02.04.2019,Kurunegala,Gorosu,800.0,783.0
02.04.2019,Kalutara,Alba,2900.0,2867.0
02.04.2019,Gampaha,Gorosu,1700.0,1550.0
02.04.2019,Gampaha,C-4,2000.0,1733.0
02.04.2019,Kalutara,C-5 Sp,2500.0,2465.0
02.04.2019,Colombo,H-2,1750.0,1750.0
02.04.2019,Colombo,H-1,1800.0,1800.0
02.04.2019,Colombo,C-4,2150.0,2150.0
02.04.2019,Colombo,C-5,2300.0,2300.0
02.04.2019,Gampaha,C-5,2200.0,2100.0
09.04.2019,Monaragala,Gorosu,1500.0,1325.0
09.04.2019,Galle,H-2,1700.0,1675.0
09.04.2019,Hambantota,H-2,1700.0,1700.0
09.04.2019,Kalutara,H-2,1000.0,1000.0
09.04.2019,Galle,Alba,3500.0,3500.0
09.04.2019,Galle,C-5 Sp,2350.0,2325.0
09.04.2019,Galle,C-5,1950.0,1950.0
09.04.2019,Galle,C-4,1850.0,1825.0
09.04.2019,Galle,H-1,1750.0,1725.0
09.04.2019,Matara,Alba,3600.0,3550.0
09.04.2019,Matara,H-1,1850.0,1820.0
09.04.2019,Matara,C-5,2500.0,2108.0
09.04.2019,Matara,C-4,2000.0,1958.0
09.04.2019,Matara,M-5,1950.0,1933.0
09.04.2019,Matara,M-4,1900.0,1900.0
09.04.2019,Matara,H-2,1800.0,1725.0
09.04.2019,Matara,H-Faq,1720.0,1578.0
09.04.2019,Hambantota,C-5,2200.0,2200.0
09.04.2019,Hambantota,C-4,1900.0,1900.0
09.04.2019,Hambantota,H-1,1850.0,1825.0
09.04.2019,Kalutara,M-4,1300.0,1260.0
09.04.2019,Matara,C-5 Sp,3000.0,2800.0
09.04.2019,Kalutara,M-5,1500.0,1465.0
09.04.2019,Kalutara,H-1,1100.0,1067.0
09.04.2019,Kalutara,C-5,2300.0,2266.0
09.04.2019,Kalutara,C-4,2000.0,1968.0
09.04.2019,Ratnapura,Alba,3250.0,3216.0
09.04.2019,Ratnapura,C-5 Sp,2700.0,2666.0
09.04.2019,Ratnapura,C-5,2300.0,2300.0
09.04.2019,Ratnapura,C-4,1850.0,1816.0
09.04.2019,Ratnapura,M-5,1700.0,1666.0
09.04.2019,Ratnapura,M-4,1700.0,1666.0
09.04.2019,Ratnapura,H-1,1650.0,1566.0
09.04.2019,Ratnapura,H-2,1400.0,1366.0
09.04.2019,Badulla,Heen,2000.0,1800.0
09.04.2019,Badulla,Gorosu,1500.0,1175.0
09.04.2019,Gampaha,Gorosu,1700.0,1550.0
09.04.2019,Kurunegala,Gorosu,1200.0,1066.0
09.04.2019,Kurunegala,Heen,2200.0,1933.0
09.04.2019,Kalutara,Alba,2900.0,2667.0
09.04.2019,Gampaha,C-4,1900.0,1675.0
09.04.2019,Gampaha,C-5,2200.0,2200.0
09.04.2019,Kalutara,C-5 Sp,2500.0,2465.0
09.04.2019,Colombo,H-1,1850.0,1850.0
09.04.2019,Colombo,C-4,2200.0,2200.0
09.04.2019,Colombo,C-5,2350.0,2350.0
09.04.2019,Colombo,C-5 Sp,2500.0,2500.0
09.04.2019,Colombo,H-2,1800.0,1800.0
23.04.2019,Galle,C-5 Sp,2350.0,2325.0
23.04.2019,Galle,C-5,1950.0,1950.0
23.04.2019,Galle,C-4,1850.0,1825.0
23.04.2019,Galle,H-1,1750.0,1725.0
23.04.2019,Galle,H-2,1700.0,1675.0
23.04.2019,Matara,C-5 Sp,3000.0,2733.0
23.04.2019,Matara,C-5,2300.0,2120.0
23.04.2019,Matara,C-4,2000.0,1960.0
23.04.2019,Matara,M-4,1900.0,1883.0
23.04.2019,Matara,H-1,1850.0,1800.0
23.04.2019,Matara,H-2,1750.0,1700.0
23.04.2019,Galle,Alba,3500.0,3500.0
23.04.2019,Hambantota,C-5 Sp,2200.0,2200.0
23.04.2019,Hambantota,C-5,1900.0,1900.0
23.04.2019,Hambantota,H-1,1850.0,1825.0
23.04.2019,Hambantota,H-2,1700.0,1700.0
23.04.2019,Monaragala,Gorosu,1500.0,1380.0
23.04.2019,Matara,M-5,1950.0,1933.0
23.04.2019,Matara,H-Faq,1720.0,1543.0
23.04.2019,Matara,Alba,3700.0,3575.0
23.04.2019,Kalutara,M-4,1300.0,1260.0
23.04.2019,Kalutara,H-1,1100.0,1067.0
23.04.2019,Badulla,Heen,2000.0,1775.0
23.04.2019,Badulla,Gorosu,1500.0,1250.0
23.04.2019,Kurunegala,Heen,2000.0,1867.0
23.04.2019,Kurunegala,Gorosu,1000.0,933.0
23.04.2019,Colombo,C-5 Sp,3000.0,3000.0
23.04.2019,Colombo,C-5,2500.0,2500.0
23.04.2019,Colombo,C-4,2100.0,2100.0
23.04.2019,Colombo,H-1,1900.0,1900.0
23.04.2019,Kalutara,H-2,1000.0,1000.0
23.04.2019,Gampaha,C-5,2000.0,2000.0
23.04.2019,Gampaha,C-4,1800.0,1725.0
23.04.2019,Gampaha,Gorosu,1500.0,1450.0
23.04.2019,Kalutara,Alba,2900.0,2867.0
23.04.2019,Kalutara,C-5 Sp,2500.0,2465.0
23.04.2019,Kalutara,C-5,2300.0,2266.0
23.04.2019,Kalutara,C-4,2000.0,1967.0
23.04.2019,Colombo,H-2,1700.0,1700.0
23.04.2019,Kalutara,M-5,1500.0,1465.0
29.04.2019,Galle,H-2,1750.0,1725.0
29.04.2019,Galle,H-1,1800.0,1800.0
29.04.2019,Galle,C-4,1850.0,1850.0
29.04.2019,Galle,C-5,1950.0,1925.0
29.04.2019,Kalutara,H-2,1000.0,1000.0
29.04.2019,Galle,Alba,3600.0,3550.0
29.04.2019,Matara,Alba,3500.0,3500.0
29.04.2019,Kalutara,H-1,1100.0,1067.0
29.04.2019,Kalutara,M-4,1300.0,1260.0
29.04.2019,Galle,C-5 Sp,2350.0,2325.0
29.04.2019,Matara,C-5 Sp,3000.0,2733.0
29.04.2019,Matara,M-4,1900.0,1883.0
29.04.2019,Matara,C-4,2000.0,1960.0
29.04.2019,Matara,M-5,1950.0,1907.0
29.04.2019,Matara,H-1,1850.0,1810.0
29.04.2019,Matara,H-2,1750.0,1733.0
29.04.2019,Matara,H-Faq,1650.0,1538.0
29.04.2019,Hambantota,C-5,2200.0,2100.0
29.04.2019,Hambantota,C-4,1950.0,1925.0
29.04.2019,Hambantota,H-2,1700.0,1700.0
29.04.2019,Monaragala,Gorosu,1500.0,1325.0
29.04.2019,Kalutara,M-5,1500.0,1465.0
29.04.2019,Matara,C-5,2500.0,2160.0
29.04.2019,Hambantota,H-1,1800.0,1775.0
29.04.2019,Kalutara,C-4,2000.0,1967.0
29.04.2019,Kalutara,C-5 Sp,2500.0,2465.0
29.04.2019,Ratnapura,Alba,3300.0,3200.0
29.04.2019,Ratnapura,C-5 Sp,2600.0,2500.0
29.04.2019,Ratnapura,C-5,2500.0,2400.0
29.04.2019,Ratnapura,C-4,1900.0,1800.0
29.04.2019,Ratnapura,M-5,1700.0,1650.0
29.04.2019,Ratnapura,M-4,1700.0,1650.0
29.04.2019,Ratnapura,H-1,1800.0,1700.0
29.04.2019,Ratnapura,H-2,1500.0,1450.0
29.04.2019,Badulla,Heen,2000.0,1850.0
29.04.2019,Badulla,Gorosu,1800.0,1375.0
29.04.2019,Kalutara,C-5,2300.0,2266.0
29.04.2019,Kurunegala,Gorosu,900.0,900.0
29.04.2019,Colombo,C-5 Sp,2900.0,2900.0
29.04.2019,Colombo,C-5,2500.0,2500.0
29.04.2019,Colombo,C-4,2100.0,2100.0
29.04.2019,Colombo,H-1,1900.0,1900.0
29.04.2019,Colombo,H-2,1800.0,1800.0
29.04.2019,Gampaha,C-5,2000.0,2000.0
29.04.2019,Gampaha,C-4,1800.0,1700.0
29.04.2019,Gampaha,Gorosu,1500.0,1450.0
29.04.2019,Kalutara,Alba,2900.0,2867.0
29.04.2019,Kurunegala,Heen,1800.0,1767.0
07.05.2019,Galle,H-2,1750.0,1715.0
07.05.2019,Galle,H-1,1800.0,1775.0
07.05.2019,Galle,C-4,1850.0,1850.0
07.05.2019,Galle,C-5,1950.0,1950.0
07.05.2019,Kalutara,M-4,1300.0,1260.0
07.05.2019,Galle,Alba,3600.0,3550.0
07.05.2019,Kalutara,H-2,1000.0,1000.0
07.05.2019,Kalutara,H-1,1100.0,1067.0
07.05.2019,Matara,Alba,3500.0,3467.0
07.05.2019,Galle,C-5 Sp,2350.0,2325.0
07.05.2019,Matara,C-5 Sp,3000.0,2900.0
07.05.2019,Matara,H-1,1850.0,1825.0
07.05.2019,Matara,C-4,2000.0,1960.0
07.05.2019,Matara,M-5,1960.0,1955.0
07.05.2019,Matara,M-4,1900.0,1900.0
07.05.2019,Matara,H-2,1800.0,1729.0
07.05.2019,Matara,H-Faq,1700.0,1567.0
07.05.2019,Hambantota,C-5,2000.0,2000.0
07.05.2019,Hambantota,C-4,1950.0,1925.0
07.05.2019,Hambantota,H-1,1800.0,1800.0
07.05.2019,Kalutara,M-5,1500.0,1465.0
07.05.2019,Monaragala,Gorosu,1500.0,1375.0
07.05.2019,Matara,C-5,2300.0,2133.0
07.05.2019,Hambantota,H-2,1720.0,1710.0
07.05.2019,Kalutara,C-4,2000.0,1968.0
07.05.2019,Kalutara,C-5 Sp,2500.0,2465.0
07.05.2019,Kalutara,C-5,2300.0,2266.0
07.05.2019,Ratnapura,Alba,3200.0,3183.0
07.05.2019,Ratnapura,C-5 Sp,2750.0,2716.0
07.05.2019,Ratnapura,C-5,2350.0,2325.0
07.05.2019,Ratnapura,C-4,2000.0,1950.0
07.05.2019,Ratnapura,M-5,1700.0,1666.0
07.05.2019,Ratnapura,H-1,1600.0,1566.0
07.05.2019,Ratnapura,H-2,1400.0,1383.0
07.05.2019,Badulla,Heen,2000.0,1650.0
07.05.2019,Badulla,Gorosu,1800.0,1325.0
07.05.2019,Ratnapura,M-4,1700.0,1666.0
07.05.2019,Kurunegala,Gorosu,1000.0,867.0
07.05.2019,Kurunegala,Heen,2000.0,1800.0
07.05.2019,Gampaha,Gorosu,1500.0,1475.0
07.05.2019,Gampaha,C-4,1800.0,1650.0
07.05.2019,Gampaha,C-5,2000.0,2000.0
07.05.2019,Colombo,H-2,1750.0,1750.0
07.05.2019,Kalutara,Alba,2900.0,2867.0
07.05.2019,Colombo,C-4,2100.0,2100.0
07.05.2019,Colombo,C-5,2300.0,2300.0
07.05.2019,Colombo,C-5 Sp,2800.0,2800.0
07.05.2019,Colombo,H-1,1800.0,1800.0
14.05.2019,Matara,Alba,3500.0,3325.0
14.05.2019,Kalutara,H-1,1100.0,1067.0
14.05.2019,Kalutara,H-2,1000.0,1000.0
14.05.2019,Galle,Alba,3600.0,3490.0
14.05.2019,Galle,C-5 Sp,2600.0,2540.0
14.05.2019,Galle,C-5,1900.0,1900.0
14.05.2019,Galle,C-4,1850.0,1825.0
14.05.2019,Galle,H-1,1750.0,1715.0
14.05.2019,Galle,H-2,1700.0,1665.0
14.05.2019,Matara,C-5 Sp,2800.0,2567.0
14.05.2019,Monaragala,Gorosu,1500.0,1375.0
14.05.2019,Matara,C-4,1900.0,1875.0
14.05.2019,Matara,M-5,1850.0,1838.0
14.05.2019,Matara,M-4,1750.0,1750.0
14.05.2019,Matara,H-1,1700.0,1640.0
14.05.2019,Matara,H-2,1600.0,1581.0
14.05.2019,Matara,H-Faq,1500.0,1325.0
14.05.2019,Hambantota,C-5,2000.0,1975.0
14.05.2019,Hambantota,C-4,1925.0,1915.0
14.05.2019,Hambantota,H-1,1750.0,1725.0
14.05.2019,Hambantota,H-2,1700.0,1650.0
14.05.2019,Matara,C-5,2200.0,2067.0
14.05.2019,Kalutara,M-4,1300.0,1260.0
14.05.2019,Kalutara,C-4,2000.0,1967.0
14.05.2019,Kalutara,C-5,2300.0,2266.0
14.05.2019,Ratnapura,Alba,3300.0,3250.0
14.05.2019,Ratnapura,C-5 Sp,2800.0,2750.0
14.05.2019,Ratnapura,C-5,2350.0,2316.0
14.05.2019,Ratnapura,C-4,2150.0,2116.0
14.05.2019,Ratnapura,M-5,1960.0,1920.0
14.05.2019,Ratnapura,M-4,1960.0,1920.0
14.05.2019,Ratnapura,H-1,1750.0,1716.0
14.05.2019,Ratnapura,H-2,1550.0,1520.0
14.05.2019,Badulla,Heen,2000.0,1516.0
14.05.2019,Badulla,Gorosu,1800.0,1325.0
14.05.2019,Kalutara,M-5,1500.0,1465.0
14.05.2019,Colombo,C-5,2300.0,2300.0
14.05.2019,Colombo,C-4,2100.0,2100.0
14.05.2019,Colombo,H-1,1850.0,1850.0
14.05.2019,Colombo,H-2,1800.0,1800.0
14.05.2019,Gampaha,C-5,2200.0,2200.0
14.05.2019,Gampaha,C-4,1900.0,1750.0
14.05.2019,Gampaha,Gorosu,1500.0,1450.0
14.05.2019,Kalutara,Alba,2900.0,2867.0
14.05.2019,Kalutara,C-5 Sp,2500.0,2465.0
14.05.2019,Colombo,C-5 Sp,2800.0,2800.0
21.05.2019,Galle,H-2,1600.0,1575.0
21.05.2019,Galle,H-1,1650.0,1625.0
21.05.2019,Galle,C-4,1850.0,1800.0
21.05.2019,Galle,C-5,1950.0,1850.0
21.05.2019,Kalutara,H-1,1100.0,1067.0
21.05.2019,Galle,Alba,3200.0,3100.0
21.05.2019,Kalutara,H-2,1000.0,1000.0
21.05.2019,Matara,Alba,3500.0,3267.0
21.05.2019,Kalutara,M-4,1300.0,1260.0
21.05.2019,Galle,C-5 Sp,2200.0,2100.0
21.05.2019,Matara,C-5 Sp,2500.0,2400.0
21.05.2019,Matara,H-1,1700.0,1650.0
21.05.2019,Matara,C-4,1900.0,1830.0
21.05.2019,Matara,M-5,1850.0,1800.0
21.05.2019,Matara,M-4,1800.0,1800.0
21.05.2019,Matara,H-2,1600.0,1529.0
21.05.2019,Matara,H-Faq,1500.0,1433.0
21.05.2019,Hambantota,C-5,1850.0,1800.0
21.05.2019,Hambantota,C-4,1800.0,1750.0
21.05.2019,Hambantota,H-2,1650.0,1575.0
21.05.2019,Kalutara,M-5,1500.0,1465.0
21.05.2019,Monaragala,Gorosu,1500.0,1400.0
21.05.2019,Matara,C-5,2000.0,1917.0
21.05.2019,Hambantota,Gorosu,1500.0,1450.0
21.05.2019,Kalutara,C-4,2000.0,1967.0
21.05.2019,Kalutara,C-5 Sp,2500.0,2465.0
21.05.2019,Kalutara,C-5,2300.0,2266.0
21.05.2019,Ratnapura,C-5 Sp,2700.0,2600.0
21.05.2019,Ratnapura,C-5,2400.0,2350.0
21.05.2019,Ratnapura,C-4,1850.0,1816.0
21.05.2019,Ratnapura,M-5,1850.0,1833.0
21.05.2019,Ratnapura,M-4,1850.0,1833.0
21.05.2019,Ratnapura,H-1,1700.0,1666.0
21.05.2019,Ratnapura,H-2,1450.0,1400.0
21.05.2019,Badulla,Heen,2000.0,1600.0
21.05.2019,Badulla,Gorosu,1600.0,1025.0
21.05.2019,Ratnapura,Alba,3350.0,3334.0
21.05.2019,Kurunegala,Gorosu,800.0,783.0
21.05.2019,Kurunegala,Heen,1500.0,1467.0
21.05.2019,Gampaha,Gorosu,1600.0,1525.0
21.05.2019,Gampaha,C-4,1800.0,1725.0
21.05.2019,Gampaha,C-5,2200.0,2200.0
21.05.2019,Kalutara,Alba,2900.0,2867.0
21.05.2019,Colombo,H-1,1850.0,1850.0
21.05.2019,Colombo,C-4,2100.0,2100.0
21.05.2019,Colombo,C-5,2350.0,2350.0
21.05.2019,Colombo,C-5 Sp,2800.0,2800.0
21.05.2019,Colombo,H-2,1800.0,1800.0
28.05.2019,Matara,C-5 Sp,2800.0,2500.0
28.05.2019,Galle,Alba,3200.0,3100.0
28.05.2019,Galle,C-5 Sp,2200.0,2100.0
28.05.2019,Galle,C-5,1850.0,1825.0
28.05.2019,Galle,C-4,1800.0,1775.0
28.05.2019,Galle,H-1,1550.0,1525.0
28.05.2019,Galle,H-2,1500.0,1475.0
28.05.2019,Matara,Alba,3300.0,3100.0
28.05.2019,Matara,C-5,2300.0,2133.0
28.05.2019,Matara,H-Faq,1400.0,1350.0
28.05.2019,Matara,M-5,1800.0,1750.0
28.05.2019,Matara,M-4,1700.0,1667.0
28.05.2019,Matara,H-1,1600.0,1550.0
28.05.2019,Matara,H-2,1550.0,1507.0
28.05.2019,Hambantota,C-5,1850.0,1800.0
28.05.2019,Hambantota,C-4,1800.0,1750.0
28.05.2019,Hambantota,H-1,1650.0,1575.0
28.05.2019,Hambantota,H-2,1500.0,1450.0
28.05.2019,Monaragala,Gorosu,1500.0,1325.0
28.05.2019,Matara,C-4,1900.0,1807.0
28.05.2019,Kalutara,H-1,1100.0,1067.0
28.05.2019,Kalutara,H-2,1000.0,1000.0
28.05.2019,Kalutara,M-5,1500.0,1465.0
28.05.2019,Ratnapura,Alba,3300.0,3200.0
28.05.2019,Ratnapura,C-5 Sp,2600.0,2583.0
28.05.2019,Ratnapura,C-5,2350.0,2316.0
28.05.2019,Ratnapura,C-4,1800.0,1750.0
28.05.2019,Ratnapura,M-5,1700.0,1666.0
28.05.2019,Ratnapura,M-4,1700.0,1666.0
28.05.2019,Ratnapura,H-1,1600.0,1550.0
28.05.2019,Ratnapura,H-2,1450.0,1416.0
28.05.2019,Badulla,Heen,1500.0,1500.0
28.05.2019,Kalutara,M-4,1300.0,1260.0
28.05.2019,Kurunegala,Heen,1500.0,1233.0
28.05.2019,Kurunegala,Gorosu,800.0,767.0
28.05.2019,Gampaha,C-5,2200.0,2200.0
28.05.2019,Gampaha,C-4,1900.0,1675.0
28.05.2019,Gampaha,Gorosu,1500.0,1450.0
28.05.2019,Kalutara,Alba,2900.0,2867.0
28.05.2019,Kalutara,C-5 Sp,2500.0,2465.0
28.05.2019,Kalutara,C-5,2300.0,2266.0
28.05.2019,Kalutara,C-4,2000.0,1967.0
28.05.2019,Badulla,Gorosu,1100.0,900.0
03.06.2019,Matara,Alba,3500.0,3125.0
03.06.2019,Galle,H-2,1550.0,1500.0
03.06.2019,Galle,H-1,1600.0,1575.0
03.06.2019,Galle,C-4,1800.0,1800.0
03.06.2019,Kalutara,H-1,1100.0,1067.0
03.06.2019,Galle,Alba,3200.0,3150.0
03.06.2019,Kalutara,H-2,1000.0,1000.0
03.06.2019,Matara,C-5 Sp,2500.0,2333.0
03.06.2019,Galle,C-5 Sp,2500.0,2425.0
03.06.2019,Matara,C-5,2000.0,1966.0
03.06.2019,Matara,H-1,1550.0,1530.0
03.06.2019,Matara,M-5,1700.0,1667.0
03.06.2019,Matara,M-4,1600.0,1590.0
03.06.2019,Kalutara,M-4,1300.0,1260.0
03.06.2019,Matara,H-2,1500.0,1471.0
03.06.2019,Matara,H-Faq,1400.0,1312.0
03.06.2019,Hambantota,C-5,1900.0,1875.0
03.06.2019,Hambantota,C-4,1800.0,1775.0
03.06.2019,Hambantota,H-1,1550.0,1525.0
03.06.2019,Hambantota,H-2,1500.0,1500.0
03.06.2019,Monaragala,Gorosu,1300.0,1275.0
03.06.2019,Matara,C-4,1800.0,1783.0
03.06.2019,Kalutara,C-4,2000.0,1968.0
03.06.2019,Galle,C-5,1900.0,1875.0
03.06.2019,Kalutara,M-5,1500.0,1465.0
03.06.2019,Kalutara,C-5,2300.0,2266.0
03.06.2019,Ratnapura,Alba,3300.0,3233.0
03.06.2019,Ratnapura,C-5 Sp,3800.0,2700.0
03.06.2019,Ratnapura,C-5,2300.0,2250.0
03.06.2019,Ratnapura,C-4,1900.0,1816.0
03.06.2019,Ratnapura,M-5,1700.0,1683.0
03.06.2019,Ratnapura,M-4,1700.0,1683.0
03.06.2019,Ratnapura,H-2,1400.0,1316.0
03.06.2019,Badulla,Heen,2000.0,1716.0
03.06.2019,Badulla,Gorosu,1500.0,1283.0
03.06.2019,Kurunegala,Heen,2000.0,1567.0
03.06.2019,Ratnapura,H-1,1600.0,1516.0
03.06.2019,Colombo,C-5 Sp,2800.0,2800.0
03.06.2019,Kurunegala,Gorosu,1000.0,800.0
03.06.2019,Kalutara,Alba,2900.0,2867.0
03.06.2019,Gampaha,Gorosu,1500.0,1375.0
03.06.2019,Gampaha,C-4,1700.0,1575.0
03.06.2019,Gampaha,C-5,2000.0,2000.0
03.06.2019,Kalutara,C-5 Sp,2500.0,2465.0
03.06.2019,Colombo,H-1,1800.0,1800.0
03.06.2019,Colombo,C-4,2100.0,2100.0
03.06.2019,Colombo,C-5,2300.0,2300.0
03.06.2019,Colombo,H-2,1750.0,1750.0
11.06.2019,Matara,Alba,3300.0,3075.0
11.06.2019,Kalutara,H-1,1500.0,1483.0
11.06.2019,Kalutara,H-2,1200.0,1167.0
11.06.2019,Galle,Alba,3200.0,3150.0
11.06.2019,Galle,C-5 Sp,2500.0,2400.0
11.06.2019,Galle,C-5,1900.0,1850.0
11.06.2019,Galle,C-4,1800.0,1775.0
11.06.2019,Galle,H-1,1550.0,1550.0
11.06.2019,Galle,H-2,1500.0,1500.0
11.06.2019,Matara,C-5 Sp,2800.0,2567.0
11.06.2019,Kalutara,M-4,2000.0,1933.0
11.06.2019,Matara,C-4,1850.0,1742.0
11.06.2019,Matara,M-5,1750.0,1733.0
11.06.2019,Matara,M-4,1700.0,1650.0
11.06.2019,Matara,H-1,1600.0,1562.0
11.06.2019,Matara,H-2,1500.0,1450.0
11.06.2019,Matara,H-Faq,1400.0,1370.0
11.06.2019,Hambantota,C-5,1900.0,1875.0
11.06.2019,Hambantota,C-4,1800.0,1775.0
11.06.2019,Hambantota,H-1,1550.0,1525.0
11.06.2019,Hambantota,H-2,1500.0,1500.0
11.06.2019,Matara,C-5,2200.0,1975.0
11.06.2019,Monaragala,Gorosu,1500.0,1325.0
11.06.2019,Kalutara,M-5,2300.0,2267.0
11.06.2019,Kalutara,C-5,2600.0,2565.0
11.06.2019,Ratnapura,Alba,3250.0,3183.0
11.06.2019,Ratnapura,C-5 Sp,2800.0,2716.0
11.06.2019,Ratnapura,C-5,2450.0,2416.0
11.06.2019,Ratnapura,C-4,1800.0,1750.0
11.06.2019,Ratnapura,M-5,1700.0,1683.0
11.06.2019,Ratnapura,M-4,1700.0,1683.0
11.06.2019,Ratnapura,H-1,1700.0,1650.0
11.06.2019,Ratnapura,H-2,1200.0,1150.0
11.06.2019,Badulla,Heen,2000.0,1716.0
11.06.2019,Badulla,Gorosu,1600.0,1325.0
11.06.2019,Kurunegala,Heen,2000.0,1533.0
11.06.2019,Kalutara,C-4,2400.0,2370.0
11.06.2019,Colombo,C-5 Sp,2500.0,2500.0
11.06.2019,Colombo,C-5,2400.0,2400.0
11.06.2019,Colombo,C-4,2100.0,2100.0
11.06.2019,Colombo,H-1,1850.0,1850.0
11.06.2019,Colombo,H-2,1700.0,1700.0
11.06.2019,Gampaha,C-5,2200.0,2200.0
11.06.2019,Gampaha,C-4,1800.0,1625.0
11.06.2019,Gampaha,Gorosu,1500.0,1275.0
11.06.2019,Kalutara,Alba,3000.0,2935.0
11.06.2019,Kalutara,C-5 Sp,2800.0,2767.0
11.06.2019,Kurunegala,Gorosu,1000.0,800.0
18.06.2019,Galle,H-2,1500.0,1500.0
18.06.2019,Galle,H-1,1550.0,1550.0
18.06.2019,Galle,C-4,1800.0,1775.0
18.06.2019,Galle,C-5,1900.0,1875.0
18.06.2019,Kalutara,M-4,2000.0,1933.0
18.06.2019,Galle,Alba,3100.0,3050.0
18.06.2019,Kalutara,H-2,1200.0,1165.0
18.06.2019,Kalutara,H-1,1500.0,1480.0
18.06.2019,Matara,Alba,3000.0,3000.0
18.06.2019,Galle,C-5 Sp,2550.0,2450.0
18.06.2019,Matara,C-5 Sp,2800.0,2567.0
18.06.2019,Matara,H-1,1600.0,1550.0
18.06.2019,Matara,C-4,1850.0,1793.0
18.06.2019,Matara,M-5,1800.0,1733.0
18.06.2019,Matara,M-4,1700.0,1650.0
18.06.2019,Matara,H-2,1500.0,1486.0
18.06.2019,Matara,H-Faq,1400.0,1325.0
18.06.2019,Hambantota,C-5,1850.0,1825.0
18.06.2019,Hambantota,C-4,1800.0,1775.0
18.06.2019,Hambantota,H-1,1530.0,1530.0
18.06.2019,Hambantota,H-2,1500.0,1500.0
18.06.2019,Kalutara,M-5,2300.0,2262.0
18.06.2019,Matara,C-5,2300.0,2167.0
18.06.2019,Monaragala,Gorosu,1200.0,1080.0
18.06.2019,Kalutara,C-4,2400.0,2370.0
18.06.2019,Kalutara,C-5 Sp,2800.0,2765.0
18.06.2019,Kalutara,C-5,2600.0,2560.0
18.06.2019,Ratnapura,Alba,3200.0,3166.0
18.06.2019,Ratnapura,C-5 Sp,2800.0,2750.0
18.06.2019,Ratnapura,C-5,2400.0,2233.0
18.06.2019,Ratnapura,C-4,1800.0,1766.0
18.06.2019,Ratnapura,M-5,1700.0,1683.0
18.06.2019,Ratnapura,H-1,1600.0,1566.0
18.06.2019,Ratnapura,H-2,1450.0,1433.0
18.06.2019,Badulla,Heen,2000.0,1600.0
18.06.2019,Badulla,Gorosu,1500.0,1200.0
18.06.2019,Ratnapura,M-4,1700.0,1683.0
18.06.2019,Kurunegala,Gorosu,800.0,767.0
18.06.2019,Kurunegala,Heen,1500.0,1333.0
18.06.2019,Gampaha,Gorosu,1500.0,1475.0
18.06.2019,Gampaha,C-4,1800.0,1650.0
18.06.2019,Gampaha,C-5,2200.0,2200.0
18.06.2019,Colombo,H-2,1700.0,1700.0
18.06.2019,Kalutara,Alba,3000.0,2967.0
18.06.2019,Colombo,C-4,2100.0,2100.0
18.06.2019,Colombo,C-5,2400.0,2400.0
18.06.2019,Colombo,C-5 Sp,2500.0,2500.0
18.06.2019,Colombo,H-1,1800.0,1800.0
25.06.2019,Matara,Alba,3000.0,3000.0
25.06.2019,Kalutara,H-1,1500.0,1480.0
25.06.2019,Kalutara,H-2,1200.0,1165.0
25.06.2019,Galle,Alba,3100.0,3050.0
25.06.2019,Galle,C-5 Sp,2600.0,2500.0
25.06.2019,Galle,C-5,1900.0,1875.0
25.06.2019,Galle,C-4,1800.0,1775.0
25.06.2019,Galle,H-1,1550.0,1550.0
25.06.2019,Galle,H-2,1500.0,1500.0
25.06.2019,Matara,C-5 Sp,2700.0,2533.0
25.06.2019,Monaragala,Gorosu,1200.0,1120.0
25.06.2019,Matara,C-4,1900.0,1786.0
25.06.2019,Matara,M-5,1800.0,1733.0
25.06.2019,Matara,M-4,1700.0,1650.0
25.06.2019,Matara,H-1,1600.0,1560.0
25.06.2019,Matara,H-2,1500.0,1486.0
25.06.2019,Matara,H-Faq,1400.0,1333.0
25.06.2019,Hambantota,C-5,1850.0,1825.0
25.06.2019,Hambantota,C-4,1800.0,1775.0
25.06.2019,Hambantota,H-1,1530.0,1530.0
25.06.2019,Hambantota,H-2,1500.0,1500.0
25.06.2019,Matara,C-5,2100.0,2000.0
25.06.2019,Kalutara,M-5,2300.0,2262.0
25.06.2019,Kalutara,M-4,2000.0,1933.0
25.06.2019,Kalutara,C-5,2600.0,2560.0
25.06.2019,Ratnapura,Alba,3200.0,3150.0
25.06.2019,Ratnapura,C-5 Sp,2700.0,2683.0
25.06.2019,Ratnapura,C-5,2400.0,2383.0
25.06.2019,Ratnapura,C-4,1700.0,1666.0
25.06.2019,Ratnapura,M-5,1650.0,1633.0
25.06.2019,Ratnapura,M-4,1650.0,1633.0
25.06.2019,Ratnapura,H-1,1500.0,1450.0
25.06.2019,Ratnapura,H-2,1300.0,1250.0
25.06.2019,Badulla,Heen,1800.0,1541.0
25.06.2019,Badulla,Gorosu,1500.0,1233.0
25.06.2019,Kurunegala,Heen,2000.0,1533.0
25.06.2019,Kalutara,C-4,2400.0,2370.0
25.06.2019,Colombo,C-5 Sp,2550.0,2550.0
25.06.2019,Colombo,C-5,2400.0,2400.0
25.06.2019,Colombo,C-4,2150.0,2150.0
25.06.2019,Colombo,H-1,1800.0,1800.0
25.06.2019,Colombo,H-2,1700.0,1700.0
25.06.2019,Gampaha,C-5,2000.0,2000.0
25.06.2019,Gampaha,C-4,1700.0,1575.0
25.06.2019,Gampaha,Gorosu,1400.0,1200.0
25.06.2019,Kalutara,Alba,3000.0,2967.0
25.06.2019,Kalutara,C-5 Sp,2800.0,2765.0
25.06.2019,Kurunegala,Gorosu,1000.0,867.0
02.07.2019,Matara,Alba,3000.0,3000.0
02.07.2019,Galle,H-2,1550.0,1525.0
02.07.2019,Galle,H-1,1650.0,1600.0
02.07.2019,Galle,C-4,1800.0,1775.0
02.07.2019,Kalutara,H-1,1100.0,1067.0
02.07.2019,Galle,C-5 Sp,2600.0,2550.0
02.07.2019,Galle,Alba,3200.0,3050.0
02.07.2019,Kalutara,H-2,1000.0,1000.0
02.07.2019,Matara,C-5 Sp,3050.0,2440.0
02.07.2019,Galle,C-5,1850.0,1850.0
02.07.2019,Matara,C-5,2100.0,1920.0
02.07.2019,Matara,H-2,1550.0,1508.0
02.07.2019,Matara,M-5,1850.0,1767.0
02.07.2019,Matara,M-4,1800.0,1713.0
02.07.2019,Matara,H-1,1580.0,1522.0
02.07.2019,Matara,H-Faq,1400.0,1340.0
02.07.2019,Hambantota,C-5,1900.0,1875.0
02.07.2019,Hambantota,C-4,1800.0,1800.0
02.07.2019,Hambantota,H-1,1550.0,1550.0
02.07.2019,Hambantota,H-2,1500.0,1500.0
02.07.2019,Monaragala,Gorosu,1200.0,1175.0
02.07.2019,Kalutara,M-4,1300.0,1260.0
02.07.2019,Matara,C-4,1900.0,1830.0
02.07.2019,Kalutara,M-5,1500.0,1465.0
02.07.2019,Kalutara,C-5,2300.0,2266.0
02.07.2019,Ratnapura,C-5 Sp,2750.0,2716.0
02.07.2019,Ratnapura,Alba,3200.0,3100.0
02.07.2019,Kalutara,C-4,2000.0,1967.0
02.07.2019,Ratnapura,C-5,2500.0,2450.0
02.07.2019,Ratnapura,C-4,1800.0,1750.0
02.07.2019,Ratnapura,M-5,1650.0,1616.0
02.07.2019,Ratnapura,M-4,1650.0,1616.0
02.07.2019,Ratnapura,H-1,1450.0,1416.0
02.07.2019,Badulla,Heen,1800.0,1625.0
02.07.2019,Badulla,Gorosu,1400.0,1225.0
02.07.2019,Kurunegala,Heen,1700.0,1333.0
02.07.2019,Ratnapura,H-2,1250.0,1216.0
02.07.2019,Colombo,C-5 Sp,2250.0,2250.0
02.07.2019,Kalutara,C-5 Sp,2500.0,2465.0
02.07.2019,Kurunegala,Gorosu,900.0,836.0
02.07.2019,Gampaha,Gorosu,1400.0,1125.0
02.07.2019,Gampaha,C-4,1600.0,1500.0
02.07.2019,Gampaha,C-5,2000.0,2000.0
02.07.2019,Kalutara,Alba,2900.0,2867.0
02.07.2019,Colombo,H-1,1700.0,1700.0
02.07.2019,Colombo,C-4,1750.0,1750.0
02.07.2019,Colombo,C-5,1800.0,1800.0
02.07.2019,Colombo,H-2,1450.0,1450.0
09.07.2019,Matara,C-5,2500.0,2017.0
09.07.2019,Galle,C-5 Sp,2600.0,2550.0
09.07.2019,Galle,C-5,1900.0,1875.0
09.07.2019,Galle,C-4,1850.0,1825.0
09.07.2019,Galle,H-1,1600.0,1775.0
09.07.2019,Galle,H-2,1550.0,1525.0
09.07.2019,Matara,Alba,3250.0,3080.0
09.07.2019,Matara,C-5 Sp,2800.0,2450.0
09.07.2019,Matara,C-4,1900.0,1808.0
09.07.2019,Galle,Alba,3250.0,3175.0
09.07.2019,Matara,M-4,1750.0,1675.0
09.07.2019,Matara,H-1,1650.0,1580.0
09.07.2019,Matara,H-2,1550.0,1500.0
09.07.2019,Matara,H-Faq,1400.0,1360.0
09.07.2019,Hambantota,C-5,1900.0,1875.0
09.07.2019,Hambantota,C-4,1850.0,1825.0
09.07.2019,Hambantota,H-1,1550.0,1550.0
09.07.2019,Hambantota,H-2,1500.0,1500.0
09.07.2019,Monaragala,Gorosu,1000.0,980.0
09.07.2019,Matara,M-5,1850.0,1750.0
09.07.2019,Kalutara,H-2,1000.0,1000.0
09.07.2019,Kalutara,M-4,1300.0,1260.0
09.07.2019,Kalutara,H-1,1100.0,1067.0
09.07.2019,Ratnapura,Alba,3250.0,3216.0
09.07.2019,Ratnapura,C-5 Sp,2800.0,2750.0
09.07.2019,Ratnapura,C-5,2500.0,2483.0
09.07.2019,Ratnapura,C-4,1900.0,1866.0
09.07.2019,Ratnapura,M-5,1750.0,1716.0
09.07.2019,Ratnapura,H-1,1450.0,1416.0
09.07.2019,Ratnapura,H-2,1300.0,1300.0
09.07.2019,Badulla,Heen,1800.0,1600.0
09.07.2019,Badulla,Gorosu,1500.0,1200.0
09.07.2019,Ratnapura,M-4,1750.0,1716.0
09.07.2019,Kurunegala,Gorosu,800.0,733.0
09.07.2019,Gampaha,C-5,2000.0,2000.0
09.07.2019,Gampaha,C-4,1700.0,1575.0
09.07.2019,Gampaha,Gorosu,1500.0,1275.0
09.07.2019,Kalutara,Alba,2900.0,2867.0
09.07.2019,Kalutara,C-5 Sp,2500.0,2465.0
09.07.2019,Kalutara,C-5,2300.0,2266.0
09.07.2019,Kalutara,C-4,2000.0,1967.0
09.07.2019,Kalutara,M-5,1500.0,1465.0
09.07.2019,Kurunegala,Heen,1500.0,1167.0
15.07.2019,Matara,Alba,3200.0,3060.0
15.07.2019,Galle,H-2,1500.0,1500.0
15.07.2019,Galle,H-1,1550.0,1525.0
15.07.2019,Galle,C-4,1800.0,1775.0
15.07.2019,Kalutara,H-1,1100.0,1067.0
15.07.2019,Galle,C-5 Sp,2500.0,2450.0
15.07.2019,Galle,Alba,3200.0,3100.0
15.07.2019,Kalutara,H-2,1000.0,1000.0
15.07.2019,Matara,C-5 Sp,2600.0,2325.0
15.07.2019,Galle,C-5,1850.0,1825.0
15.07.2019,Matara,C-5,2200.0,1933.0
15.07.2019,Kalutara,M-5,1500.0,1465.0
15.07.2019,Matara,M-5,1850.0,1733.0
15.07.2019,Matara,M-4,1750.0,1650.0
15.07.2019,Matara,H-1,1650.0,1537.0
15.07.2019,Matara,H-2,1550.0,1457.0
15.07.2019,Matara,H-Faq,1400.0,1330.0
15.07.2019,Hambantota,C-5,1800.0,1800.0
15.07.2019,Hambantota,C-4,1750.0,1750.0
15.07.2019,Hambantota,H-1,1500.0,1500.0
15.07.2019,Kalutara,M-4,1300.0,1260.0
15.07.2019,Monaragala,Gorosu,1500.0,1380.0
15.07.2019,Matara,C-4,1900.0,1775.0
15.07.2019,Hambantota,H-2,1450.0,1425.0
15.07.2019,Gampaha,C-4,1800.0,1600.0
15.07.2019,Kalutara,C-5,2300.0,2266.0
15.07.2019,Ratnapura,Alba,3250.0,3216.0
15.07.2019,Ratnapura,C-5 Sp,2800.0,2750.0
15.07.2019,Ratnapura,C-5,2500.0,2450.0
15.07.2019,Ratnapura,C-4,2000.0,1933.0
15.07.2019,Ratnapura,M-5,1650.0,1616.0
15.07.2019,Ratnapura,M-4,1650.0,1616.0
15.07.2019,Kalutara,C-4,2000.0,1967.0
15.07.2019,Ratnapura,H-2,1300.0,1283.0
15.07.2019,Badulla,Heen,1800.0,1750.0
15.07.2019,Badulla,Gorosu,1400.0,1350.0
15.07.2019,Kurunegala,Heen,1500.0,1167.0
15.07.2019,Ratnapura,H-1,1450.0,1416.0
15.07.2019,Colombo,C-5 Sp,2300.0,2300.0
15.07.2019,Kurunegala,Gorosu,800.0,733.0
15.07.2019,Kalutara,Alba,2900.0,2867.0
15.07.2019,Gampaha,Gorosu,1500.0,1125.0
15.07.2019,Gampaha,C-5,2000.0,2000.0
15.07.2019,Kalutara,C-5 Sp,2500.0,2465.0
15.07.2019,Colombo,H-1,1700.0,1700.0
15.07.2019,Colombo,C-4,1800.0,1800.0
15.07.2019,Colombo,C-5,1950.0,1950.0
15.07.2019,Colombo,H-2,1600.0,1600.0
23.07.2019,Matara,Alba,3100.0,3050.0
23.07.2019,Monaragala,Gorosu,1500.0,1433.0
23.07.2019,Kalutara,H-2,1000.0,1000.0
23.07.2019,Galle,Alba,3050.0,3000.0
23.07.2019,Galle,C-5 Sp,2500.0,2475.0
23.07.2019,Galle,C-5,1800.0,1775.0
23.07.2019,Galle,C-4,1750.0,1750.0
23.07.2019,Galle,H-1,1550.0,1525.0
23.07.2019,Galle,H-2,1500.0,1500.0
23.07.2019,Matara,C-5 Sp,2700.0,2350.0
23.07.2019,Kalutara,M-4,1300.0,1260.0
23.07.2019,Matara,C-4,1850.0,1783.0
23.07.2019,Matara,M-5,1800.0,1733.0
23.07.2019,Matara,M-4,1750.0,1675.0
23.07.2019,Matara,H-1,1650.0,1544.0
23.07.2019,Matara,H-2,1500.0,1438.0
23.07.2019,Matara,H-Faq,1400.0,1320.0
23.07.2019,Hambantota,C-5,1850.0,1850.0
23.07.2019,Hambantota,C-4,1800.0,1775.0
23.07.2019,Hambantota,H-1,1550.0,1525.0
23.07.2019,Hambantota,H-2,1500.0,1450.0
23.07.2019,Matara,C-5,2200.0,1942.0
23.07.2019,Kalutara,M-5,1500.0,1465.0
23.07.2019,Kalutara,H-1,1100.0,1067.0
23.07.2019,Kalutara,C-5,2300.0,2266.0
23.07.2019,Ratnapura,Alba,3250.0,3133.0
23.07.2019,Ratnapura,C-5 Sp,2700.0,2600.0
23.07.2019,Ratnapura,C-5,2400.0,2316.0
23.07.2019,Ratnapura,C-4,1700.0,1600.0
23.07.2019,Ratnapura,M-5,1700.0,1650.0
23.07.2019,Ratnapura,M-4,1700.0,1650.0
23.07.2019,Ratnapura,H-1,1800.0,1783.0
23.07.2019,Ratnapura,H-2,1250.0,1180.0
23.07.2019,Badulla,Heen,2000.0,1700.0
23.07.2019,Badulla,Gorosu,1500.0,1175.0
23.07.2019,Kurunegala,Heen,1800.0,1333.0
23.07.2019,Kalutara,C-4,2000.0,1967.0
23.07.2019,Colombo,C-5 Sp,2350.0,2350.0
23.07.2019,Colombo,C-5,2000.0,2000.0
23.07.2019,Colombo,C-4,1900.0,1900.0
23.07.2019,Colombo,H-1,1700.0,1700.0
23.07.2019,Colombo,H-2,1600.0,1600.0
23.07.2019,Gampaha,C-5,2000.0,2000.0
23.07.2019,Gampaha,C-4,1800.0,1650.0
23.07.2019,Gampaha,Gorosu,1500.0,1150.0
23.07.2019,Kalutara,Alba,2900.0,2867.0
23.07.2019,Kalutara,C-5 Sp,2500.0,2465.0
23.07.2019,Kurunegala,Gorosu,900.0,783.0
30.07.2019,Matara,Alba,3000.0,2850.0
30.07.2019,Galle,H-2,1500.0,1500.0
30.07.2019,Galle,H-1,1550.0,1525.0
30.07.2019,Galle,C-4,1750.0,1750.0
30.07.2019,Kalutara,H-1,1100.0,1067.0
30.07.2019,Galle,Alba,3050.0,3000.0
30.07.2019,Kalutara,H-2,1000.0,1000.0
30.07.2019,Matara,C-5 Sp,2400.0,2100.0
30.07.2019,Galle,C-5 Sp,2500.0,2475.0
30.07.2019,Matara,C-5,2900.0,1808.0
30.07.2019,Matara,H-2,1500.0,1419.0
30.07.2019,Matara,M-5,1700.0,1638.0
30.07.2019,Matara,M-4,1600.0,1583.0
30.07.2019,Matara,H-1,1550.0,1500.0
30.07.2019,Kalutara,M-4,1300.0,1260.0
30.07.2019,Matara,H-Faq,1400.0,1260.0
30.07.2019,Hambantota,C-5,1800.0,1750.0
30.07.2019,Hambantota,C-4,1700.0,1700.0
30.07.2019,Hambantota,H-1,1400.0,1400.0
30.07.2019,Hambantota,H-2,1350.0,1350.0
30.07.2019,Monaragala,Gorosu,1500.0,1340.0
30.07.2019,Matara,C-4,1800.0,1725.0
30.07.2019,Kalutara,M-5,1500.0,1465.0
30.07.2019,Galle,C-5,1800.0,1775.0
30.07.2019,Kalutara,C-5,2300.0,2266.0
30.07.2019,Ratnapura,Alba,2800.0,2784.0
30.07.2019,Ratnapura,C-5 Sp,2450.0,2416.0
30.07.2019,Ratnapura,C-5,2350.0,2316.0
30.07.2019,Ratnapura,C-4,1750.0,1683.0
30.07.2019,Ratnapura,M-5,1550.0,1516.0
30.07.2019,Ratnapura,M-4,1550.0,1516.0
30.07.2019,Ratnapura,H-1,1250.0,1216.0
30.07.2019,Ratnapura,H-2,1150.0,1116.0
30.07.2019,Badulla,Heen,1800.0,1575.0
30.07.2019,Badulla,Gorosu,1300.0,1125.0
30.07.2019,Kurunegala,Heen,2000.0,1400.0
30.07.2019,Kalutara,C-4,2000.0,1967.0
30.07.2019,Colombo,C-5 Sp,2300.0,2300.0
30.07.2019,Colombo,C-5,1950.0,1950.0
30.07.2019,Colombo,C-4,1850.0,1850.0
30.07.2019,Colombo,H-1,1700.0,1700.0
30.07.2019,Colombo,H-2,1600.0,1600.0
30.07.2019,Gampaha,C-5,2200.0,2200.0
30.07.2019,Gampaha,C-4,1800.0,1600.0
30.07.2019,Gampaha,Gorosu,1550.0,1375.0
30.07.2019,Kalutara,Alba,2900.0,2867.0
30.07.2019,Kalutara,C-5 Sp,2500.0,2465.0
30.07.2019,Kurunegala,Gorosu,1000.0,867.0
06.08.2019,Galle,H-2,1510.0,1500.0
06.08.2019,Galle,H-1,1550.0,1525.0
06.08.2019,Galle,C-4,1750.0,1725.0
06.08.2019,Galle,C-5,1800.0,1775.0
06.08.2019,Kalutara,M-4,1300.0,1260.0
06.08.2019,Galle,Alba,3050.0,3000.0
06.08.2019,Kalutara,H-2,1000.0,1000.0
06.08.2019,Kalutara,H-1,1100.0,1067.0
06.08.2019,Matara,Alba,2800.0,2633.0
06.08.2019,Galle,C-5 Sp,2500.0,2475.0
06.08.2019,Matara,C-5 Sp,2300.0,2217.0
06.08.2019,Matara,H-1,1600.0,1525.0
06.08.2019,Matara,C-4,1800.0,1725.0
06.08.2019,Matara,M-5,1650.0,1650.0
06.08.2019,Matara,M-4,1600.0,1583.0
06.08.2019,Matara,H-2,1450.0,1379.0
06.08.2019,Matara,H-Faq,1300.0,1267.0
06.08.2019,Hambantota,C-5,1800.0,1775.0
06.08.2019,Hambantota,C-4,1750.0,1725.0
06.08.2019,Hambantota,H-1,1500.0,1450.0
06.08.2019,Hambantota,H-2,1450.0,1350.0
06.08.2019,Kalutara,M-5,1500.0,1465.0
06.08.2019,Matara,C-5,2000.0,1863.0
06.08.2019,Monaragala,Gorosu,1500.0,1300.0
06.08.2019,Kalutara,C-4,2000.0,1967.0
06.08.2019,Kalutara,C-5 Sp,2500.0,2465.0
06.08.2019,Ratnapura,Alba,2750.0,2683.0
06.08.2019,Ratnapura,C-5 Sp,2460.0,2435.0
06.08.2019,Ratnapura,C-5,2050.0,2020.0
06.08.2019,Ratnapura,C-4,1850.0,1816.0
06.08.2019,Ratnapura,M-5,1650.0,1616.0
06.08.2019,Ratnapura,M-4,1650.0,1616.0
06.08.2019,Ratnapura,H-1,1250.0,1223.0
06.08.2019,Ratnapura,H-2,1150.0,1083.0
06.08.2019,Badulla,Heen,1800.0,1583.0
06.08.2019,Badulla,Gorosu,1300.0,1200.0
06.08.2019,Kalutara,C-5,2300.0,2266.0
06.08.2019,Kurunegala,Gorosu,800.0,650.0
06.08.2019,Colombo,C-5 Sp,2300.0,2300.0
06.08.2019,Colombo,C-5,1950.0,1950.0
06.08.2019,Colombo,C-4,1900.0,1900.0
06.08.2019,Colombo,H-1,1700.0,1700.0
06.08.2019,Colombo,H-2,1600.0,1600.0
06.08.2019,Gampaha,C-5,2100.0,2100.0
06.08.2019,Gampaha,C-4,1800.0,1625.0
06.08.2019,Gampaha,Gorosu,1500.0,1325.0
06.08.2019,Kalutara,Alba,2900.0,2867.0
06.08.2019,Kurunegala,Heen,1600.0,1233.0
13.08.2019,Galle,H-2,1500.0,1500.0
13.08.2019,Galle,H-1,1550.0,1525.0
13.08.2019,Galle,C-4,1750.0,1730.0
13.08.2019,Kalutara,H-1,1100.0,1067.0
13.08.2019,Galle,C-5 Sp,2450.0,2425.0
13.08.2019,Galle,Alba,2900.0,2800.0
13.08.2019,Kalutara,H-2,1000.0,1000.0
13.08.2019,Matara,Alba,2500.0,2500.0
13.08.2019,Galle,C-5,1800.0,1775.0
13.08.2019,Matara,C-5 Sp,2300.0,2133.0
13.08.2019,Matara,H-2,1450.0,1400.0
13.08.2019,Matara,C-4,1800.0,1740.0
13.08.2019,Matara,M-5,1700.0,1650.0
13.08.2019,Matara,M-4,1600.0,1583.0
13.08.2019,Matara,H-1,1500.0,1483.0
13.08.2019,Matara,H-Faq,1350.0,1317.0
13.08.2019,Hambantota,C-5,1760.0,1755.0
13.08.2019,Hambantota,C-4,1750.0,1725.0
13.08.2019,Hambantota,H-1,1450.0,1425.0
13.08.2019,Hambantota,H-2,1300.0,1275.0
13.08.2019,Kalutara,M-4,1300.0,1260.0
13.08.2019,Matara,C-5,2000.0,1917.0
13.08.2019,Monaragala,Gorosu,1500.0,1325.0
13.08.2019,Kalutara,M-5,1500.0,1465.0
13.08.2019,Kalutara,C-5,2300.0,2266.0
13.08.2019,Kalutara,C-4,2000.0,1967.0
13.08.2019,Ratnapura,Alba,2700.0,2650.0
13.08.2019,Ratnapura,C-5 Sp,2250.0,2216.0
13.08.2019,Ratnapura,C-5,2200.0,2100.0
13.08.2019,Ratnapura,C-4,1650.0,1633.0
13.08.2019,Ratnapura,M-5,1450.0,1416.0
13.08.2019,Ratnapura,H-1,1250.0,1233.0
13.08.2019,Ratnapura,H-2,1150.0,1114.0
13.08.2019,Badulla,Heen,1800.0,1800.0
13.08.2019,Badulla,Gorosu,1500.0,1400.0
13.08.2019,Kurunegala,Heen,1600.0,1233.0
13.08.2019,Ratnapura,M-4,1450.0,1416.0
13.08.2019,Colombo,C-5 Sp,2350.0,2350.0
13.08.2019,Kurunegala,Gorosu,800.0,650.0
13.08.2019,Kalutara,Alba,2900.0,2867.0
13.08.2019,Gampaha,Gorosu,1500.0,1325.0
13.08.2019,Gampaha,C-4,1800.0,1650.0
13.08.2019,Gampaha,C-5,2000.0,2000.0
13.08.2019,Kalutara,C-5 Sp,2500.0,2465.0
13.08.2019,Colombo,H-1,1650.0,1650.0
13.08.2019,Colombo,C-4,2000.0,2000.0
13.08.2019,Colombo,C-5,2050.0,2050.0
13.08.2019,Colombo,H-2,1500.0,1500.0
20.08.2019,Matara,Alba,2600.0,2533.0
20.08.2019,Kalutara,M-4,1300.0,1267.0
20.08.2019,Kalutara,H-1,1100.0,1060.0
20.08.2019,Kalutara,H-2,1000.0,1000.0
20.08.2019,Galle,Alba,2700.0,2650.0
20.08.2019,Galle,C-5 Sp,2400.0,2275.0
20.08.2019,Galle,C-5,1780.0,1750.0
20.08.2019,Galle,C-4,1750.0,1725.0
20.08.2019,Galle,H-1,1520.0,1505.0
20.08.2019,Galle,H-2,1500.0,1450.0
20.08.2019,Matara,C-5 Sp,2300.0,2100.0
20.08.2019,Monaragala,Gorosu,1300.0,1125.0
20.08.2019,Matara,C-4,1750.0,1710.0
20.08.2019,Matara,M-5,1700.0,1677.0
20.08.2019,Matara,M-4,1650.0,1617.0
20.08.2019,Matara,H-1,1550.0,1517.0
20.08.2019,Matara,H-2,1450.0,1392.0
20.08.2019,Matara,H-Faq,1350.0,1283.0
20.08.2019,Hambantota,C-5,1800.0,1775.0
20.08.2019,Hambantota,C-4,1750.0,1725.0
20.08.2019,Hambantota,H-1,1450.0,1450.0
20.08.2019,Hambantota,H-2,1400.0,1350.0
20.08.2019,Matara,C-5,2000.0,1900.0
20.08.2019,Kalutara,M-5,1500.0,1465.0
20.08.2019,Kalutara,C-5,2300.0,2266.0
20.08.2019,Kalutara,C-5 Sp,2500.0,2465.0
20.08.2019,Ratnapura,Alba,2600.0,2550.0
20.08.2019,Ratnapura,C-5 Sp,2200.0,2150.0
20.08.2019,Ratnapura,C-5,2000.0,1983.0
20.08.2019,Ratnapura,C-4,1800.0,1716.0
20.08.2019,Ratnapura,M-5,1500.0,1450.0
20.08.2019,Ratnapura,M-4,1500.0,1450.0
20.08.2019,Ratnapura,H-1,1200.0,1133.0
20.08.2019,Ratnapura,H-2,1100.0,1050.0
20.08.2019,Badulla,Heen,1800.0,1616.0
20.08.2019,Badulla,Gorosu,1500.0,1275.0
20.08.2019,Kalutara,C-4,2000.0,1967.0
20.08.2019,Kurunegala,Gorosu,900.0,767.0
20.08.2019,Colombo,C-5 Sp,2350.0,2350.0
20.08.2019,Colombo,C-5,2100.0,2100.0
20.08.2019,Colombo,C-4,2000.0,2000.0
20.08.2019,Colombo,H-1,1650.0,1650.0
20.08.2019,Colombo,H-2,1550.0,1550.0
20.08.2019,Gampaha,C-5,1900.0,1900.0
20.08.2019,Gampaha,C-4,1600.0,1525.0
20.08.2019,Gampaha,Gorosu,1200.0,1100.0
20.08.2019,Kalutara,Alba,2900.0,2867.0
20.08.2019,Kurunegala,Heen,2000.0,1533.0
27.08.2019,Matara,Alba,2550.0,2517.0
27.08.2019,Galle,H-2,1450.0,1440.0
27.08.2019,Galle,H-1,1500.0,1500.0
27.08.2019,Kalutara,H-2,1000.0,1000.0
27.08.2019,Galle,C-5,1780.0,1750.0
27.08.2019,Galle,C-5 Sp,2400.0,2275.0
27.08.2019,Galle,Alba,2700.0,2650.0
27.08.2019,Matara,C-5 Sp,2000.0,2000.0
27.08.2019,Galle,C-4,1750.0,1725.0
27.08.2019,Matara,C-5,2000.0,1950.0
27.08.2019,Matara,H-Faq,1350.0,1283.0
27.08.2019,Matara,M-5,1750.0,1667.0
27.08.2019,Matara,M-4,1700.0,1633.0
27.08.2019,Matara,H-1,1600.0,1550.0
27.08.2019,Matara,H-2,1500.0,1408.0
27.08.2019,Hambantota,C-5,1800.0,1775.0
27.08.2019,Hambantota,C-4,1750.0,1725.0
27.08.2019,Hambantota,H-1,1450.0,1450.0
27.08.2019,Hambantota,H-2,1400.0,1390.0
27.08.2019,Monaragala,Gorosu,1500.0,1180.0
27.08.2019,Kalutara,H-1,1100.0,1067.0
27.08.2019,Matara,C-4,1800.0,1750.0
27.08.2019,Kalutara,M-4,1300.0,1260.0
27.08.2019,Kalutara,M-5,1500.0,1465.0
27.08.2019,Ratnapura,Alba,2650.0,2616.0
27.08.2019,Kalutara,C-4,2000.0,1967.0
27.08.2019,Ratnapura,C-5 Sp,2350.0,2316.0
27.08.2019,Ratnapura,C-5,2100.0,2066.0
27.08.2019,Ratnapura,C-4,1800.0,1750.0
27.08.2019,Ratnapura,M-5,1550.0,1516.0
27.08.2019,Ratnapura,M-4,1550.0,1516.0
27.08.2019,Ratnapura,H-2,1200.0,1083.0
27.08.2019,Badulla,Heen,2000.0,1650.0
27.08.2019,Badulla,Gorosu,1500.0,1258.0
27.08.2019,Kurunegala,Heen,2000.0,1567.0
27.08.2019,Kurunegala,Gorosu,1000.0,833.0
27.08.2019,Ratnapura,H-1,1300.0,1200.0
27.08.2019,Colombo,C-5,2050.0,2050.0
27.08.2019,Colombo,C-5 Sp,2350.0,2350.0
27.08.2019,Kalutara,C-5 Sp,2500.0,2465.0
27.08.2019,Kalutara,Alba,2900.0,2867.0
27.08.2019,Gampaha,Gorosu,1200.0,1175.0
27.08.2019,Gampaha,C-4,1600.0,1525.0
27.08.2019,Kalutara,C-5,2300.0,2266.0
27.08.2019,Colombo,H-2,1550.0,1550.0
27.08.2019,Colombo,H-1,1650.0,1650.0
27.08.2019,Colombo,C-4,2000.0,2000.0
27.08.2019,Gampaha,C-5,1900.0,1900.0
03.09.2019,Matara,C-5 Sp,2000.0,2000.0
03.09.2019,Kalutara,H-1,1300.0,1265.0
03.09.2019,Kalutara,H-2,1000.0,1000.0
03.09.2019,Galle,Alba,2700.0,2650.0
03.09.2019,Galle,C-5 Sp,2400.0,2275.0
03.09.2019,Galle,C-5,1780.0,1750.0
03.09.2019,Galle,C-4,1750.0,1725.0
03.09.2019,Galle,H-1,1520.0,1510.0
03.09.2019,Galle,H-2,1480.0,1450.0
03.09.2019,Matara,Alba,2500.0,2500.0
03.09.2019,Matara,C-5,1900.0,1862.0
03.09.2019,Kalutara,M-4,1700.0,1680.0
03.09.2019,Matara,M-5,1750.0,1683.0
03.09.2019,Matara,M-4,1650.0,1583.0
03.09.2019,Matara,H-1,1500.0,1500.0
03.09.2019,Matara,H-2,1450.0,1433.0
03.09.2019,Matara,H-Faq,1400.0,1300.0
03.09.2019,Hambantota,C-5,1800.0,1775.0
03.09.2019,Hambantota,C-4,1750.0,1725.0
03.09.2019,Hambantota,H-1,1450.0,1450.0
03.09.2019,Hambantota,H-2,1400.0,1400.0
03.09.2019,Monaragala,Gorosu,1500.0,1340.0
03.09.2019,Matara,C-4,1800.0,1750.0
03.09.2019,Kalutara,M-5,2000.0,1965.0
03.09.2019,Kalutara,Alba,2700.0,2680.0
03.09.2019,Kalutara,C-5,2300.0,2267.0
03.09.2019,Ratnapura,Alba,2650.0,2616.0
03.09.2019,Ratnapura,C-5,2000.0,1933.0
03.09.2019,Ratnapura,C-4,1800.0,1666.0
03.09.2019,Ratnapura,M-5,1500.0,1466.0
03.09.2019,Ratnapura,M-4,1500.0,1466.0
03.09.2019,Ratnapura,H-1,1200.0,1133.0
03.09.2019,Ratnapura,H-2,950.0,883.0
03.09.2019,Badulla,Heen,2000.0,1666.0
03.09.2019,Badulla,Gorosu,1500.0,1191.0
03.09.2019,Kurunegala,Heen,2000.0,1600.0
03.09.2019,Ratnapura,C-5 Sp,2200.0,2100.0
03.09.2019,Colombo,C-5 Sp,2350.0,2350.0
03.09.2019,Kurunegala,Gorosu,1000.0,833.0
03.09.2019,Kalutara,C-5 Sp,2500.0,2485.0
03.09.2019,Gampaha,Gorosu,1200.0,1050.0
03.09.2019,Gampaha,C-4,1500.0,1475.0
03.09.2019,Kalutara,C-4,2200.0,2167.0
03.09.2019,Colombo,H-2,1500.0,1500.0
03.09.2019,Colombo,H-1,1600.0,1600.0
03.09.2019,Colombo,C-4,1800.0,1800.0
03.09.2019,Colombo,C-5,1900.0,1900.0
03.09.2019,Gampaha,C-5,1800.0,1800.0
10.09.2019,Galle,C-5 Sp,2100.0,2050.0
10.09.2019,Galle,C-5,1800.0,1790.0
10.09.2019,Galle,C-4,1750.0,1750.0
10.09.2019,Galle,H-1,1500.0,1475.0
10.09.2019,Galle,H-2,1450.0,1425.0
10.09.2019,Matara,Alba,2500.0,2338.0
10.09.2019,Matara,C-5 Sp,2000.0,1967.0
10.09.2019,Matara,C-5,1850.0,1817.0
10.09.2019,Matara,C-4,1750.0,1736.0
10.09.2019,Matara,H-1,1600.0,1525.0
10.09.2019,Matara,M-4,1650.0,1612.0
10.09.2019,Matara,H-2,1450.0,1450.0
10.09.2019,Matara,H-Faq,1300.0,1242.0
10.09.2019,Hambantota,C-4,1750.0,1725.0
10.09.2019,Hambantota,H-1,1500.0,1500.0
10.09.2019,Hambantota,H-2,1450.0,1450.0
10.09.2019,Monaragala,H-Faq,,1500.0
10.09.2019,Galle,Alba,2500.0,2450.0
10.09.2019,Monaragala,Heen,1325.0,
10.09.2019,Matara,M-5,1700.0,1650.0
10.09.2019,Hambantota,C-5,1800.0,1775.0
10.09.2019,Kalutara,H-2,1000.0,1000.0
10.09.2019,Kalutara,M-4,1200.0,1183.0
10.09.2019,Kalutara,H-1,1050.0,1033.0
10.09.2019,Ratnapura,Alba,2250.0,2216.0
10.09.2019,Ratnapura,C-5 Sp,2000.0,1983.0
10.09.2019,Ratnapura,C-5,1900.0,1883.0
10.09.2019,Ratnapura,C-4,1700.0,1650.0
10.09.2019,Ratnapura,M-4,1100.0,1083.0
10.09.2019,Badulla,Heen,2000.0,1650.0
10.09.2019,Badulla,Gorosu,1500.0,1225.0
10.09.2019,Kurunegala,Heen,2000.0,1567.0
10.09.2019,Ratnapura,M-5,1250.0,1200.0
10.09.2019,Colombo,Gorosu,1000.0,1000.0
10.09.2019,Gampaha,C-5,1800.0,1800.0
10.09.2019,Gampaha,C-4,1500.0,1475.0
10.09.2019,Kalutara,Alba,2400.0,2366.0
10.09.2019,Kalutara,C-5 Sp,2000.0,2000.0
10.09.2019,Kalutara,C-5,1950.0,1917.0
10.09.2019,Kalutara,C-4,1800.0,1767.0
10.09.2019,Kurunegala,Gorosu,1000.0,833.0
10.09.2019,Kalutara,M-5,1300.0,1284.0
17.09.2019,Galle,H-2,1450.0,1420.0
17.09.2019,Galle,H-1,1480.0,1460.0
17.09.2019,Galle,C-4,1750.0,1725.0
17.09.2019,Galle,C-5,1780.0,1765.0
17.09.2019,Kalutara,H-2,1000.0,1000.0
17.09.2019,Galle,Alba,2600.0,2475.0
17.09.2019,Monaragala,Gorosu,1500.0,1325.0
17.09.2019,Matara,Alba,2300.0,2262.0
17.09.2019,Galle,C-5 Sp,2050.0,1995.0
17.09.2019,Matara,C-5 Sp,2100.0,1933.0
17.09.2019,Hambantota,H-1,1500.0,1500.0
17.09.2019,Matara,C-4,1700.0,1670.0
17.09.2019,Matara,M-5,1650.0,1633.0
17.09.2019,Matara,M-4,1600.0,1583.0
17.09.2019,Matara,H-1,1500.0,1475.0
17.09.2019,Matara,H-2,1450.0,1392.0
17.09.2019,Matara,H-Faq,1250.0,1110.0
17.09.2019,Hambantota,C-5,1800.0,1775.0
17.09.2019,Hambantota,C-4,1750.0,1725.0
17.09.2019,Hambantota,H-2,1450.0,1450.0
17.09.2019,Kalutara,M-4,1200.0,1183.0
17.09.2019,Matara,C-5,1800.0,1750.0
17.09.2019,Kalutara,M-5,1300.0,1284.0
17.09.2019,Kalutara,H-1,1100.0,1090.0
17.09.2019,Kalutara,C-5,1800.0,1767.0
17.09.2019,Ratnapura,Alba,2500.0,2383.0
17.09.2019,Ratnapura,C-5 Sp,2200.0,2150.0
17.09.2019,Ratnapura,C-5,2000.0,1966.0
17.09.2019,Ratnapura,C-4,1750.0,1716.0
17.09.2019,Ratnapura,M-5,1550.0,1516.0
17.09.2019,Ratnapura,M-4,1550.0,1516.0
17.09.2019,Ratnapura,H-1,1300.0,1150.0
17.09.2019,Ratnapura,H-2,1100.0,950.0
17.09.2019,Badulla,Heen,2000.0,1633.0
17.09.2019,Badulla,Gorosu,1500.0,1191.0
17.09.2019,Kurunegala,Heen,1800.0,1500.0
17.09.2019,Kalutara,C-4,1600.0,1583.0
17.09.2019,Colombo,C-5 Sp,2100.0,2100.0
17.09.2019,Colombo,C-5,2000.0,2000.0
17.09.2019,Colombo,C-4,1800.0,1800.0
17.09.2019,Colombo,H-1,1650.0,1650.0
17.09.2019,Colombo,H-2,1500.0,1500.0
17.09.2019,Gampaha,C-5,2000.0,2000.0
17.09.2019,Gampaha,C-4,1600.0,1475.0
17.09.2019,Gampaha,Gorosu,1100.0,975.0
17.09.2019,Kalutara,Alba,2300.0,2283.0
17.09.2019,Kalutara,C-5 Sp,2000.0,2000.0
17.09.2019,Kurunegala,Gorosu,1000.0,833.0
24.09.2019,Matara,Alba,2400.0,2300.0
24.09.2019,Galle,H-2,1450.0,1420.0
24.09.2019,Galle,H-1,1480.0,1460.0
24.09.2019,Galle,C-4,1750.0,1725.0
24.09.2019,Kalutara,H-1,1050.0,1010.0
24.09.2019,Galle,Alba,2600.0,2475.0
24.09.2019,Kalutara,H-2,1000.0,1000.0
24.09.2019,Matara,C-5 Sp,2000.0,1950.0
24.09.2019,Galle,C-5 Sp,2050.0,1995.0
24.09.2019,Matara,C-5,1850.0,1825.0
24.09.2019,Matara,H-2,1450.0,1400.0
24.09.2019,Matara,M-5,1700.0,1700.0
24.09.2019,Matara,M-4,1600.0,1600.0
24.09.2019,Matara,H-1,1550.0,1500.0
24.09.2019,Kalutara,M-4,1200.0,1183.0
24.09.2019,Matara,H-Faq,1300.0,1140.0
24.09.2019,Hambantota,C-5,1750.0,1750.0
24.09.2019,Hambantota,C-4,1700.0,1700.0
24.09.2019,Hambantota,H-1,1450.0,1450.0
24.09.2019,Hambantota,H-2,1400.0,1400.0
24.09.2019,Monaragala,Gorosu,1300.0,1250.0
24.09.2019,Matara,C-4,1750.0,1717.0
24.09.2019,Kalutara,M-5,1300.0,1284.0
24.09.2019,Galle,C-5,1780.0,1765.0
24.09.2019,Kalutara,C-5,1800.0,1767.0
24.09.2019,Ratnapura,Alba,2250.0,2216.0
24.09.2019,Ratnapura,C-5 Sp,2000.0,2000.0
24.09.2019,Ratnapura,C-5,1900.0,1900.0
24.09.2019,Ratnapura,C-4,1700.0,1650.0
24.09.2019,Ratnapura,M-5,1550.0,1516.0
24.09.2019,Ratnapura,M-4,1550.0,1516.0
24.09.2019,Ratnapura,H-1,1100.0,1066.0
24.09.2019,Ratnapura,H-2,1000.0,950.0
24.09.2019,Badulla,Heen,2000.0,1600.0
24.09.2019,Badulla,Gorosu,1500.0,1191.0
24.09.2019,Kurunegala,Heen,1600.0,1367.0
24.09.2019,Kalutara,C-4,1600.0,1583.0
24.09.2019,Colombo,C-5 Sp,2100.0,2100.0
24.09.2019,Colombo,C-5,2000.0,2000.0
24.09.2019,Colombo,C-4,1800.0,1800.0
24.09.2019,Colombo,H-1,1650.0,1650.0
24.09.2019,Colombo,H-2,1500.0,1500.0
24.09.2019,Gampaha,C-5,2000.0,2000.0
24.09.2019,Gampaha,C-4,1500.0,1400.0
24.09.2019,Gampaha,Gorosu,1000.0,925.0
24.09.2019,Kalutara,Alba,2300.0,2283.0
24.09.2019,Kalutara,C-5 Sp,2000.0,2000.0
24.09.2019,Kurunegala,Gorosu,900.0,800.0
01.10.2019,Galle,H-2,1450.0,1425.0
01.10.2019,Galle,H-1,1470.0,1460.0
01.10.2019,Galle,C-4,1750.0,1740.0
01.10.2019,Galle,C-5,1800.0,1775.0
01.10.2019,Kalutara,M-4,1200.0,1183.0
01.10.2019,Galle,Alba,2500.0,2450.0
01.10.2019,Kalutara,H-2,1000.0,1000.0
01.10.2019,Kalutara,H-1,1050.0,1010.0
01.10.2019,Matara,Alba,2300.0,2250.0
01.10.2019,Galle,C-5 Sp,2000.0,1950.0
01.10.2019,Matara,C-5 Sp,2000.0,1933.0
01.10.2019,Matara,H-1,1500.0,1464.0
01.10.2019,Matara,C-4,1750.0,1725.0
01.10.2019,Matara,M-5,1650.0,1650.0
01.10.2019,Matara,M-4,1600.0,1583.0
01.10.2019,Matara,H-2,1400.0,1342.0
01.10.2019,Matara,H-Faq,1200.0,1200.0
01.10.2019,Hambantota,C-5,1800.0,1750.0
01.10.2019,Hambantota,C-4,1700.0,1675.0
01.10.2019,Hambantota,H-1,1400.0,1400.0
01.10.2019,Hambantota,H-2,1300.0,1300.0
01.10.2019,Kalutara,M-5,1300.0,1284.0
01.10.2019,Matara,C-5,1850.0,1800.0
01.10.2019,Monaragala,Gorosu,1500.0,1340.0
01.10.2019,Kalutara,C-4,1600.0,1583.0
01.10.2019,Kalutara,C-5 Sp,2000.0,2000.0
01.10.2019,Ratnapura,Alba,2200.0,2200.0
01.10.2019,Ratnapura,C-5 Sp,2100.0,2066.0
01.10.2019,Ratnapura,C-5,1950.0,1916.0
01.10.2019,Ratnapura,C-4,1750.0,1706.0
01.10.2019,Ratnapura,M-5,1500.0,1450.0
01.10.2019,Ratnapura,M-4,1500.0,1450.0
01.10.2019,Ratnapura,H-1,1200.0,1166.0
01.10.2019,Ratnapura,H-2,900.0,850.0
01.10.2019,Badulla,Heen,1900.0,1575.0
01.10.2019,Badulla,Gorosu,1400.0,1166.0
01.10.2019,Kalutara,C-5,1800.0,1767.0
01.10.2019,Kurunegala,Gorosu,900.0,733.0
01.10.2019,Colombo,C-5 Sp,2100.0,2100.0
01.10.2019,Colombo,C-5,2000.0,2000.0
01.10.2019,Colombo,C-4,1800.0,1800.0
01.10.2019,Colombo,H-1,1600.0,1600.0
01.10.2019,Colombo,H-2,1550.0,1550.0
01.10.2019,Gampaha,C-5,2000.0,2000.0
01.10.2019,Gampaha,C-4,1500.0,1400.0
01.10.2019,Gampaha,Gorosu,1000.0,875.0
01.10.2019,Kalutara,Alba,2300.0,2283.0
01.10.2019,Kurunegala,Heen,1600.0,1300.0
08.10.2019,Galle,H-2,1450.0,1425.0
08.10.2019,Galle,H-1,1470.0,1460.0
08.10.2019,Galle,C-4,1750.0,1740.0
08.10.2019,Galle,C-5,1800.0,1775.0
08.10.2019,Kalutara,M-4,1200.0,1183.0
08.10.2019,Galle,Alba,2500.0,2475.0
08.10.2019,Kalutara,H-2,1000.0,1000.0
08.10.2019,Kalutara,H-1,1070.0,1010.0
08.10.2019,Matara,Alba,2300.0,2275.0
08.10.2019,Galle,C-5 Sp,2100.0,1950.0
08.10.2019,Matara,C-5 Sp,2000.0,2000.0
08.10.2019,Matara,H-1,1500.0,1456.0
08.10.2019,Matara,C-4,1750.0,1708.0
08.10.2019,Matara,M-5,1650.0,1633.0
08.10.2019,Matara,M-4,1600.0,1550.0
08.10.2019,Matara,H-2,1400.0,1354.0
08.10.2019,Matara,H-Faq,1300.0,1160.0
08.10.2019,Hambantota,C-5,1800.0,1775.0
08.10.2019,Hambantota,C-4,1700.0,1675.0
08.10.2019,Hambantota,H-1,1450.0,1425.0
08.10.2019,Kalutara,M-5,1300.0,1284.0
08.10.2019,Monaragala,Gorosu,1500.0,1360.0
08.10.2019,Matara,C-5,1850.0,1800.0
08.10.2019,Hambantota,H-2,1400.0,1375.0
08.10.2019,Kalutara,C-4,1600.0,1583.0
08.10.2019,Kalutara,C-5 Sp,2000.0,2000.0
08.10.2019,Kalutara,C-5,1800.0,1767.0
08.10.2019,Ratnapura,Alba,2200.0,2200.0
08.10.2019,Ratnapura,C-5 Sp,2050.0,2033.0
08.10.2019,Ratnapura,C-5,1950.0,1916.0
08.10.2019,Ratnapura,C-4,1800.0,1750.0
08.10.2019,Ratnapura,M-5,1650.0,1633.0
08.10.2019,Ratnapura,H-1,1200.0,1150.0
08.10.2019,Ratnapura,H-2,900.0,850.0
08.10.2019,Badulla,Heen,2000.0,1600.0
08.10.2019,Badulla,Gorosu,1500.0,1191.0
08.10.2019,Ratnapura,M-4,1650.0,1633.0
08.10.2019,Kurunegala,Gorosu,800.0,683.0
08.10.2019,Kurunegala,Heen,1500.0,1200.0
08.10.2019,Gampaha,Gorosu,1200.0,1000.0
08.10.2019,Gampaha,C-4,1500.0,1450.0
08.10.2019,Gampaha,C-5,1800.0,1800.0
08.10.2019,Colombo,H-2,1400.0,1400.0
08.10.2019,Kalutara,Alba,2300.0,2283.0
08.10.2019,Colombo,C-4,1800.0,1800.0
08.10.2019,Colombo,C-5,1900.0,1900.0
08.10.2019,Colombo,C-5 Sp,2000.0,2000.0
08.10.2019,Colombo,H-1,1500.0,1500.0
15.10.2019,Matara,Alba,2300.0,2275.0
15.10.2019,Kalutara,H-1,1070.0,1010.0
15.10.2019,Monaragala,Gorosu,1500.0,1360.0
15.10.2019,Galle,Alba,2500.0,2475.0
15.10.2019,Galle,C-5 Sp,2100.0,1950.0
15.10.2019,Galle,C-5,1800.0,1775.0
15.10.2019,Galle,C-4,1750.0,1740.0
15.10.2019,Galle,H-1,1480.0,1465.0
15.10.2019,Galle,H-2,1450.0,1425.0
15.10.2019,Matara,C-5 Sp,2100.0,2033.0
15.10.2019,Kalutara,M-4,1200.0,1183.0
15.10.2019,Matara,C-4,1750.0,1700.0
15.10.2019,Matara,M-5,1700.0,1650.0
15.10.2019,Matara,M-4,1650.0,1583.0
15.10.2019,Matara,H-1,1550.0,1480.0
15.10.2019,Matara,H-2,1450.0,1400.0
15.10.2019,Matara,H-Faq,1300.0,1225.0
15.10.2019,Hambantota,C-5,1800.0,1775.0
15.10.2019,Hambantota,C-4,1700.0,1700.0
15.10.2019,Hambantota,H-1,1500.0,1475.0
15.10.2019,Hambantota,H-2,1400.0,1400.0
15.10.2019,Matara,C-5,2000.0,1838.0
15.10.2019,Kalutara,M-5,1300.0,1284.0
15.10.2019,Kalutara,H-2,1000.0,1000.0
15.10.2019,Kalutara,C-5,1800.0,1767.0
15.10.2019,Ratnapura,Alba,2200.0,2150.0
15.10.2019,Ratnapura,C-5 Sp,2000.0,1933.0
15.10.2019,Ratnapura,C-5,1900.0,1800.0
15.10.2019,Ratnapura,C-4,1650.0,1633.0
15.10.2019,Ratnapura,M-5,1650.0,1616.0
15.10.2019,Ratnapura,M-4,1650.0,1616.0
15.10.2019,Ratnapura,H-1,1200.0,1150.0
15.10.2019,Ratnapura,H-2,1000.0,1000.0
15.10.2019,Badulla,Heen,2000.0,1600.0
15.10.2019,Badulla,Gorosu,1500.0,1158.0
15.10.2019,Kurunegala,Heen,1700.0,1333.0
15.10.2019,Kalutara,C-4,1600.0,1583.0
15.10.2019,Colombo,C-5 Sp,2250.0,2250.0
15.10.2019,Colombo,C-5,2175.0,2175.0
15.10.2019,Colombo,C-4,1800.0,1800.0
15.10.2019,Colombo,H-1,1600.0,1600.0
15.10.2019,Colombo,H-2,1450.0,1450.0
15.10.2019,Gampaha,C-5,1800.0,1800.0
15.10.2019,Gampaha,C-4,1500.0,1475.0
15.10.2019,Gampaha,Gorosu,1000.0,950.0
15.10.2019,Kalutara,Alba,2300.0,2283.0
15.10.2019,Kalutara,C-5 Sp,2000.0,2000.0
15.10.2019,Kurunegala,Gorosu,900.0,750.0
22.10.2019,Matara,Alba,2400.0,2313.0
22.10.2019,Galle,H-2,1480.0,1458.0
22.10.2019,Galle,H-1,1550.0,1525.0
22.10.2019,Galle,C-4,1750.0,1725.0
22.10.2019,Kalutara,H-1,1200.0,1165.0
22.10.2019,Galle,C-5 Sp,2100.0,2075.0
22.10.2019,Galle,Alba,2400.0,2350.0
22.10.2019,Kalutara,H-2,1000.0,1000.0
22.10.2019,Matara,C-5 Sp,2100.0,2033.0
22.10.2019,Galle,C-5,1800.0,1775.0
22.10.2019,Matara,C-5,1900.0,1844.0
22.10.2019,Matara,H-2,1450.0,1362.0
22.10.2019,Matara,M-5,1750.0,1700.0
22.10.2019,Matara,M-4,1600.0,1583.0
22.10.2019,Matara,H-1,1500.0,1463.0
22.10.2019,Matara,H-Faq,1300.0,1188.0
22.10.2019,Hambantota,C-5,1850.0,1800.0
22.10.2019,Hambantota,C-4,1700.0,1700.0
22.10.2019,Hambantota,H-1,1500.0,1475.0
22.10.2019,Hambantota,H-2,1400.0,1400.0
22.10.2019,Monaragala,Gorosu,1500.0,1325.0
22.10.2019,Kalutara,M-4,1400.0,1383.0
22.10.2019,Matara,C-4,1800.0,1735.0
22.10.2019,Kalutara,M-5,1500.0,1467.0
22.10.2019,Kalutara,C-4,1600.0,1583.0
22.10.2019,Kalutara,C-5,1800.0,1767.0
22.10.2019,Ratnapura,Alba,2300.0,2266.0
22.10.2019,Ratnapura,C-5 Sp,2100.0,2033.0
22.10.2019,Ratnapura,C-5,1900.0,1866.0
22.10.2019,Ratnapura,C-4,1700.0,1600.0
22.10.2019,Ratnapura,M-5,1550.0,1516.0
22.10.2019,Ratnapura,M-4,1550.0,1516.0
22.10.2019,Ratnapura,H-2,1000.0,916.0
22.10.2019,Badulla,Heen,1800.0,1525.0
22.10.2019,Badulla,Gorosu,1500.0,1166.0
22.10.2019,Kurunegala,Heen,2000.0,1533.0
22.10.2019,Ratnapura,H-1,1200.0,1100.0
22.10.2019,Colombo,C-5 Sp,2200.0,2200.0
22.10.2019,Kurunegala,Gorosu,1000.0,833.0
22.10.2019,Kalutara,Alba,2300.0,2283.0
22.10.2019,Gampaha,Gorosu,1000.0,975.0
22.10.2019,Gampaha,C-4,1500.0,1425.0
22.10.2019,Gampaha,C-5,1800.0,1800.0
22.10.2019,Kalutara,C-5 Sp,2000.0,2000.0
22.10.2019,Colombo,H-1,1500.0,1500.0
22.10.2019,Colombo,C-4,1900.0,1900.0
22.10.2019,Colombo,C-5,2000.0,2000.0
22.10.2019,Colombo,H-2,1450.0,1450.0
29.10.2019,Matara,C-5 Sp,2200.0,2067.0
29.10.2019,Kalutara,H-1,1200.0,1165.0
29.10.2019,Kalutara,H-2,1000.0,1000.0
29.10.2019,Galle,Alba,2400.0,2350.0
29.10.2019,Galle,C-5 Sp,2100.0,2075.0
29.10.2019,Galle,C-5,1800.0,1775.0
29.10.2019,Galle,C-4,1750.0,1725.0
29.10.2019,Galle,H-1,1550.0,1525.0
29.10.2019,Galle,H-2,1480.0,1458.0
29.10.2019,Matara,Alba,2400.0,2325.0
29.10.2019,Matara,C-5,2000.0,1860.0
29.10.2019,Monaragala,Gorosu,1500.0,1380.0
29.10.2019,Matara,M-5,1700.0,1688.0
29.10.2019,Matara,M-4,1650.0,1613.0
29.10.2019,Matara,H-1,1550.0,1510.0
29.10.2019,Matara,H-2,1500.0,1417.0
29.10.2019,Matara,H-Faq,1400.0,1230.0
29.10.2019,Hambantota,C-5,1800.0,1800.0
29.10.2019,Hambantota,C-4,1750.0,1725.0
29.10.2019,Hambantota,H-1,1500.0,1450.0
29.10.2019,Hambantota,H-2,1450.0,1425.0
29.10.2019,Kalutara,M-4,1400.0,1383.0
29.10.2019,Matara,C-4,1800.0,1750.0
29.10.2019,Kalutara,M-5,1500.0,1467.0
29.10.2019,Kalutara,C-4,1600.0,1583.0
29.10.2019,Kalutara,C-5,1800.0,1767.0
29.10.2019,Ratnapura,C-5 Sp,2200.0,2183.0
29.10.2019,Ratnapura,C-5,1900.0,1883.0
29.10.2019,Ratnapura,C-4,1700.0,1650.0
29.10.2019,Ratnapura,M-5,1650.0,1616.0
29.10.2019,Ratnapura,M-4,1650.0,1616.0
29.10.2019,Ratnapura,H-1,1300.0,1300.0
29.10.2019,Ratnapura,H-2,1150.0,1166.0
29.10.2019,Badulla,Heen,1800.0,1525.0
29.10.2019,Badulla,Gorosu,1500.0,1183.0
29.10.2019,Kurunegala,Heen,1600.0,1267.0
29.10.2019,Ratnapura,Alba,2400.0,2350.0
29.10.2019,Colombo,C-5 Sp,2200.0,2200.0
29.10.2019,Colombo,C-5,2000.0,2000.0
29.10.2019,Colombo,C-4,1800.0,1800.0
29.10.2019,Colombo,H-1,1500.0,1500.0
29.10.2019,Colombo,H-2,1400.0,1400.0
29.10.2019,Gampaha,C-5,2000.0,2000.0
29.10.2019,Gampaha,C-4,1600.0,1500.0
29.10.2019,Gampaha,Gorosu,1000.0,925.0
29.10.2019,Kalutara,Alba,2300.0,2283.0
29.10.2019,Kalutara,C-5 Sp,2000.0,2000.0
29.10.2019,Kurunegala,Gorosu,800.0,700.0
11.11.2019,Matara,Alba,2400.0,2363.0
11.11.2019,Galle,H-2,1450.0,1425.0
11.11.2019,Galle,H-1,1550.0,1525.0
11.11.2019,Kalutara,H-2,1100.0,1066.0
11.11.2019,Galle,C-5,1800.0,1775.0
11.11.2019,Galle,C-5 Sp,2100.0,2050.0
11.11.2019,Galle,Alba,2400.0,2350.0
11.11.2019,Matara,C-5 Sp,2100.0,2050.0
11.11.2019,Galle,C-4,1750.0,1725.0
11.11.2019,Matara,C-5,2000.0,1875.0
11.11.2019,Matara,H-Faq,1400.0,1267.0
11.11.2019,Matara,M-5,1750.0,1683.0
11.11.2019,Matara,M-4,1650.0,1617.0
11.11.2019,Matara,H-1,1600.0,1520.0
11.11.2019,Matara,H-2,1500.0,1461.0
11.11.2019,Hambantota,C-5,1800.0,1790.0
11.11.2019,Hambantota,C-4,1750.0,1725.0
11.11.2019,Hambantota,H-1,1500.0,1500.0
11.11.2019,Hambantota,H-2,1450.0,1425.0
11.11.2019,Monaragala,Gorosu,1500.0,1400.0
11.11.2019,Kalutara,H-1,1200.0,1165.0
11.11.2019,Matara,C-4,1800.0,1733.0
11.11.2019,Kalutara,M-4,1400.0,1383.0
11.11.2019,Kalutara,M-5,1500.0,1467.0
11.11.2019,Ratnapura,Alba,2500.0,2466.0
11.11.2019,Kalutara,C-4,1600.0,1583.0
11.11.2019,Ratnapura,C-5 Sp,2200.0,2183.0
11.11.2019,Ratnapura,C-5,2100.0,2050.0
11.11.2019,Ratnapura,C-4,1850.0,1816.0
11.11.2019,Ratnapura,M-5,1650.0,1583.0
11.11.2019,Ratnapura,M-4,1650.0,1583.0
11.11.2019,Ratnapura,H-2,1200.0,1150.0
11.11.2019,Badulla,Heen,1800.0,1583.0
11.11.2019,Badulla,Gorosu,1500.0,1233.0
11.11.2019,Colombo,C-5 Sp,2200.0,2200.0
11.11.2019,Colombo,C-5,2000.0,2000.0
11.11.2019,Ratnapura,H-1,1400.0,1350.0
11.11.2019,Colombo,H-1,1600.0,1600.0
11.11.2019,Colombo,C-4,1900.0,1900.0
11.11.2019,Kalutara,C-5 Sp,2000.0,2000.0
11.11.2019,Kalutara,Alba,2300.0,2283.0
11.11.2019,Gampaha,Gorosu,1000.0,950.0
11.11.2019,Gampaha,C-4,1500.0,1500.0
11.11.2019,Kalutara,C-5,1800.0,1767.0
11.11.2019,Colombo,Gorosu,800.0,700.0
11.11.2019,Colombo,Heen,1600.0,1267.0
11.11.2019,Colombo,H-2,1550.0,1550.0
11.11.2019,Gampaha,C-5,1800.0,1800.0
19.11.2019,Matara,C-5 Sp,2100.0,2050.0
19.11.2019,Kalutara,H-1,1200.0,1165.0
19.11.2019,Kalutara,H-2,1100.0,1066.0
19.11.2019,Galle,Alba,2450.0,2400.0
19.11.2019,Galle,C-5 Sp,2100.0,2050.0
19.11.2019,Galle,C-5,1900.0,1900.0
19.11.2019,Galle,C-4,1800.0,1790.0
19.11.2019,Galle,H-1,1580.0,1560.0
19.11.2019,Galle,H-2,1540.0,1520.0
19.11.2019,Matara,Alba,2400.0,2375.0
19.11.2019,Matara,C-5,1900.0,1850.0
19.11.2019,Kalutara,M-4,1400.0,1383.0
19.11.2019,Matara,M-5,1750.0,1700.0
19.11.2019,Matara,M-4,1650.0,1617.0
19.11.2019,Matara,H-1,1550.0,1534.0
19.11.2019,Matara,H-2,1500.0,1436.0
19.11.2019,Matara,H-Faq,1350.0,1288.0
19.11.2019,Hambantota,C-5,1800.0,1800.0
19.11.2019,Hambantota,C-4,1750.0,1725.0
19.11.2019,Hambantota,H-1,1500.0,1500.0
19.11.2019,Hambantota,H-2,1450.0,1450.0
19.11.2019,Monaragala,Gorosu,1500.0,1425.0
19.11.2019,Matara,C-4,1800.0,1740.0
19.11.2019,Kalutara,M-5,1500.0,1467.0
19.11.2019,Kalutara,C-5 Sp,2000.0,2000.0
19.11.2019,Kalutara,C-5,1800.0,1767.0
19.11.2019,Ratnapura,Alba,2500.0,2416.0
19.11.2019,Ratnapura,C-5,2150.0,2083.0
19.11.2019,Ratnapura,C-4,1800.0,1733.0
19.11.2019,Ratnapura,M-5,1600.0,1550.0
19.11.2019,Ratnapura,M-4,1600.0,1550.0
19.11.2019,Ratnapura,H-1,1300.0,1233.0
19.11.2019,Ratnapura,H-2,1050.0,950.0
19.11.2019,Badulla,Heen,1800.0,1550.0
19.11.2019,Badulla,Gorosu,1400.0,1108.0
19.11.2019,Kurunegala,Heen,1650.0,1217.0
19.11.2019,Ratnapura,C-5 Sp,2250.0,2216.0
19.11.2019,Colombo,C-5 Sp,2100.0,2100.0
19.11.2019,Colombo,C-5,2000.0,2000.0
19.11.2019,Colombo,C-4,1800.0,1800.0
19.11.2019,Colombo,H-1,1550.0,1550.0
19.11.2019,Colombo,H-2,1500.0,1500.0
19.11.2019,Gampaha,C-5,1900.0,1900.0
19.11.2019,Gampaha,C-4,1500.0,1450.0
19.11.2019,Gampaha,Gorosu,1000.0,975.0
19.11.2019,Kalutara,Alba,2300.0,2283.0
19.11.2019,Kalutara,C-4,1600.0,1583.0
19.11.2019,Kurunegala,Gorosu,800.0,667.0
26.11.2019,Matara,C-5 Sp,2100.0,2067.0
26.11.2019,Matara,Alba,2400.0,2375.0
26.11.2019,Galle,H-2,1540.0,1520.0
26.11.2019,Galle,C-5 Sp,2100.0,2050.0
26.11.2019,Galle,C-4,1800.0,1790.0
26.11.2019,Galle,C-5,1900.0,1900.0
26.11.2019,Matara,C-5,2000.0,1917.0
26.11.2019,Galle,H-1,1580.0,1560.0
26.11.2019,Matara,C-4,1800.0,1780.0
26.11.2019,Hambantota,C-5,1850.0,1840.0
26.11.2019,Matara,M-4,1650.0,1633.0
26.11.2019,Matara,H-1,1600.0,1563.0
26.11.2019,Matara,H-2,1520.0,1503.0
26.11.2019,Matara,H-Faq,1400.0,1263.0
26.11.2019,Hambantota,C-4,1800.0,1800.0
26.11.2019,Hambantota,H-1,1550.0,1540.0
26.11.2019,Hambantota,H-2,1500.0,1500.0
26.11.2019,Monaragala,Gorosu,1500.0,1400.0
26.11.2019,Galle,Alba,2450.0,2400.0
26.11.2019,Matara,M-5,1750.0,1700.0
26.11.2019,Kalutara,H-2,1100.0,1066.0
26.11.2019,Kalutara,H-1,1200.0,1165.0
26.11.2019,Kalutara,M-4,1400.0,1383.0
26.11.2019,Ratnapura,Alba,2500.0,2466.0
26.11.2019,Ratnapura,C-5 Sp,2300.0,2283.0
26.11.2019,Ratnapura,C-5,2100.0,2000.0
26.11.2019,Ratnapura,C-4,1900.0,1866.0
26.11.2019,Ratnapura,M-5,1600.0,1583.0
26.11.2019,Ratnapura,H-1,1500.0,1450.0
26.11.2019,Ratnapura,H-2,1200.0,1160.0
26.11.2019,Badulla,Heen,1800.0,1550.0
26.11.2019,Badulla,Gorosu,1500.0,1200.0
26.11.2019,Ratnapura,M-4,1600.0,1583.0
26.11.2019,Kurunegala,Gorosu,800.0,667.0
26.11.2019,Kurunegala,Heen,1600.0,1200.0
26.11.2019,Kalutara,C-4,1600.0,1583.0
26.11.2019,Kalutara,C-5,1800.0,1767.0
26.11.2019,Kalutara,C-5 Sp,2000.0,2000.0
26.11.2019,Kalutara,M-5,1500.0,1467.0
26.11.2019,Gampaha,Gorosu,1500.0,1175.0
26.11.2019,Gampaha,C-4,1700.0,1525.0
26.11.2019,Gampaha,C-5,2000.0,2000.0
26.11.2019,Kalutara,Alba,2300.0,2283.0
03.12.2019,Matara,Alba,2500.0,2438.0
03.12.2019,Monaragala,Gorosu,1500.0,1350.0
03.12.2019,Kalutara,H-2,1300.0,1265.0
03.12.2019,Galle,Alba,2600.0,2500.0
03.12.2019,Galle,C-5 Sp,2100.0,2100.0
03.12.2019,Galle,C-5,1900.0,1880.0
03.12.2019,Galle,C-4,1800.0,1790.0
03.12.2019,Galle,H-1,1600.0,1580.0
03.12.2019,Galle,H-2,1550.0,1540.0
03.12.2019,Matara,C-5 Sp,2200.0,2133.0
03.12.2019,Hambantota,H-2,1500.0,1500.0
03.12.2019,Matara,C-4,1850.0,1800.0
03.12.2019,Matara,M-5,1800.0,1717.0
03.12.2019,Matara,M-4,1650.0,1625.0
03.12.2019,Matara,H-1,1600.0,1584.0
03.12.2019,Matara,H-2,1550.0,1503.0
03.12.2019,Matara,H-Faq,1400.0,1240.0
03.12.2019,Hambantota,C-5,1900.0,1875.0
03.12.2019,Hambantota,C-4,1850.0,1825.0
03.12.2019,Hambantota,H-1,1580.0,1565.0
03.12.2019,Kalutara,M-4,1550.0,1533.0
03.12.2019,Matara,C-5,2000.0,1874.0
03.12.2019,Kalutara,M-5,1600.0,1592.0
03.12.2019,Kalutara,H-1,1400.0,1367.0
03.12.2019,Kalutara,C-5,2000.0,1983.0
03.12.2019,Ratnapura,Alba,2550.0,2516.0
03.12.2019,Ratnapura,C-5 Sp,2400.0,2380.0
03.12.2019,Ratnapura,C-5,2200.0,2150.0
03.12.2019,Ratnapura,C-4,1850.0,1816.0
03.12.2019,Ratnapura,M-5,1650.0,1616.0
03.12.2019,Ratnapura,M-4,1650.0,1616.0
03.12.2019,Ratnapura,H-1,1450.0,1400.0
03.12.2019,Ratnapura,H-2,1200.0,1150.0
03.12.2019,Badulla,Heen,2000.0,1566.0
03.12.2019,Badulla,Gorosu,1500.0,1133.0
03.12.2019,Kurunegala,Heen,1500.0,1167.0
03.12.2019,Kalutara,C-4,1700.0,1694.0
03.12.2019,Colombo,C-5 Sp,2300.0,2300.0
03.12.2019,Colombo,C-5,2000.0,2000.0
03.12.2019,Colombo,C-4,1850.0,1850.0
03.12.2019,Colombo,H-1,1700.0,1700.0
03.12.2019,Colombo,H-2,1500.0,1500.0
03.12.2019,Gampaha,C-5,2000.0,2000.0
03.12.2019,Gampaha,C-4,1800.0,1650.0
03.12.2019,Gampaha,Gorosu,1500.0,1175.0
03.12.2019,Kalutara,Alba,2500.0,2483.0
03.12.2019,Kalutara,C-5 Sp,2200.0,2167.0
03.12.2019,Kurunegala,Gorosu,700.0,633.0
09.12.2019,Galle,H-2,1550.0,1540.0
09.12.2019,Galle,H-1,1600.0,1580.0
09.12.2019,Galle,C-4,1800.0,1790.0
09.12.2019,Galle,C-5,1900.0,1870.0
09.12.2019,Kalutara,M-4,1600.0,1583.0
09.12.2019,Galle,Alba,2600.0,2500.0
09.12.2019,Kalutara,H-2,1300.0,1265.0
09.12.2019,Kalutara,H-1,1500.0,1467.0
09.12.2019,Matara,Alba,2500.0,2462.0
09.12.2019,Galle,C-5 Sp,2100.0,2100.0
09.12.2019,Matara,C-5 Sp,2250.0,2150.0
09.12.2019,Matara,H-1,1600.0,1586.0
09.12.2019,Matara,C-4,1850.0,1825.0
09.12.2019,Matara,M-5,1800.0,1733.0
09.12.2019,Matara,M-4,1700.0,1650.0
09.12.2019,Matara,H-2,1550.0,1520.0
09.12.2019,Matara,H-Faq,1400.0,1230.0
09.12.2019,Hambantota,C-5,1950.0,1900.0
09.12.2019,Hambantota,C-4,1900.0,1850.0
09.12.2019,Hambantota,H-1,1600.0,1600.0
09.12.2019,Hambantota,H-2,1550.0,1525.0
09.12.2019,Kalutara,M-5,1650.0,1633.0
09.12.2019,Matara,C-5,2100.0,1938.0
09.12.2019,Monaragala,Gorosu,1500.0,1425.0
09.12.2019,Kalutara,C-4,1700.0,1694.0
09.12.2019,Kalutara,C-5 Sp,2200.0,2167.0
09.12.2019,Kalutara,C-5,2000.0,1983.0
09.12.2019,Ratnapura,Alba,2600.0,2550.0
09.12.2019,Ratnapura,C-5 Sp,2400.0,2350.0
09.12.2019,Ratnapura,C-5,2300.0,2250.0
09.12.2019,Ratnapura,C-4,2000.0,1916.0
09.12.2019,Ratnapura,M-5,1650.0,1616.0
09.12.2019,Ratnapura,H-1,1300.0,1250.0
09.12.2019,Ratnapura,H-2,1100.0,1050.0
09.12.2019,Badulla,Heen,2000.0,1600.0
09.12.2019,Badulla,Gorosu,1500.0,1191.0
09.12.2019,Ratnapura,M-4,1650.0,1616.0
09.12.2019,Kurunegala,Gorosu,1000.0,867.0
09.12.2019,Colombo,C-5 Sp,2300.0,2300.0
09.12.2019,Colombo,C-5,2000.0,2000.0
09.12.2019,Colombo,C-4,1800.0,1800.0
09.12.2019,Colombo,H-1,1600.0,1600.0
09.12.2019,Colombo,H-2,1500.0,1500.0
09.12.2019,Gampaha,C-5,2000.0,2000.0
09.12.2019,Gampaha,C-4,1500.0,1475.0
09.12.2019,Gampaha,Gorosu,1200.0,1050.0
09.12.2019,Kurunegala,Heen,2000.0,1400.0
09.12.2019,Kalutara,Alba,2500.0,2483.0
17.12.2019,Matara,Alba,2600.0,2500.0
17.12.2019,Galle,H-2,1550.0,1525.0
17.12.2019,Galle,H-1,1600.0,1580.0
17.12.2019,Galle,C-4,1850.0,1825.0
17.12.2019,Kalutara,H-1,1500.0,1467.0
17.12.2019,Galle,C-5 Sp,2100.0,2100.0
17.12.2019,Galle,Alba,2600.0,2500.0
17.12.2019,Kalutara,H-2,1350.0,1333.0
17.12.2019,Matara,C-5 Sp,2200.0,2200.0
17.12.2019,Galle,C-5,1950.0,1925.0
17.12.2019,Matara,C-5,2100.0,1975.0
17.12.2019,Monaragala,Gorosu,1500.0,1325.0
17.12.2019,Matara,M-5,1750.0,1717.0
17.12.2019,Matara,M-4,1650.0,1650.0
17.12.2019,Matara,H-1,1650.0,1618.0
17.12.2019,Matara,H-2,1600.0,1547.0
17.12.2019,Matara,H-Faq,1400.0,1250.0
17.12.2019,Hambantota,C-5,1950.0,1925.0
17.12.2019,Hambantota,C-4,1900.0,1850.0
17.12.2019,Hambantota,H-1,1650.0,1625.0
17.12.2019,Hambantota,H-2,1600.0,1575.0
17.12.2019,Kalutara,M-4,1600.0,1583.0
17.12.2019,Matara,C-4,1900.0,1850.0
17.12.2019,Kalutara,M-5,1650.0,1633.0
17.12.2019,Kalutara,C-4,1700.0,1694.0
17.12.2019,Kalutara,C-5,2000.0,1983.0
17.12.2019,Ratnapura,Alba,2600.0,2566.0
17.12.2019,Ratnapura,C-5 Sp,2500.0,2433.0
17.12.2019,Ratnapura,C-5,2300.0,2266.0
17.12.2019,Ratnapura,C-4,2050.0,2016.0
17.12.2019,Ratnapura,M-5,1700.0,1666.0
17.12.2019,Ratnapura,M-4,1700.0,1666.0
17.12.2019,Ratnapura,H-2,1200.0,1166.0
17.12.2019,Badulla,Heen,2000.0,1683.0
17.12.2019,Badulla,Gorosu,1500.0,1241.0
17.12.2019,Kurunegala,Heen,2000.0,1333.0
17.12.2019,Ratnapura,H-1,1350.0,1333.0
17.12.2019,Colombo,C-5 Sp,2500.0,2500.0
17.12.2019,Kurunegala,Gorosu,1000.0,733.0
17.12.2019,Kalutara,Alba,2500.0,2483.0
17.12.2019,Gampaha,Gorosu,1600.0,1300.0
17.12.2019,Gampaha,C-4,1900.0,1675.0
17.12.2019,Gampaha,C-5,2100.0,2100.0
17.12.2019,Kalutara,C-5 Sp,2200.0,2167.0
17.12.2019,Colombo,H-1,1600.0,1600.0
17.12.2019,Colombo,C-4,1800.0,1800.0
17.12.2019,Colombo,C-5,2200.0,2200.0
17.12.2019,Colombo,H-2,1500.0,1500.0
23.12.2019,Matara,C-5 Sp,2300.0,2233.0
23.12.2019,Kalutara,H-1,1500.0,1467.0
23.12.2019,Kalutara,H-2,1350.0,1334.0
23.12.2019,Galle,Alba,2600.0,2500.0
23.12.2019,Galle,C-5 Sp,2100.0,2025.0
23.12.2019,Galle,C-5,1950.0,1925.0
23.12.2019,Galle,C-4,1850.0,1825.0
23.12.2019,Galle,H-1,1650.0,1625.0
23.12.2019,Galle,H-2,1600.0,1575.0
23.12.2019,Matara,Alba,2600.0,2525.0
23.12.2019,Matara,C-5,2000.0,1950.0
23.12.2019,Monaragala,Gorosu,1500.0,1300.0
23.12.2019,Matara,M-5,1850.0,1775.0
23.12.2019,Matara,M-4,1800.0,1712.0
23.12.2019,Matara,H-1,1750.0,1650.0
23.12.2019,Matara,H-2,1650.0,1583.0
23.12.2019,Matara,H-Faq,1500.0,1320.0
23.12.2019,Hambantota,C-5,1950.0,1925.0
23.12.2019,Hambantota,C-4,1900.0,1875.0
23.12.2019,Hambantota,H-1,1650.0,1625.0
23.12.2019,Hambantota,H-2,1600.0,1575.0
23.12.2019,Kalutara,M-4,1600.0,1583.0
23.12.2019,Matara,C-4,1900.0,1840.0
23.12.2019,Kalutara,M-5,1650.0,1633.0
23.12.2019,Kalutara,C-4,1700.0,1694.0
23.12.2019,Kalutara,C-5,2000.0,1983.0
23.12.2019,Ratnapura,C-5 Sp,2450.0,2400.0
23.12.2019,Ratnapura,C-5,2300.0,2250.0
23.12.2019,Ratnapura,C-4,2050.0,2000.0
23.12.2019,Ratnapura,M-5,1650.0,1616.0
23.12.2019,Ratnapura,M-4,1650.0,1616.0
23.12.2019,Ratnapura,H-1,1300.0,1283.0
23.12.2019,Ratnapura,H-2,1150.0,1130.0
23.12.2019,Badulla,Heen,2000.0,1600.0
23.12.2019,Badulla,Gorosu,1500.0,1250.0
23.12.2019,Kurunegala,Heen,2000.0,1333.0
23.12.2019,Ratnapura,Alba,2600.0,2550.0
23.12.2019,Colombo,C-5 Sp,2500.0,2500.0
23.12.2019,Colombo,C-5,2300.0,2300.0
23.12.2019,Colombo,C-4,1950.0,1950.0
23.12.2019,Colombo,H-1,1650.0,1650.0
23.12.2019,Colombo,H-2,1600.0,1600.0
23.12.2019,Gampaha,C-5,2200.0,2200.0
23.12.2019,Gampaha,C-4,1800.0,1675.0
23.12.2019,Gampaha,Gorosu,1500.0,1375.0
23.12.2019,Kalutara,Alba,2500.0,2483.0
23.12.2019,Kalutara,C-5 Sp,2200.0,2167.0
23.12.2019,Kurunegala,Gorosu,1000.0,733.0
31.12.2019,Matara,Alba,2650.0,2525.0
31.12.2019,Galle,H-2,1600.0,1575.0
31.12.2019,Galle,H-1,1650.0,1625.0
31.12.2019,Kalutara,H-2,1350.0,1334.0
31.12.2019,Galle,C-5,1950.0,1925.0
31.12.2019,Galle,C-5 Sp,2100.0,2025.0
31.12.2019,Galle,Alba,2600.0,2500.0
31.12.2019,Matara,C-5 Sp,2300.0,2115.0
31.12.2019,Galle,C-4,1850.0,1825.0
31.12.2019,Matara,C-5,1950.0,1925.0
31.12.2019,Matara,H-Faq,1550.0,1350.0
31.12.2019,Matara,M-5,1800.0,1750.0
31.12.2019,Matara,M-4,1700.0,1700.0
31.12.2019,Matara,H-1,1650.0,1650.0
31.12.2019,Matara,H-2,1600.0,1571.0
31.12.2019,Hambantota,C-5,2000.0,1975.0
31.12.2019,Hambantota,C-4,1900.0,1900.0
31.12.2019,Hambantota,H-1,1650.0,1650.0
31.12.2019,Hambantota,H-2,1600.0,1600.0
31.12.2019,Monaragala,Gorosu,1500.0,1325.0
31.12.2019,Kalutara,H-1,1500.0,1467.0
31.12.2019,Matara,C-4,1850.0,1837.0
31.12.2019,Kalutara,M-4,1600.0,1583.0
31.12.2019,Kalutara,M-5,1650.0,1633.0
31.12.2019,Ratnapura,Alba,2600.0,2583.0
31.12.2019,Ratnapura,C-5 Sp,2450.0,2410.0
31.12.2019,Ratnapura,C-5,2250.0,2216.0
31.12.2019,Ratnapura,C-4,1850.0,1833.0
31.12.2019,Ratnapura,M-5,1600.0,1600.0
31.12.2019,Ratnapura,M-4,1600.0,1600.0
31.12.2019,Ratnapura,H-1,1500.0,1466.0
31.12.2019,Ratnapura,H-2,1250.0,1183.0
31.12.2019,Badulla,Heen,2000.0,1600.0
31.12.2019,Badulla,Gorosu,1500.0,1250.0
31.12.2019,Kurunegala,Heen,2000.0,1333.0
31.12.2019,Kurunegala,Gorosu,1000.0,733.0
31.12.2019,Kalutara,C-4,1700.0,1694.0
31.12.2019,Colombo,C-5,2250.0,2250.0
31.12.2019,Colombo,C-4,1900.0,1900.0
31.12.2019,Colombo,H-1,1600.0,1600.0
31.12.2019,Colombo,H-2,1550.0,1550.0
31.12.2019,Gampaha,C-5,2250.0,2250.0
31.12.2019,Gampaha,C-4,1900.0,1675.0
31.12.2019,Gampaha,Gorosu,1500.0,1300.0
31.12.2019,Kalutara,Alba,2500.0,2483.0
31.12.2019,Kalutara,C-5 Sp,2200.0,2167.0
31.12.2019,Kalutara,C-5,2000.0,2000.0
31.12.2019,Colombo,C-5 Sp,2400.0,2400.0
07.01.2020,Matara,Alba,2700.0,2650.0
07.01.2020,Galle,H-2,1550.0,1550.0
07.01.2020,Galle,H-1,1650.0,1625.0
07.01.2020,Galle,C-4,1950.0,1925.0
07.01.2020,Kalutara,H-1,1400.0,1368.0
07.01.2020,Galle,C-5 Sp,2500.0,2450.0
07.01.2020,Galle,Alba,2800.0,2740.0
07.01.2020,Kalutara,H-2,1300.0,1265.0
07.01.2020,Matara,C-5 Sp,2300.0,2250.0
07.01.2020,Galle,C-5,2050.0,2025.0
07.01.2020,Matara,C-5,2100.0,1990.0
07.01.2020,Matara,H-2,1650.0,1614.0
07.01.2020,Matara,M-5,1850.0,1825.0
07.01.2020,Matara,M-4,1750.0,1750.0
07.01.2020,Matara,H-1,1700.0,1690.0
07.01.2020,Matara,H-Faq,1500.0,1320.0
07.01.2020,Hambantota,C-5,2000.0,1925.0
07.01.2020,Hambantota,C-4,1920.0,1910.0
07.01.2020,Hambantota,H-1,1650.0,1650.0
07.01.2020,Hambantota,H-2,1600.0,1600.0
07.01.2020,Monaragala,Gorosu,1500.0,1325.0
07.01.2020,Kalutara,M-4,1550.0,1533.0
07.01.2020,Matara,C-4,2000.0,1933.0
07.01.2020,Kalutara,C-4,1800.0,1765.0
07.01.2020,Gampaha,C-5,2200.0,2200.0
07.01.2020,Kalutara,C-5,2000.0,1983.0
07.01.2020,Ratnapura,Alba,2600.0,2600.0
07.01.2020,Ratnapura,C-5 Sp,2500.0,2483.0
07.01.2020,Ratnapura,C-5,2300.0,2166.0
07.01.2020,Ratnapura,C-4,2150.0,2116.0
07.01.2020,Ratnapura,M-5,1650.0,1633.0
07.01.2020,Ratnapura,M-4,1650.0,1633.0
07.01.2020,Kalutara,M-5,1600.0,1585.0
07.01.2020,Ratnapura,H-2,1300.0,1250.0
07.01.2020,Badulla,Heen,2000.0,1650.0
07.01.2020,Badulla,Gorosu,1500.0,1208.0
07.01.2020,Kurunegala,Heen,2000.0,1333.0
07.01.2020,Ratnapura,H-1,1500.0,1450.0
07.01.2020,Colombo,C-5 Sp,2300.0,2300.0
07.01.2020,Colombo,C-5,2200.0,2200.0
07.01.2020,Colombo,C-4,1900.0,1900.0
07.01.2020,Colombo,H-1,1650.0,1650.0
07.01.2020,Colombo,H-2,1600.0,1600.0
07.01.2020,Gampaha,C-4,1900.0,1675.0
07.01.2020,Gampaha,Gorosu,1600.0,1400.0
07.01.2020,Kalutara,Alba,2600.0,2567.0
07.01.2020,Kalutara,C-5 Sp,2200.0,2167.0
07.01.2020,Kurunegala,Gorosu,1000.0,733.0
13.01.2020,Matara,Alba,3750.0,3663.0
13.01.2020,Galle,H-2,1650.0,1600.0
13.01.2020,Galle,H-1,1700.0,1650.0
13.01.2020,Galle,C-4,2050.0,2000.0
13.01.2020,Kalutara,H-1,1400.0,1367.0
13.01.2020,Galle,C-5 Sp,2500.0,2400.0
13.01.2020,Galle,Alba,2800.0,2750.0
13.01.2020,Kalutara,H-2,1300.0,1265.0
13.01.2020,Matara,C-5 Sp,2400.0,2300.0
13.01.2020,Galle,C-5,2100.0,2075.0
13.01.2020,Matara,C-5,2100.0,2010.0
13.01.2020,Kalutara,M-4,1550.0,1533.0
13.01.2020,Matara,M-5,1900.0,1863.0
13.01.2020,Matara,M-4,1800.0,1798.0
13.01.2020,Matara,H-1,1800.0,1720.0
13.01.2020,Matara,H-2,1700.0,1639.0
13.01.2020,Matara,H-Faq,1500.0,1440.0
13.01.2020,Hambantota,C-5,2050.0,2010.0
13.01.2020,Hambantota,C-4,1950.0,1950.0
13.01.2020,Hambantota,H-1,1750.0,1725.0
13.01.2020,Hambantota,H-2,1700.0,1700.0
13.01.2020,Monaragala,Gorosu,1300.0,1275.0
13.01.2020,Matara,C-4,2000.0,1958.0
13.01.2020,Kalutara,M-5,1600.0,1585.0
13.01.2020,Kalutara,C-5 Sp,2200.0,2170.0
13.01.2020,Kalutara,C-5,2000.0,1983.0
13.01.2020,Ratnapura,Alba,3000.0,2883.0
13.01.2020,Ratnapura,C-5,2300.0,2250.0
13.01.2020,Ratnapura,C-4,1850.0,1816.0
13.01.2020,Ratnapura,M-5,1700.0,1666.0
13.01.2020,Ratnapura,M-4,1700.0,1666.0
13.01.2020,Ratnapura,H-1,1500.0,1466.0
13.01.2020,Ratnapura,H-2,1300.0,1283.0
13.01.2020,Badulla,Heen,2000.0,1666.0
13.01.2020,Badulla,Gorosu,1500.0,1225.0
13.01.2020,Kurunegala,Heen,1500.0,1167.0
13.01.2020,Ratnapura,C-5 Sp,2500.0,2483.0
13.01.2020,Colombo,C-5 Sp,2300.0,2300.0
13.01.2020,Colombo,C-5,2200.0,2200.0
13.01.2020,Colombo,C-4,1900.0,1900.0
13.01.2020,Colombo,H-1,1600.0,1600.0
13.01.2020,Colombo,H-2,1550.0,1550.0
13.01.2020,Gampaha,C-5,2000.0,2000.0
13.01.2020,Gampaha,C-4,1700.0,1575.0
13.01.2020,Gampaha,Gorosu,1400.0,1100.0
13.01.2020,Kalutara,Alba,2600.0,2567.0
13.01.2020,Kalutara,C-4,1800.0,1768.0
13.01.2020,Kurunegala,Gorosu,800.0,667.0
21.01.2020,Matara,C-5 Sp,2500.0,2300.0
21.01.2020,Matara,Alba,2800.0,2763.0
21.01.2020,Galle,H-2,1650.0,1600.0
21.01.2020,Galle,C-5 Sp,2400.0,2350.0
21.01.2020,Galle,C-4,2000.0,1950.0
21.01.2020,Galle,C-5,2100.0,2050.0
21.01.2020,Matara,C-5,2200.0,2070.0
21.01.2020,Galle,H-1,1700.0,1650.0
21.01.2020,Matara,C-4,2000.0,1983.0
21.01.2020,Hambantota,C-5,2100.0,2075.0
21.01.2020,Matara,M-4,1850.0,1825.0
21.01.2020,Matara,H-1,1750.0,1725.0
21.01.2020,Matara,H-2,1700.0,1680.0
21.01.2020,Matara,H-Faq,1500.0,1420.0
21.01.2020,Hambantota,C-4,2000.0,1975.0
21.01.2020,Hambantota,H-1,1750.0,1725.0
21.01.2020,Hambantota,H-2,1700.0,1700.0
21.01.2020,Monaragala,Gorosu,1500.0,1325.0
21.01.2020,Galle,Alba,2800.0,2750.0
21.01.2020,Matara,M-5,1950.0,1900.0
21.01.2020,Kalutara,H-2,1300.0,1268.0
21.01.2020,Kalutara,H-1,1400.0,1370.0
21.01.2020,Kalutara,M-4,1550.0,1530.0
21.01.2020,Ratnapura,Alba,2650.0,2616.0
21.01.2020,Ratnapura,C-5 Sp,2450.0,2416.0
21.01.2020,Ratnapura,C-5,2250.0,2233.0
21.01.2020,Ratnapura,C-4,2050.0,2033.0
21.01.2020,Ratnapura,M-5,1700.0,1666.0
21.01.2020,Ratnapura,H-1,1450.0,1433.0
21.01.2020,Ratnapura,H-2,1200.0,1150.0
21.01.2020,Badulla,Heen,2300.0,1708.0
21.01.2020,Badulla,Gorosu,1600.0,1258.0
21.01.2020,Ratnapura,M-4,1700.0,1666.0
21.01.2020,Kurunegala,Gorosu,900.0,700.0
21.01.2020,Kurunegala,Heen,1800.0,1267.0
21.01.2020,Kalutara,C-4,1800.0,1766.0
21.01.2020,Kalutara,C-5,2000.0,1983.0
21.01.2020,Kalutara,C-5 Sp,2200.0,2165.0
21.01.2020,Kalutara,M-5,1600.0,1585.0
21.01.2020,Gampaha,Gorosu,1400.0,1275.0
21.01.2020,Gampaha,C-4,1700.0,1575.0
21.01.2020,Gampaha,C-5,2000.0,2000.0
21.01.2020,Kalutara,Alba,2600.0,2567.0
28.01.2020,Matara,Alba,3000.0,2950.0
28.01.2020,Monaragala,Gorosu,1500.0,1325.0
28.01.2020,Kalutara,H-2,1300.0,1268.0
28.01.2020,Galle,Alba,2800.0,2750.0
28.01.2020,Galle,C-5 Sp,2350.0,2325.0
28.01.2020,Galle,C-5,2100.0,2075.0
28.01.2020,Galle,C-4,2000.0,1980.0
28.01.2020,Galle,H-1,1700.0,1650.0
28.01.2020,Galle,H-2,1650.0,1600.0
28.01.2020,Matara,C-5 Sp,2500.0,2450.0
28.01.2020,Hambantota,H-2,1750.0,1725.0
28.01.2020,Matara,C-4,2100.0,2050.0
28.01.2020,Matara,M-5,2050.0,1988.0
28.01.2020,Matara,M-4,1950.0,1900.0
28.01.2020,Matara,H-1,1850.0,1800.0
28.01.2020,Matara,H-2,1800.0,1711.0
28.01.2020,Matara,H-Faq,1500.0,1430.0
28.01.2020,Hambantota,C-5,2200.0,2150.0
28.01.2020,Hambantota,C-4,2100.0,2050.0
28.01.2020,Hambantota,H-1,1800.0,1775.0
28.01.2020,Kalutara,M-4,1550.0,1530.0
28.01.2020,Matara,C-5,2300.0,2180.0
28.01.2020,Kalutara,M-5,1600.0,1585.0
28.01.2020,Kalutara,H-1,1400.0,1370.0
28.01.2020,Kalutara,C-5,2000.0,1983.0
28.01.2020,Ratnapura,Alba,2800.0,2750.0
28.01.2020,Ratnapura,C-5 Sp,2600.0,2566.0
28.01.2020,Ratnapura,C-5,2400.0,2383.0
28.01.2020,Ratnapura,C-4,2000.0,1950.0
28.01.2020,Ratnapura,M-5,1650.0,1616.0
28.01.2020,Ratnapura,M-4,1650.0,1616.0
28.01.2020,Ratnapura,H-1,1500.0,1450.0
28.01.2020,Ratnapura,H-2,1150.0,1116.0
28.01.2020,Badulla,Heen,2200.0,1700.0
28.01.2020,Badulla,Gorosu,1600.0,1233.0
28.01.2020,Kurunegala,Heen,1800.0,1267.0
28.01.2020,Kalutara,C-4,1800.0,1766.0
28.01.2020,Colombo,C-5 Sp,2500.0,2500.0
28.01.2020,Colombo,C-5,2300.0,2300.0
28.01.2020,Colombo,C-4,2100.0,2100.0
28.01.2020,Colombo,H-1,1800.0,1800.0
28.01.2020,Colombo,H-2,1700.0,1700.0
28.01.2020,Gampaha,C-5,2000.0,2000.0
28.01.2020,Gampaha,C-4,1700.0,1550.0
28.01.2020,Gampaha,Gorosu,1300.0,1050.0
28.01.2020,Kalutara,Alba,2600.0,2565.0
28.01.2020,Kalutara,C-5 Sp,2200.0,2165.0
28.01.2020,Kurunegala,Gorosu,900.0,700.0
03.02.2020,Galle,H-2,1650.0,1600.0
03.02.2020,Galle,H-1,1700.0,1690.0
03.02.2020,Galle,C-4,2100.0,2080.0
03.02.2020,Galle,C-5,2200.0,2150.0
03.02.2020,Kalutara,M-4,1550.0,1530.0
03.02.2020,Galle,Alba,2800.0,2750.0
03.02.2020,Kalutara,H-2,1300.0,1268.0
03.02.2020,Kalutara,H-1,1400.0,1370.0
03.02.2020,Matara,Alba,3100.0,3033.0
03.02.2020,Galle,C-5 Sp,2400.0,2350.0
03.02.2020,Matara,C-5 Sp,2700.0,2575.0
03.02.2020,Matara,H-1,1850.0,1800.0
03.02.2020,Matara,C-4,2200.0,2090.0
03.02.2020,Matara,M-5,2100.0,2025.0
03.02.2020,Matara,M-4,2000.0,1933.0
03.02.2020,Matara,H-2,1800.0,1707.0
03.02.2020,Matara,H-Faq,1700.0,1492.0
03.02.2020,Hambantota,C-5,2250.0,2225.0
03.02.2020,Hambantota,C-4,2200.0,2150.0
03.02.2020,Hambantota,H-1,1900.0,1875.0
03.02.2020,Hambantota,H-2,1850.0,1825.0
03.02.2020,Kalutara,M-5,1600.0,1584.0
03.02.2020,Matara,C-5,2400.0,2275.0
03.02.2020,Monaragala,Gorosu,1500.0,1375.0
03.02.2020,Kalutara,C-4,1800.0,1765.0
03.02.2020,Kalutara,C-5 Sp,2200.0,2160.0
03.02.2020,Kalutara,C-5,2000.0,1986.0
03.02.2020,Ratnapura,Alba,2800.0,2750.0
03.02.2020,Ratnapura,C-5 Sp,2500.0,2483.0
03.02.2020,Ratnapura,C-5,2400.0,2383.0
03.02.2020,Ratnapura,C-4,2100.0,2066.0
03.02.2020,Ratnapura,M-5,1700.0,1666.0
03.02.2020,Ratnapura,H-1,1550.0,1516.0
03.02.2020,Ratnapura,H-2,1300.0,1250.0
03.02.2020,Badulla,Heen,2200.0,1716.0
03.02.2020,Badulla,Gorosu,1500.0,1250.0
03.02.2020,Ratnapura,M-4,1700.0,1666.0
03.02.2020,Kurunegala,Gorosu,1000.0,733.0
03.02.2020,Colombo,C-5 Sp,2400.0,2400.0
03.02.2020,Colombo,C-5,2300.0,2300.0
03.02.2020,Colombo,C-4,2000.0,2000.0
03.02.2020,Colombo,H-1,1800.0,1800.0
03.02.2020,Colombo,H-2,1700.0,1700.0
03.02.2020,Gampaha,C-5,2000.0,2000.0
03.02.2020,Gampaha,C-4,1700.0,1625.0
03.02.2020,Gampaha,Gorosu,1400.0,1300.0
03.02.2020,Kurunegala,Heen,2000.0,1333.0
03.02.2020,Kalutara,Alba,2600.0,2565.0
11.02.2020,Matara,Alba,3200.0,3175.0
11.02.2020,Galle,H-2,1700.0,1675.0
11.02.2020,Galle,H-1,1800.0,1750.0
11.02.2020,Galle,C-4,2100.0,2080.0
11.02.2020,Kalutara,H-1,1400.0,1367.0
11.02.2020,Galle,C-5 Sp,2400.0,2350.0
11.02.2020,Galle,Alba,3000.0,2900.0
11.02.2020,Kalutara,H-2,1300.0,1268.0
11.02.2020,Matara,C-5 Sp,2600.0,2535.0
11.02.2020,Galle,C-5,2200.0,2150.0
11.02.2020,Matara,C-5,2300.0,2283.0
11.02.2020,Monaragala,Gorosu,1500.0,1360.0
11.02.2020,Matara,M-5,2100.0,2050.0
11.02.2020,Matara,M-4,2000.0,1967.0
11.02.2020,Matara,H-1,1900.0,1870.0
11.02.2020,Matara,H-2,1850.0,1793.0
11.02.2020,Matara,H-Faq,1700.0,1475.0
11.02.2020,Hambantota,C-5,2250.0,2225.0
11.02.2020,Hambantota,C-4,2200.0,2150.0
11.02.2020,Hambantota,H-1,1900.0,1875.0
11.02.2020,Hambantota,H-2,1850.0,1825.0
11.02.2020,Kalutara,M-4,1550.0,1533.0
11.02.2020,Matara,C-4,2200.0,2133.0
11.02.2020,Kalutara,M-5,1600.0,1580.0
11.02.2020,Colombo,H-2,1700.0,1700.0
11.02.2020,Kalutara,C-5,2000.0,1983.0
11.02.2020,Ratnapura,Alba,3050.0,3016.0
11.02.2020,Ratnapura,C-5 Sp,2800.0,2783.0
11.02.2020,Ratnapura,C-5,2500.0,2450.0
11.02.2020,Ratnapura,C-4,2250.0,2200.0
11.02.2020,Ratnapura,M-5,1800.0,1766.0
11.02.2020,Ratnapura,M-4,1800.0,1766.0
11.02.2020,Ratnapura,H-1,1650.0,1600.0
11.02.2020,Ratnapura,H-2,1300.0,1283.0
11.02.2020,Badulla,Heen,2100.0,1725.0
11.02.2020,Badulla,Gorosu,1600.0,1325.0
11.02.2020,Kurunegala,Heen,1800.0,1267.0
11.02.2020,Kalutara,C-4,1800.0,1766.0
11.02.2020,Colombo,C-5 Sp,2300.0,2300.0
11.02.2020,Kalutara,C-5 Sp,2200.0,2165.0
11.02.2020,Kalutara,Alba,2600.0,2568.0
11.02.2020,Gampaha,Gorosu,1500.0,1250.0
11.02.2020,Gampaha,C-4,1800.0,1675.0
11.02.2020,Kurunegala,Gorosu,900.0,700.0
11.02.2020,Colombo,H-1,1750.0,1750.0
11.02.2020,Colombo,C-4,2000.0,2000.0
11.02.2020,Colombo,C-5,2200.0,2200.0
11.02.2020,Gampaha,C-5,2200.0,2100.0
18.02.2020,Galle,H-2,1800.0,1775.0
18.02.2020,Kalutara,H-2,1500.0,1468.0
18.02.2020,Galle,Alba,3000.0,2900.0
18.02.2020,Galle,C-5 Sp,2400.0,2350.0
18.02.2020,Galle,C-5,2300.0,2250.0
18.02.2020,Galle,C-4,2180.0,2150.0
18.02.2020,Galle,H-1,1900.0,1875.0
18.02.2020,Matara,Alba,3300.0,3300.0
18.02.2020,Matara,C-5 Sp,2600.0,2530.0
18.02.2020,Matara,C-5,2300.0,2290.0
18.02.2020,Matara,C-4,2250.0,2125.0
18.02.2020,Matara,M-4,2000.0,1960.0
18.02.2020,Kalutara,M-4,1700.0,1667.0
18.02.2020,Matara,H-1,1950.0,1950.0
18.02.2020,Matara,H-2,1900.0,1750.0
18.02.2020,Matara,H-Faq,1500.0,1500.0
18.02.2020,Hambantota,C-5,2300.0,2300.0
18.02.2020,Hambantota,C-4,2250.0,2225.0
18.02.2020,Hambantota,H-1,1900.0,1900.0
18.02.2020,Hambantota,H-2,1850.0,1825.0
18.02.2020,Monaragala,Gorosu,1500.0,1275.0
18.02.2020,Matara,M-5,2100.0,2050.0
18.02.2020,Kalutara,M-5,1800.0,1784.0
18.02.2020,Kalutara,H-1,1600.0,1580.0
18.02.2020,Kalutara,C-5,2200.0,2165.0
18.02.2020,Ratnapura,Alba,3000.0,2983.0
18.02.2020,Ratnapura,C-5 Sp,2800.0,2766.0
18.02.2020,Ratnapura,C-5,2500.0,2450.0
18.02.2020,Ratnapura,C-4,2250.0,2216.0
18.02.2020,Ratnapura,M-5,1750.0,1716.0
18.02.2020,Ratnapura,M-4,1750.0,1716.0
18.02.2020,Ratnapura,H-1,1650.0,1583.0
18.02.2020,Ratnapura,H-2,1300.0,1266.0
18.02.2020,Kalutara,C-4,2000.0,1965.0
18.02.2020,Badulla,Gorosu,1600.0,1258.0
18.02.2020,Kurunegala,Heen,1700.0,1233.0
18.02.2020,Kurunegala,Gorosu,850.0,683.0
18.02.2020,Badulla,Heen,2100.0,1675.0
18.02.2020,Colombo,C-5,2500.0,2500.0
18.02.2020,Colombo,C-4,2400.0,2400.0
18.02.2020,Colombo,H-1,2000.0,2000.0
18.02.2020,Colombo,H-2,1900.0,1900.0
18.02.2020,Gampaha,C-5,2100.0,2050.0
18.02.2020,Gampaha,C-4,1800.0,1600.0
18.02.2020,Gampaha,Gorosu,1400.0,1325.0
18.02.2020,Kalutara,Alba,3000.0,2967.0
18.02.2020,Colombo,C-5 Sp,3000.0,3000.0
18.02.2020,Kalutara,C-5 Sp,2500.0,2483.0
25.02.2020,Matara,C-5 Sp,2900.0,2700.0
25.02.2020,Matara,Alba,3300.0,3275.0
25.02.2020,Galle,H-1,1900.0,1875.0
25.02.2020,Matara,C-5,2500.0,2433.0
25.02.2020,Galle,C-5 Sp,2400.0,2350.0
25.02.2020,Galle,Alba,3000.0,2900.0
25.02.2020,Kalutara,H-2,1500.0,1468.0
25.02.2020,Kalutara,H-1,1600.0,1580.0
25.02.2020,Galle,C-4,2180.0,2150.0
25.02.2020,Matara,C-4,2300.0,2225.0
25.02.2020,Galle,H-2,1800.0,1775.0
25.02.2020,Matara,M-4,2150.0,2043.0
25.02.2020,Matara,H-1,2000.0,1975.0
25.02.2020,Matara,H-2,1950.0,1871.0
25.02.2020,Matara,H-Faq,1800.0,1650.0
25.02.2020,Hambantota,C-5,2300.0,2275.0
25.02.2020,Hambantota,C-4,2250.0,2250.0
25.02.2020,Hambantota,H-1,2000.0,2000.0
25.02.2020,Hambantota,H-2,1950.0,1950.0
25.02.2020,Monaragala,Gorosu,1450.0,1263.0
25.02.2020,Kalutara,M-4,1700.0,1677.0
25.02.2020,Matara,M-5,2250.0,2117.0
25.02.2020,Kalutara,M-5,1800.0,1784.0
25.02.2020,Galle,C-5,2300.0,2250.0
25.02.2020,Kalutara,C-5,2200.0,2165.0
25.02.2020,Ratnapura,C-5 Sp,2800.0,2750.0
25.02.2020,Ratnapura,C-5,2500.0,2466.0
25.02.2020,Ratnapura,C-4,2200.0,2200.0
25.02.2020,Ratnapura,M-5,1800.0,1750.0
25.02.2020,Ratnapura,M-4,1800.0,1750.0
25.02.2020,Ratnapura,H-1,1550.0,1516.0
25.02.2020,Ratnapura,H-2,1350.0,1316.0
25.02.2020,Badulla,Heen,2300.0,2200.0
25.02.2020,Badulla,Gorosu,1700.0,1650.0
25.02.2020,Kurunegala,Heen,1600.0,1200.0
25.02.2020,Kurunegala,Gorosu,800.0,667.0
25.02.2020,Ratnapura,Alba,3000.0,2933.0
25.02.2020,Colombo,C-5,2400.0,2400.0
25.02.2020,Colombo,C-5 Sp,2600.0,2600.0
25.02.2020,Kalutara,C-5 Sp,2500.0,2483.0
25.02.2020,Kalutara,Alba,3000.0,2967.0
25.02.2020,Gampaha,Gorosu,1300.0,1050.0
25.02.2020,Gampaha,C-4,1600.0,1400.0
25.02.2020,Kalutara,C-4,2000.0,1965.0
25.02.2020,Colombo,H-2,1750.0,1750.0
25.02.2020,Colombo,H-1,1800.0,1800.0
25.02.2020,Colombo,C-4,2200.0,2200.0
25.02.2020,Gampaha,C-5,2000.0,1900.0
03.03.2020,Monaragala,Gorosu,1600.0,1375.0
03.03.2020,Kalutara,M-4,1700.0,1660.0
03.03.2020,Kalutara,H-1,1600.0,1575.0
03.03.2020,Kalutara,H-2,1500.0,1460.0
03.03.2020,Galle,Alba,3500.0,3375.0
03.03.2020,Galle,C-5 Sp,2600.0,2545.0
03.03.2020,Galle,C-5,2350.0,2325.0
03.03.2020,Galle,C-4,2280.0,2250.0
03.03.2020,Galle,H-1,2100.0,2050.0
03.03.2020,Galle,H-2,2025.0,2010.0
03.03.2020,Matara,Alba,3350.0,3275.0
03.03.2020,Matara,C-4,2300.0,2250.0
03.03.2020,Matara,C-5,2500.0,2400.0
03.03.2020,Matara,M-5,2200.0,2150.0
03.03.2020,Matara,M-4,2100.0,2075.0
03.03.2020,Matara,H-2,1950.0,1690.0
03.03.2020,Matara,H-Faq,1850.0,1438.0
03.03.2020,Hambantota,C-5,2350.0,2325.0
03.03.2020,Hambantota,C-4,2300.0,2775.0
03.03.2020,Hambantota,H-1,2050.0,2025.0
03.03.2020,Hambantota,H-2,2000.0,1975.0
03.03.2020,Kalutara,M-5,1800.0,1784.0
03.03.2020,Matara,C-5 Sp,3000.0,2667.0
03.03.2020,Matara,H-1,2050.0,2012.0
03.03.2020,Kalutara,C-4,2000.0,1960.0
03.03.2020,Kalutara,C-5 Sp,2500.0,2483.0
03.03.2020,Kalutara,C-5,2200.0,2165.0
03.03.2020,Ratnapura,Alba,3050.0,3016.0
03.03.2020,Ratnapura,C-5 Sp,2800.0,2750.0
03.03.2020,Ratnapura,C-5,2550.0,2516.0
03.03.2020,Ratnapura,C-4,2250.0,2216.0
03.03.2020,Ratnapura,M-5,1750.0,1710.0
03.03.2020,Ratnapura,H-1,1550.0,1533.0
03.03.2020,Ratnapura,H-2,1250.0,1233.0
03.03.2020,Badulla,Heen,2200.0,1741.0
03.03.2020,Badulla,Gorosu,1600.0,1325.0
03.03.2020,Ratnapura,M-4,1750.0,1710.0
03.03.2020,Kurunegala,Gorosu,900.0,700.0
03.03.2020,Kurunegala,Heen,1800.0,1266.0
03.03.2020,Gampaha,Gorosu,1400.0,1025.0
03.03.2020,Gampaha,C-4,1700.0,1575.0
03.03.2020,Gampaha,C-5,2000.0,2000.0
03.03.2020,Colombo,H-2,2000.0,2000.0
03.03.2020,Kalutara,Alba,3000.0,2965.0
03.03.2020,Colombo,C-4,2400.0,2400.0
03.03.2020,Colombo,C-5,2500.0,2500.0
03.03.2020,Colombo,C-5 Sp,2800.0,2800.0
03.03.2020,Colombo,H-1,2050.0,2050.0
10.03.2020,Matara,Alba,3600.0,3375.0
10.03.2020,Kalutara,H-1,1600.0,1584.0
10.03.2020,Kalutara,H-2,1500.0,1460.0
10.03.2020,Galle,Alba,3200.0,3150.0
10.03.2020,Galle,C-5 Sp,2500.0,2480.0
10.03.2020,Galle,C-5,2300.0,2280.0
10.03.2020,Galle,C-4,2250.0,2200.0
10.03.2020,Galle,H-1,2050.0,2000.0
10.03.2020,Galle,H-2,1950.0,1900.0
10.03.2020,Matara,C-5 Sp,2700.0,2600.0
10.03.2020,Kalutara,M-4,1700.0,1665.0
10.03.2020,Matara,C-4,2300.0,2233.0
10.03.2020,Matara,M-5,2250.0,2167.0
10.03.2020,Matara,M-4,2200.0,2150.0
10.03.2020,Matara,H-1,2100.0,1970.0
10.03.2020,Matara,H-2,2000.0,1876.0
10.03.2020,Matara,H-Faq,1900.0,1600.0
10.03.2020,Hambantota,C-5,2350.0,2325.0
10.03.2020,Hambantota,C-4,2300.0,2275.0
10.03.2020,Hambantota,H-1,2050.0,2035.0
10.03.2020,Hambantota,H-2,1950.0,1925.0
10.03.2020,Matara,C-5,2500.0,2450.0
10.03.2020,Monaragala,Gorosu,1200.0,1120.0
10.03.2020,Kalutara,M-5,1800.0,1783.0
10.03.2020,Kalutara,C-5,2200.0,2166.0
10.03.2020,Kalutara,C-4,2000.0,1967.0
10.03.2020,Ratnapura,Alba,3000.0,3000.0
10.03.2020,Ratnapura,C-5 Sp,2600.0,2533.0
10.03.2020,Ratnapura,C-5,2500.0,2400.0
10.03.2020,Ratnapura,C-4,2000.0,1933.0
10.03.2020,Ratnapura,M-5,1750.0,1716.0
10.03.2020,Ratnapura,M-4,1750.0,1716.0
10.03.2020,Ratnapura,H-1,1700.0,1600.0
10.03.2020,Ratnapura,H-2,1400.0,1316.0
10.03.2020,Badulla,Heen,2200.0,1666.0
10.03.2020,Badulla,Gorosu,1600.0,1225.0
10.03.2020,Gampaha,C-5,2200.0,2200.0
10.03.2020,Kurunegala,Gorosu,900.0,700.0
10.03.2020,Kalutara,C-5 Sp,2500.0,2480.0
10.03.2020,Kalutara,Alba,3000.0,2967.0
10.03.2020,Gampaha,C-4,1700.0,1600.0
10.03.2020,Kurunegala,Heen,1800.0,1267.0
10.03.2020,Gampaha,Gorosu,1400.0,1275.0
10.03.2020,Colombo,H-1,2000.0,2000.0
10.03.2020,Colombo,C-4,2400.0,2400.0
10.03.2020,Colombo,C-5,2500.0,2500.0
10.03.2020,Colombo,C-5 Sp,2800.0,2800.0
10.03.2020,Colombo,H-2,1950.0,1950.0
21.04.2020,Matara,M-4,1900.0,1833.0
21.04.2020,Matara,C-5 Sp,2500.0,2333.0
21.04.2020,Matara,C-5,2300.0,2113.0
21.04.2020,Matara,C-4,2100.0,2000.0
21.04.2020,Matara,M-5,2000.0,1917.0
21.04.2020,Matara,H-1,1750.0,1750.0
21.04.2020,Hambantota,H-2,1800.0,1750.0
21.04.2020,Matara,H-Faq,1600.0,1500.0
21.04.2020,Hambantota,C-5,2200.0,2100.0
21.04.2020,Hambantota,C-4,2050.0,1975.0
21.04.2020,Hambantota,H-1,1850.0,1825.0
21.04.2020,Galle,H-2,1800.0,1730.0
21.04.2020,Monaragala,Gorosu,1500.0,1200.0
21.04.2020,Matara,H-2,1700.0,1667.0
21.04.2020,Galle,H-1,1850.0,1825.0
21.04.2020,Matara,Alba,3200.0,2950.0
21.04.2020,Galle,C-5,2250.0,2100.0
21.04.2020,Galle,C-4,2100.0,2030.0
21.04.2020,Ratnapura,C-5 Sp,2400.0,2350.0
21.04.2020,Ratnapura,C-5,2200.0,2200.0
21.04.2020,Ratnapura,C-4,1800.0,1750.0
21.04.2020,Ratnapura,M-5,1650.0,1600.0
21.04.2020,Ratnapura,M-4,1650.0,1600.0
21.04.2020,Ratnapura,H-1,1450.0,1400.0
21.04.2020,Ratnapura,Alba,2700.0,2650.0
21.04.2020,Badulla,Heen,2000.0,1600.0
21.04.2020,Badulla,Gorosu,1500.0,1200.0
21.04.2020,Kurunegala,Heen,2000.0,1333.0
21.04.2020,Kurunegala,Gorosu,1000.0,733.0
21.04.2020,Galle,Alba,3000.0,3000.0
21.04.2020,Galle,C-5 Sp,2500.0,2450.0
21.04.2020,Ratnapura,H-2,1100.0,1100.0
28.04.2020,Matara,Alba,2800.0,2733.0
28.04.2020,Matara,C-5 Sp,2500.0,2350.0
28.04.2020,Matara,C-5,2300.0,2138.0
28.04.2020,Matara,C-4,2150.0,2008.0
28.04.2020,Matara,M-5,2000.0,1917.0
28.04.2020,Matara,M-4,2000.0,1883.0
28.04.2020,Matara,H-1,1850.0,1800.0
28.04.2020,Hambantota,C-5,2200.0,2150.0
28.04.2020,Matara,H-Faq,1600.0,1533.0
28.04.2020,Hambantota,C-4,2050.0,2025.0
28.04.2020,Hambantota,H-1,1850.0,1825.0
28.04.2020,Hambantota,H-2,1750.0,1750.0
28.04.2020,Monaragala,Gorosu,1200.0,1066.0
28.04.2020,Galle,H-2,1725.0,1700.0
28.04.2020,Matara,H-2,1800.0,1700.0
28.04.2020,Galle,H-1,1850.0,1800.0
28.04.2020,Ratnapura,C-5,2300.0,2300.0
28.04.2020,Galle,C-5,2250.0,2200.0
28.04.2020,Galle,C-4,2150.0,2100.0
28.04.2020,Ratnapura,Alba,2800.0,2750.0
28.04.2020,Ratnapura,C-5 Sp,2600.0,2550.0
28.04.2020,Ratnapura,C-4,2000.0,1950.0
28.04.2020,Ratnapura,M-4,1650.0,1600.0
28.04.2020,Ratnapura,H-1,1600.0,1550.0
28.04.2020,Ratnapura,M-5,1650.0,1600.0
28.04.2020,Badulla,Heen,2000.0,1550.0
28.04.2020,Badulla,Gorosu,1400.0,975.0
28.04.2020,Kurunegala,Heen,2000.0,1333.0
28.04.2020,Kurunegala,Gorosu,1000.0,733.0
28.04.2020,Galle,Alba,3000.0,3000.0
28.04.2020,Galle,C-5 Sp,2500.0,2450.0
28.04.2020,Ratnapura,H-2,1400.0,1300.0
05.05.2020,Matara,M-4,1850.0,1825.0
05.05.2020,Matara,Alba,3400.0,2933.0
05.05.2020,Matara,C-5 Sp,2300.0,2250.0
05.05.2020,Matara,C-5,2075.0,2075.0
05.05.2020,Matara,C-4,2000.0,1900.0
05.05.2020,Matara,M-5,1900.0,1900.0
05.05.2020,Monaragala,Gorosu,1600.0,1450.0
05.05.2020,Hambantota,H-1,1900.0,1850.0
05.05.2020,Matara,H-2,1750.0,1736.0
05.05.2020,Matara,H-Faq,1650.0,1550.0
05.05.2020,Hambantota,C-5,2200.0,2150.0
05.05.2020,Hambantota,C-4,2100.0,2050.0
05.05.2020,Hambantota,H-2,1850.0,1775.0
05.05.2020,Galle,H-2,1730.0,1715.0
05.05.2020,Matara,H-1,1800.0,1800.0
05.05.2020,Galle,H-1,1850.0,1825.0
05.05.2020,Ratnapura,H-2,1500.0,1450.0
05.05.2020,Galle,C-5,2240.0,2220.0
05.05.2020,Galle,C-4,2100.0,2080.0
05.05.2020,Ratnapura,Alba,2700.0,2700.0
05.05.2020,Ratnapura,C-5,2300.0,2250.0
05.05.2020,Ratnapura,C-4,2000.0,2000.0
05.05.2020,Ratnapura,M-5,1650.0,1600.0
05.05.2020,Ratnapura,M-4,1650.0,1600.0
05.05.2020,Ratnapura,C-5 Sp,2550.0,2500.0
05.05.2020,Badulla,Heen,2200.0,1675.0
05.05.2020,Badulla,Gorosu,1400.0,1175.0
05.05.2020,Kurunegala,Heen,2000.0,1333.0
05.05.2020,Kurunegala,Gorosu,1000.0,733.0
05.05.2020,Galle,Alba,3000.0,3000.0
05.05.2020,Galle,C-5 Sp,2500.0,2450.0
05.05.2020,Ratnapura,H-1,1700.0,1650.0
12.05.2020,Galle,C-5,2180.0,2150.0
12.05.2020,Galle,C-4,2100.0,2080.0
12.05.2020,Galle,H-1,1850.0,1825.0
12.05.2020,Matara,Alba,3400.0,2925.0
12.05.2020,Matara,C-5 Sp,2500.0,2433.0
12.05.2020,Matara,C-5,2300.0,2167.0
12.05.2020,Matara,C-4,2150.0,2067.0
12.05.2020,Matara,H-1,2000.0,1933.0
12.05.2020,Matara,M-4,2000.0,2000.0
12.05.2020,Galle,Alba,3000.0,3000.0
12.05.2020,Matara,H-2,1850.0,1764.0
12.05.2020,Matara,H-Faq,1750.0,1563.0
12.05.2020,Hambantota,C-5,2200.0,2200.0
12.05.2020,Hambantota,C-4,2150.0,2125.0
12.05.2020,Hambantota,H-1,1900.0,1875.0
12.05.2020,Hambantota,H-2,1850.0,1825.0
12.05.2020,Monaragala,Gorosu,1500.0,1333.0
12.05.2020,Matara,M-5,2100.0,2050.0
12.05.2020,Kalutara,H-2,1400.0,1365.0
12.05.2020,Galle,H-2,1720.0,1700.0
12.05.2020,Kalutara,M-4,1700.0,1660.0
12.05.2020,Kalutara,H-1,1500.0,1483.0
12.05.2020,Ratnapura,Alba,2800.0,2750.0
12.05.2020,Ratnapura,C-5 Sp,2450.0,2416.0
12.05.2020,Ratnapura,C-5,2200.0,2166.0
12.05.2020,Ratnapura,C-4,1900.0,1883.0
12.05.2020,Ratnapura,M-5,1650.0,1633.0
12.05.2020,Ratnapura,M-4,1650.0,1633.0
12.05.2020,Ratnapura,H-1,1650.0,1616.0
12.05.2020,Ratnapura,H-2,1450.0,1400.0
12.05.2020,Galle,C-5 Sp,2500.0,2450.0
12.05.2020,Badulla,Gorosu,1400.0,1150.0
12.05.2020,Badulla,Heen,2100.0,1650.0
12.05.2020,Kalutara,C-4,2000.0,1967.0
12.05.2020,Kalutara,C-5,2200.0,2166.0
12.05.2020,Kalutara,M-5,1800.0,1785.0
12.05.2020,Kalutara,Alba,3000.0,2967.0
12.05.2020,Kurunegala,Gorosu,800.0,667.0
12.05.2020,Kurunegala,Heen,1700.0,1233.0
12.05.2020,Kalutara,C-5 Sp,2500.0,2480.0
19.05.2020,Galle,C-5,2300.0,2275.0
19.05.2020,Matara,C-5,2200.0,2188.0
19.05.2020,Galle,C-4,2150.0,2125.0
19.05.2020,Galle,H-1,1900.0,1880.0
19.05.2020,Galle,H-2,1850.0,1825.0
19.05.2020,Matara,Alba,3450.0,2950.0
19.05.2020,Matara,C-5 Sp,2400.0,2333.0
19.05.2020,Matara,C-4,2150.0,2110.0
19.05.2020,Matara,H-Faq,1550.0,1513.0
19.05.2020,Matara,M-4,2050.0,2000.0
19.05.2020,Matara,H-1,2000.0,1975.0
19.05.2020,Matara,H-2,1850.0,1794.0
19.05.2020,Hambantota,C-5,2200.0,2200.0
19.05.2020,Hambantota,C-4,2150.0,2125.0
19.05.2020,Hambantota,H-1,1900.0,1900.0
19.05.2020,Hambantota,H-2,1850.0,1850.0
19.05.2020,Galle,C-5 Sp,2500.0,2450.0
19.05.2020,Matara,M-5,2100.0,2067.0
19.05.2020,Monaragala,Gorosu,1600.0,1466.0
19.05.2020,Galle,Alba,3000.0,3000.0
19.05.2020,Kalutara,H-1,1500.0,1460.0
19.05.2020,Ratnapura,Alba,2800.0,2783.0
19.05.2020,Ratnapura,C-5 Sp,2500.0,2483.0
19.05.2020,Ratnapura,C-5,2350.0,2300.0
19.05.2020,Ratnapura,C-4,2200.0,2200.0
19.05.2020,Ratnapura,M-5,1700.0,1700.0
19.05.2020,Ratnapura,M-4,1700.0,1700.0
19.05.2020,Ratnapura,H-1,1800.0,1760.0
19.05.2020,Ratnapura,H-2,1300.0,1300.0
19.05.2020,Badulla,Heen,2100.0,1650.0
19.05.2020,Kalutara,H-2,1400.0,1365.0
19.05.2020,Kurunegala,Heen,2000.0,1333.0
19.05.2020,Kurunegala,Gorosu,1000.0,733.0
19.05.2020,Kalutara,Alba,3000.0,2967.0
19.05.2020,Kalutara,C-5 Sp,2500.0,2480.0
19.05.2020,Kalutara,C-5,2200.0,2166.0
19.05.2020,Kalutara,C-4,2000.0,1967.0
19.05.2020,Kalutara,M-5,1700.0,1665.0
19.05.2020,Kalutara,M-4,1600.0,1566.0
19.05.2020,Badulla,Gorosu,1400.0,1150.0
26.05.2020,Matara,C-5,2400.0,2267.0
26.05.2020,Matara,C-5 Sp,2500.0,2467.0
26.05.2020,Galle,C-4,2200.0,2200.0
26.05.2020,Galle,H-2,1830.0,1810.0
26.05.2020,Galle,H-1,1950.0,1925.0
26.05.2020,Matara,C-4,2200.0,2171.0
26.05.2020,Matara,Alba,2900.0,2825.0
26.05.2020,Matara,M-5,2100.0,2100.0
26.05.2020,Hambantota,C-5,2300.0,2275.0
26.05.2020,Matara,H-1,2000.0,1938.0
26.05.2020,Matara,H-2,1900.0,1856.0
26.05.2020,Matara,H-Faq,1800.0,1688.0
26.05.2020,Hambantota,C-4,2200.0,2200.0
26.05.2020,Hambantota,H-1,2000.0,1975.0
26.05.2020,Hambantota,H-2,1900.0,1900.0
26.05.2020,Monaragala,Gorosu,1500.0,1400.0
26.05.2020,Galle,C-5,2250.0,2250.0
26.05.2020,Matara,M-4,2050.0,2025.0
26.05.2020,Galle,Alba,3000.0,3000.0
26.05.2020,Galle,C-5 Sp,2400.0,2380.0
26.05.2020,Kalutara,H-1,1500.0,1463.0
26.05.2020,Kalutara,H-2,1400.0,1370.0
26.05.2020,Ratnapura,Alba,2850.0,2816.0
26.05.2020,Ratnapura,C-5 Sp,2600.0,2583.0
26.05.2020,Ratnapura,C-5,2400.0,2383.0
26.05.2020,Ratnapura,C-4,2250.0,2200.0
26.05.2020,Ratnapura,M-4,1700.0,1650.0
26.05.2020,Ratnapura,H-1,1700.0,1666.0
26.05.2020,Ratnapura,H-2,1500.0,1450.0
26.05.2020,Badulla,Heen,2200.0,1675.0
26.05.2020,Ratnapura,M-5,1700.0,1650.0
26.05.2020,Kurunegala,Heen,2000.0,1333.0
26.05.2020,Kurunegala,Gorosu,1000.0,733.0
26.05.2020,Kalutara,Alba,3000.0,2965.0
26.05.2020,Kalutara,C-5 Sp,2500.0,2480.0
26.05.2020,Kalutara,C-5,2200.0,2167.0
26.05.2020,Kalutara,C-4,2000.0,1965.0
26.05.2020,Kalutara,M-5,1700.0,1660.0
26.05.2020,Kalutara,M-4,1600.0,1565.0
26.05.2020,Badulla,Gorosu,1600.0,1225.0
02.06.2020,Matara,C-5 Sp,2600.0,2483.0
02.06.2020,Matara,Alba,2950.0,2862.0
02.06.2020,Galle,H-2,2020.0,1985.0
02.06.2020,Galle,H-1,2050.0,2050.0
02.06.2020,Kalutara,H-2,1400.0,1370.0
02.06.2020,Galle,C-5 Sp,2500.0,2475.0
02.06.2020,Galle,Alba,3000.0,2900.0
02.06.2020,Kalutara,H-1,1500.0,1465.0
02.06.2020,Matara,C-5,2500.0,2325.0
02.06.2020,Galle,C-4,2220.0,2150.0
02.06.2020,Matara,C-4,2250.0,2183.0
02.06.2020,Monaragala,Heen,2000.0,1900.0
02.06.2020,Matara,M-4,2150.0,2083.0
02.06.2020,Matara,H-1,2050.0,2000.0
02.06.2020,Matara,H-2,2000.0,1800.0
02.06.2020,Matara,H-Faq,1850.0,1630.0
02.06.2020,Hambantota,C-5,2300.0,2300.0
02.06.2020,Hambantota,C-4,2220.0,2210.0
02.06.2020,Hambantota,H-1,2000.0,2000.0
02.06.2020,Hambantota,H-2,1950.0,1950.0
02.06.2020,Monaragala,Gorosu,1500.0,1350.0
02.06.2020,Kalutara,M-4,1600.0,1565.0
02.06.2020,Matara,M-5,2200.0,2133.0
02.06.2020,Kalutara,M-5,1700.0,1660.0
02.06.2020,Galle,C-5,2250.0,2225.0
02.06.2020,Kalutara,C-5,2200.0,2167.0
02.06.2020,Ratnapura,C-5 Sp,2550.0,2400.0
02.06.2020,Ratnapura,C-5,2400.0,2333.0
02.06.2020,Ratnapura,C-4,2100.0,2033.0
02.06.2020,Ratnapura,M-5,1650.0,1616.0
02.06.2020,Ratnapura,M-4,1650.0,1616.0
02.06.2020,Ratnapura,H-1,1630.0,1600.0
02.06.2020,Ratnapura,H-2,1500.0,1450.0
02.06.2020,Badulla,Heen,2300.0,1733.0
02.06.2020,Badulla,Gorosu,1600.0,1233.0
02.06.2020,Kurunegala,Heen,2000.0,1333.0
02.06.2020,Kurunegala,Gorosu,1000.0,733.0
02.06.2020,Ratnapura,Alba,3000.0,2900.0
02.06.2020,Colombo,C-5,2400.0,2400.0
02.06.2020,Colombo,C-5 Sp,2500.0,2500.0
02.06.2020,Kalutara,C-5 Sp,2500.0,2480.0
02.06.2020,Kalutara,Alba,3000.0,2970.0
02.06.2020,Gampaha,Gorosu,1500.0,1125.0
02.06.2020,Gampaha,C-4,1800.0,1600.0
02.06.2020,Kalutara,C-4,2000.0,1960.0
02.06.2020,Gampaha,C-5,2200.0,2200.0
02.06.2020,Colombo,H-2,1900.0,1900.0
02.06.2020,Colombo,H-1,2000.0,2000.0
02.06.2020,Colombo,C-4,2200.0,2200.0
09.06.2020,Kalutara,H-1,1500.0,1463.0
09.06.2020,Kalutara,H-2,1400.0,1370.0
09.06.2020,Galle,Alba,3000.0,2980.0
09.06.2020,Galle,C-5 Sp,2500.0,2475.0
09.06.2020,Galle,C-5,2250.0,2225.0
09.06.2020,Galle,C-4,2220.0,2150.0
09.06.2020,Galle,H-1,2080.0,2050.0
09.06.2020,Galle,H-2,2000.0,1980.0
09.06.2020,Matara,Alba,2900.0,2850.0
09.06.2020,Matara,C-5 Sp,2600.0,2550.0
09.06.2020,Matara,C-5,2600.0,2417.0
09.06.2020,Matara,M-5,2200.0,2200.0
09.06.2020,Monaragala,Gorosu,1500.0,1325.0
09.06.2020,Matara,M-4,2150.0,2125.0
09.06.2020,Matara,H-1,2100.0,2075.0
09.06.2020,Matara,H-Faq,1900.0,1660.0
09.06.2020,Hambantota,C-5,2300.0,2300.0
09.06.2020,Hambantota,C-4,2220.0,2210.0
09.06.2020,Hambantota,H-1,2000.0,2000.0
09.06.2020,Hambantota,H-2,1950.0,1950.0
09.06.2020,Monaragala,Heen,1800.0,1700.0
09.06.2020,Kalutara,M-4,1600.0,1565.0
09.06.2020,Matara,C-4,2250.0,2207.0
09.06.2020,Matara,H-2,2100.0,2000.0
09.06.2020,Kalutara,M-5,1700.0,1660.0
09.06.2020,Kalutara,C-5,2200.0,2167.0
09.06.2020,Kalutara,C-4,2000.0,1965.0
09.06.2020,Ratnapura,Alba,2900.0,2850.0
09.06.2020,Ratnapura,C-5 Sp,2550.0,2516.0
09.06.2020,Ratnapura,C-5,2350.0,2333.0
09.06.2020,Ratnapura,C-4,2100.0,2000.0
09.06.2020,Ratnapura,M-5,1650.0,1650.0
09.06.2020,Ratnapura,H-1,1650.0,1633.0
09.06.2020,Ratnapura,H-2,1450.0,1400.0
09.06.2020,Badulla,Heen,1500.0,1300.0
09.06.2020,Badulla,Gorosu,1300.0,1000.0
09.06.2020,Kurunegala,Heen,2000.0,1333.0
09.06.2020,Ratnapura,M-4,1650.0,1650.0
09.06.2020,Colombo,C-5 Sp,2500.0,2500.0
09.06.2020,Kurunegala,Gorosu,1000.0,733.0
09.06.2020,Kalutara,Alba,3000.0,2965.0
09.06.2020,Gampaha,Gorosu,1500.0,1250.0
09.06.2020,Gampaha,C-4,1900.0,1700.0
09.06.2020,Gampaha,C-5,2200.0,2100.0
09.06.2020,Kalutara,C-5 Sp,2500.0,2480.0
09.06.2020,Colombo,H-1,1950.0,1950.0
09.06.2020,Colombo,C-4,2150.0,2150.0
09.06.2020,Colombo,C-5,2400.0,2400.0
09.06.2020,Colombo,H-2,1850.0,1850.0
16.06.2020,Matara,C-5 Sp,2600.0,2483.0
16.06.2020,Kalutara,H-1,1500.0,1483.0
16.06.2020,Monaragala,Gorosu,1500.0,1400.0
16.06.2020,Galle,Alba,3000.0,3000.0
16.06.2020,Galle,C-5 Sp,2520.0,2500.0
16.06.2020,Galle,C-5,2500.0,2480.0
16.06.2020,Galle,C-4,2220.0,2210.0
16.06.2020,Galle,H-1,2090.0,2070.0
16.06.2020,Galle,H-2,2000.0,1980.0
16.06.2020,Matara,Alba,2950.0,2875.0
16.06.2020,Matara,C-5,2300.0,2275.0
16.06.2020,Kalutara,M-4,1600.0,1565.0
16.06.2020,Matara,M-5,2200.0,2175.0
16.06.2020,Matara,M-4,2150.0,2150.0
16.06.2020,Matara,H-1,2120.0,2084.0
16.06.2020,Matara,H-2,2100.0,2047.0
16.06.2020,Matara,H-Faq,1950.0,1660.0
16.06.2020,Hambantota,C-5,2400.0,2375.0
16.06.2020,Hambantota,C-4,2200.0,2200.0
16.06.2020,Hambantota,H-1,2120.0,2110.0
16.06.2020,Hambantota,H-2,2100.0,2100.0
16.06.2020,Monaragala,Heen,1700.0,1700.0
16.06.2020,Matara,C-4,2300.0,2221.0
16.06.2020,Kalutara,M-5,1700.0,1683.0
16.06.2020,Kalutara,H-2,1400.0,1367.0
16.06.2020,Kalutara,C-5,2200.0,2165.0
16.06.2020,Ratnapura,Alba,2850.0,2816.0
16.06.2020,Ratnapura,C-5 Sp,2500.0,2466.0
16.06.2020,Ratnapura,C-5,2350.0,2316.0
16.06.2020,Ratnapura,C-4,2250.0,2183.0
16.06.2020,Ratnapura,M-5,1600.0,1600.0
16.06.2020,Ratnapura,M-4,1600.0,1600.0
16.06.2020,Ratnapura,H-1,1550.0,1500.0
16.06.2020,Ratnapura,H-2,1350.0,1316.0
16.06.2020,Badulla,Heen,2200.0,1666.0
16.06.2020,Badulla,Gorosu,1600.0,1258.0
16.06.2020,Kurunegala,Heen,2000.0,1333.0
16.06.2020,Kalutara,C-4,2000.0,1960.0
16.06.2020,Colombo,C-5 Sp,2800.0,2800.0
16.06.2020,Colombo,C-5,2600.0,2600.0
16.06.2020,Colombo,C-4,2300.0,2300.0
16.06.2020,Colombo,H-1,2000.0,2000.0
16.06.2020,Colombo,H-2,1950.0,1950.0
16.06.2020,Gampaha,C-5,2100.0,2100.0
16.06.2020,Gampaha,C-4,1800.0,1725.0
16.06.2020,Gampaha,Gorosu,1400.0,1250.0
16.06.2020,Kalutara,Alba,2900.0,2867.0
16.06.2020,Kalutara,C-5 Sp,2450.0,2433.0
16.06.2020,Kurunegala,Gorosu,1000.0,733.0
23.06.2020,Galle,H-2,2150.0,2100.0
23.06.2020,Galle,H-1,2200.0,2175.0
23.06.2020,Galle,C-4,2260.0,2230.0
23.06.2020,Galle,C-5,2350.0,2350.0
23.06.2020,Kalutara,M-4,1600.0,1569.0
23.06.2020,Kalutara,H-2,1450.0,1435.0
23.06.2020,Kalutara,H-1,1550.0,1533.0
23.06.2020,Matara,Alba,3100.0,3012.0
23.06.2020,Galle,C-5 Sp,2450.0,2400.0
23.06.2020,Matara,C-5 Sp,2600.0,2500.0
23.06.2020,Matara,H-2,2150.0,2106.0
23.06.2020,Matara,C-4,2250.0,2210.0
23.06.2020,Matara,M-5,2230.0,2230.0
23.06.2020,Matara,H-1,2150.0,2138.0
23.06.2020,Kalutara,M-5,1700.0,1685.0
23.06.2020,Matara,H-Faq,2000.0,1680.0
23.06.2020,Hambantota,C-5,2400.0,2375.0
23.06.2020,Hambantota,C-4,2200.0,2200.0
23.06.2020,Hambantota,H-1,2120.0,2110.0
23.06.2020,Hambantota,H-2,2100.0,2100.0
23.06.2020,Monaragala,Gorosu,1300.0,1266.0
23.06.2020,Matara,C-5,2400.0,2300.0
23.06.2020,Kalutara,C-4,2000.0,1960.0
23.06.2020,Galle,Alba,3100.0,3000.0
23.06.2020,Kalutara,C-5 Sp,2450.0,2430.0
23.06.2020,Ratnapura,Alba,2900.0,2866.0
23.06.2020,Ratnapura,C-5 Sp,2600.0,2533.0
23.06.2020,Ratnapura,C-5,2350.0,2316.0
23.06.2020,Ratnapura,C-4,2050.0,2033.0
23.06.2020,Ratnapura,M-5,1900.0,1066.0
23.06.2020,Ratnapura,M-4,1900.0,1066.0
23.06.2020,Ratnapura,H-1,2000.0,1950.0
23.06.2020,Ratnapura,H-2,1350.0,1316.0
23.06.2020,Badulla,Heen,2200.0,1675.0
23.06.2020,Badulla,Gorosu,1600.0,1300.0
23.06.2020,Kalutara,C-5,2200.0,2164.0
23.06.2020,Kurunegala,Gorosu,900.0,700.0
23.06.2020,Colombo,C-5 Sp,2800.0,2800.0
23.06.2020,Colombo,C-5,2600.0,2600.0
23.06.2020,Colombo,C-4,2350.0,2350.0
23.06.2020,Colombo,H-1,2000.0,2000.0
23.06.2020,Colombo,H-2,1950.0,1950.0
23.06.2020,Gampaha,C-5,2200.0,2100.0
23.06.2020,Gampaha,C-4,1700.0,1575.0
23.06.2020,Gampaha,Gorosu,1500.0,1225.0
23.06.2020,Kalutara,Alba,2900.0,2765.0
23.06.2020,Kurunegala,Heen,1800.0,1267.0
30.06.2020,Galle,H-1,2120.0,2100.0
30.06.2020,Galle,C-4,2250.0,2200.0
30.06.2020,Galle,C-5,2350.0,2300.0
30.06.2020,Kalutara,M-4,1600.0,1570.0
30.06.2020,Galle,Alba,3100.0,3000.0
30.06.2020,Kalutara,H-2,1450.0,1430.0
30.06.2020,Kalutara,H-1,1550.0,1535.0
30.06.2020,Galle,H-2,2020.0,2000.0
30.06.2020,Galle,C-5 Sp,2500.0,2450.0
30.06.2020,Matara,Alba,3000.0,2912.0
30.06.2020,Matara,H-2,2050.0,2025.0
30.06.2020,Matara,C-5,2400.0,2300.0
30.06.2020,Matara,C-4,2200.0,2200.0
30.06.2020,Matara,H-1,2050.0,2050.0
30.06.2020,Matara,H-Faq,1950.0,1610.0
30.06.2020,Hambantota,C-5,2300.0,2300.0
30.06.2020,Hambantota,C-4,2200.0,2200.0
30.06.2020,Hambantota,H-1,2050.0,2025.0
30.06.2020,Hambantota,H-2,2000.0,2000.0
30.06.2020,Kalutara,M-5,1700.0,1685.0
30.06.2020,Matara,C-5 Sp,2800.0,2550.0
30.06.2020,Monaragala,Gorosu,1000.0,1000.0
30.06.2020,Kalutara,C-4,2000.0,1960.0
30.06.2020,Kalutara,C-5 Sp,2450.0,2435.0
30.06.2020,Ratnapura,Alba,3000.0,2950.0
30.06.2020,Ratnapura,C-5 Sp,2550.0,2500.0
30.06.2020,Ratnapura,C-5,2400.0,2350.0
30.06.2020,Ratnapura,C-4,2050.0,2016.0
30.06.2020,Ratnapura,M-5,1800.0,1790.0
30.06.2020,Ratnapura,M-4,1800.0,1790.0
30.06.2020,Ratnapura,H-1,1900.0,1866.0
30.06.2020,Ratnapura,H-2,1600.0,1560.0
30.06.2020,Badulla,Heen,2200.0,1675.0
30.06.2020,Badulla,Gorosu,1500.0,1250.0
30.06.2020,Kalutara,C-5,2200.0,2160.0
30.06.2020,Kurunegala,Gorosu,1000.0,733.0
30.06.2020,Colombo,C-5 Sp,2800.0,2800.0
30.06.2020,Colombo,C-5,2600.0,2600.0
30.06.2020,Colombo,C-4,2300.0,2300.0
30.06.2020,Colombo,H-1,2100.0,2100.0
30.06.2020,Colombo,H-2,2000.0,2000.0
30.06.2020,Gampaha,C-5,2000.0,2000.0
30.06.2020,Gampaha,C-4,1800.0,1600.0
30.06.2020,Gampaha,Gorosu,1500.0,1300.0
30.06.2020,Kalutara,Alba,2900.0,2875.0
30.06.2020,Kurunegala,Heen,2000.0,1333.0
07.07.2020,Galle,H-2,1950.0,1925.0
07.07.2020,Galle,H-1,2100.0,2075.0
07.07.2020,Galle,C-4,2200.0,2200.0
07.07.2020,Kalutara,H-1,1550.0,1530.0
07.07.2020,Galle,C-5 Sp,2500.0,2450.0
07.07.2020,Galle,Alba,3100.0,3050.0
07.07.2020,Kalutara,H-2,1450.0,1433.0
07.07.2020,Matara,Alba,3000.0,2975.0
07.07.2020,Galle,C-5,2350.0,2325.0
07.07.2020,Matara,C-5 Sp,2500.0,2433.0
07.07.2020,Matara,H-2,2050.0,2031.0
07.07.2020,Matara,C-4,2250.0,2207.0
07.07.2020,Matara,M-5,2220.0,2157.0
07.07.2020,Matara,M-4,2200.0,2140.0
07.07.2020,Matara,H-1,2100.0,2080.0
07.07.2020,Matara,H-Faq,1900.0,1680.0
07.07.2020,Hambantota,C-5,2300.0,2275.0
07.07.2020,Hambantota,C-4,2250.0,2225.0
07.07.2020,Hambantota,H-1,2100.0,2075.0
07.07.2020,Hambantota,H-2,2050.0,2025.0
07.07.2020,Kalutara,M-4,1600.0,1600.0
07.07.2020,Matara,C-5,2300.0,2270.0
07.07.2020,Monaragala,Gorosu,1200.0,1066.0
07.07.2020,Kalutara,M-5,1900.0,1700.0
07.07.2020,Kalutara,C-5,2250.0,2235.0
07.07.2020,Kalutara,C-4,2000.0,1993.0
07.07.2020,Ratnapura,Alba,3000.0,2800.0
07.07.2020,Ratnapura,C-5 Sp,2500.0,2475.0
07.07.2020,Ratnapura,C-5,2300.0,2225.0
07.07.2020,Ratnapura,C-4,2200.0,2150.0
07.07.2020,Ratnapura,M-5,2000.0,1950.0
07.07.2020,Ratnapura,H-1,2050.0,1950.0
07.07.2020,Ratnapura,H-2,1300.0,1250.0
07.07.2020,Badulla,Heen,2200.0,1766.0
07.07.2020,Badulla,Gorosu,1400.0,1250.0
07.07.2020,Kurunegala,Heen,1700.0,1233.0
07.07.2020,Ratnapura,M-4,2000.0,1950.0
07.07.2020,Colombo,C-5 Sp,2800.0,2800.0
07.07.2020,Kurunegala,Gorosu,900.0,700.0
07.07.2020,Kalutara,Alba,2900.0,2867.0
07.07.2020,Gampaha,Gorosu,1200.0,1125.0
07.07.2020,Gampaha,C-4,1400.0,1375.0
07.07.2020,Gampaha,C-5,1800.0,1800.0
07.07.2020,Kalutara,C-5 Sp,2450.0,2440.0
07.07.2020,Colombo,H-1,2000.0,2000.0
07.07.2020,Colombo,C-4,2300.0,2300.0
07.07.2020,Colombo,C-5,2650.0,2650.0
07.07.2020,Colombo,H-2,1950.0,1950.0
14.07.2020,Matara,C-5 Sp,2500.0,2417.0
14.07.2020,Kalutara,H-1,1550.0,1530.0
14.07.2020,Kalutara,H-2,1450.0,1435.0
14.07.2020,Galle,Alba,3100.0,3050.0
14.07.2020,Galle,C-5 Sp,2500.0,2450.0
14.07.2020,Galle,C-5,2300.0,2250.0
14.07.2020,Galle,C-4,2240.0,2220.0
14.07.2020,Galle,H-1,2100.0,2050.0
14.07.2020,Galle,H-2,2000.0,1950.0
14.07.2020,Matara,Alba,3000.0,2850.0
14.07.2020,Matara,C-5,2350.0,2290.0
14.07.2020,Kalutara,M-4,1600.0,1600.0
14.07.2020,Matara,C-4,2280.0,2216.0
14.07.2020,Matara,M-5,2200.0,2188.0
14.07.2020,Matara,M-4,2200.0,2167.0
14.07.2020,Matara,H-1,2150.0,2116.0
14.07.2020,Matara,H-2,2080.0,2060.0
14.07.2020,Matara,H-Faq,2000.0,1660.0
14.07.2020,Hambantota,C-5,2300.0,2300.0
14.07.2020,Hambantota,C-4,2250.0,2225.0
14.07.2020,Hambantota,H-1,2130.0,2115.0
14.07.2020,Hambantota,H-2,2100.0,2050.0
14.07.2020,Monaragala,Gorosu,1300.0,1166.0
14.07.2020,Kalutara,M-5,1700.0,1685.0
14.07.2020,Kurunegala,Heen,2000.0,1333.0
14.07.2020,Kalutara,C-5,2250.0,2235.0
14.07.2020,Ratnapura,Alba,2850.0,2816.0
14.07.2020,Ratnapura,C-5 Sp,2700.0,2683.0
14.07.2020,Ratnapura,C-5,2450.0,2416.0
14.07.2020,Ratnapura,C-4,2250.0,2216.0
14.07.2020,Ratnapura,M-5,1900.0,1850.0
14.07.2020,Ratnapura,M-4,1900.0,1850.0
14.07.2020,Ratnapura,H-1,1850.0,1816.0
14.07.2020,Ratnapura,H-2,1350.0,1333.0
14.07.2020,Badulla,Heen,2200.0,1675.0
14.07.2020,Badulla,Gorosu,1700.0,1325.0
14.07.2020,Kalutara,C-4,2000.0,1983.0
14.07.2020,Colombo,C-5 Sp,2600.0,2600.0
14.07.2020,Colombo,C-5,2450.0,2450.0
14.07.2020,Colombo,C-4,2300.0,2300.0
14.07.2020,Colombo,H-1,2000.0,2000.0
14.07.2020,Colombo,H-2,1950.0,1950.0
14.07.2020,Gampaha,C-5,1800.0,1800.0
14.07.2020,Gampaha,C-4,1500.0,1300.0
14.07.2020,Gampaha,Gorosu,1000.0,1000.0
14.07.2020,Kalutara,Alba,2900.0,2867.0
14.07.2020,Kalutara,C-5 Sp,2450.0,2440.0
14.07.2020,Kurunegala,Gorosu,1000.0,733.0
21.07.2020,Matara,Alba,3000.0,2850.0
21.07.2020,Galle,H-2,2000.0,1950.0
21.07.2020,Galle,H-1,2100.0,2050.0
21.07.2020,Kalutara,H-2,1450.0,1435.0
21.07.2020,Galle,C-5,2300.0,2250.0
21.07.2020,Galle,C-5 Sp,2500.0,2450.0
21.07.2020,Galle,Alba,3100.0,3050.0
21.07.2020,Matara,C-5 Sp,2600.0,2500.0
21.07.2020,Galle,C-4,2240.0,2220.0
21.07.2020,Matara,C-5,2350.0,2310.0
21.07.2020,Matara,H-Faq,1950.0,1810.0
21.07.2020,Matara,M-5,2250.0,2218.0
21.07.2020,Matara,M-4,2200.0,2180.0
21.07.2020,Matara,H-1,2150.0,2132.0
21.07.2020,Matara,H-2,2100.0,2069.0
21.07.2020,Hambantota,C-5,2300.0,2300.0
21.07.2020,Hambantota,C-4,2250.0,2250.0
21.07.2020,Hambantota,H-1,2150.0,2125.0
21.07.2020,Hambantota,H-2,2100.0,2075.0
21.07.2020,Monaragala,Gorosu,1500.0,1375.0
21.07.2020,Kalutara,H-1,1550.0,1545.0
21.07.2020,Matara,C-4,2300.0,2243.0
21.07.2020,Kalutara,M-4,1600.0,1570.0
21.07.2020,Kalutara,M-5,1800.0,1765.0
21.07.2020,Ratnapura,Alba,2900.0,2866.0
21.07.2020,Kalutara,C-4,2000.0,1980.0
21.07.2020,Ratnapura,C-5 Sp,2600.0,2591.0
21.07.2020,Ratnapura,C-5,2350.0,2316.0
21.07.2020,Ratnapura,C-4,2250.0,2216.0
21.07.2020,Ratnapura,M-5,2000.0,1930.0
21.07.2020,Ratnapura,M-4,2000.0,1930.0
21.07.2020,Ratnapura,H-2,1450.0,1400.0
21.07.2020,Badulla,Heen,2100.0,1700.0
21.07.2020,Badulla,Gorosu,1700.0,1325.0
21.07.2020,Kurunegala,Heen,1800.0,1267.0
21.07.2020,Kurunegala,Gorosu,900.0,700.0
21.07.2020,Ratnapura,H-1,1950.0,1916.0
21.07.2020,Colombo,C-5,2500.0,2500.0
21.07.2020,Colombo,C-5 Sp,2700.0,2700.0
21.07.2020,Kalutara,C-5 Sp,2450.0,2440.0
21.07.2020,Kalutara,Alba,2900.0,2865.0
21.07.2020,Gampaha,Gorosu,1500.0,1300.0
21.07.2020,Gampaha,C-4,1700.0,1600.0
21.07.2020,Kalutara,C-5,2250.0,2235.0
21.07.2020,Colombo,H-2,2100.0,2100.0
21.07.2020,Colombo,H-1,2250.0,2250.0
21.07.2020,Colombo,C-4,2300.0,2300.0
21.07.2020,Gampaha,C-5,2000.0,2000.0
28.07.2020,Matara,C-5 Sp,2700.0,2550.0
28.07.2020,Kalutara,H-1,1550.0,1543.0
28.07.2020,Kalutara,H-2,1450.0,1435.0
28.07.2020,Galle,Alba,3100.0,3050.0
28.07.2020,Galle,C-5 Sp,2500.0,2450.0
28.07.2020,Galle,C-5,2300.0,2280.0
28.07.2020,Galle,C-4,2250.0,2240.0
28.07.2020,Galle,H-1,2150.0,2125.0
28.07.2020,Galle,H-2,2100.0,2080.0
28.07.2020,Matara,Alba,3000.0,2875.0
28.07.2020,Matara,C-5,2350.0,2296.0
28.07.2020,Kalutara,M-4,1600.0,1570.0
28.07.2020,Matara,M-5,2220.0,2210.0
28.07.2020,Matara,M-4,2200.0,2188.0
28.07.2020,Matara,H-1,2170.0,2158.0
28.07.2020,Matara,H-2,2150.0,2091.0
28.07.2020,Matara,H-Faq,2000.0,1820.0
28.07.2020,Hambantota,C-5,2300.0,2300.0
28.07.2020,Hambantota,C-4,2250.0,2225.0
28.07.2020,Hambantota,H-1,2180.0,2140.0
28.07.2020,Hambantota,H-2,2150.0,2075.0
28.07.2020,Monaragala,Gorosu,1200.0,1200.0
28.07.2020,Matara,C-4,2250.0,2236.0
28.07.2020,Kalutara,M-5,1800.0,1765.0
28.07.2020,Kalutara,Alba,2900.0,2865.0
28.07.2020,Kalutara,C-5,2250.0,2240.0
28.07.2020,Ratnapura,Alba,2950.0,2900.0
28.07.2020,Ratnapura,C-5,2500.0,2466.0
28.07.2020,Ratnapura,C-4,2250.0,2233.0
28.07.2020,Ratnapura,M-5,2000.0,1966.0
28.07.2020,Ratnapura,M-4,2000.0,1966.0
28.07.2020,Ratnapura,H-1,1900.0,1866.0
28.07.2020,Ratnapura,H-2,1500.0,1466.0
28.07.2020,Badulla,Heen,1500.0,1300.0
28.07.2020,Badulla,Gorosu,1200.0,933.0
28.07.2020,Kurunegala,Heen,1800.0,1267.0
28.07.2020,Ratnapura,C-5 Sp,2600.0,2566.0
28.07.2020,Colombo,C-5 Sp,2600.0,2600.0
28.07.2020,Kurunegala,Gorosu,900.0,700.0
28.07.2020,Kalutara,C-5 Sp,2470.0,2463.0
28.07.2020,Gampaha,Gorosu,1500.0,1325.0
28.07.2020,Gampaha,C-4,1800.0,1665.0
28.07.2020,Kalutara,C-4,2000.0,1980.0
28.07.2020,Colombo,H-2,2100.0,2100.0
28.07.2020,Colombo,H-1,2150.0,2150.0
28.07.2020,Colombo,C-4,2250.0,2250.0
28.07.2020,Colombo,C-5,2400.0,2400.0
28.07.2020,Gampaha,C-5,2200.0,2100.0
04.08.2020,Kalutara,C-5,2250.0,2240.0
04.08.2020,Kalutara,C-4,2000.0,1980.0
04.08.2020,Kalutara,M-5,1800.0,1785.0
04.08.2020,Kalutara,M-4,1600.0,1570.0
04.08.2020,Kalutara,H-1,1550.0,1543.0
04.08.2020,Kalutara,H-2,1450.0,1435.0
04.08.2020,Matara,Alba,3000.0,2867.0
04.08.2020,Matara,C-5 Sp,2600.0,2467.0
04.08.2020,Matara,C-5,2400.0,2333.0
04.08.2020,Matara,M-4,2200.0,2200.0
04.08.2020,Matara,M-5,2250.0,2210.0
04.08.2020,Matara,H-1,2170.0,2157.0
04.08.2020,Matara,H-2,2150.0,2100.0
04.08.2020,Hambantota,C-5,2300.0,2300.0
04.08.2020,Hambantota,C-4,2250.0,2250.0
04.08.2020,Hambantota,H-1,2150.0,2150.0
04.08.2020,Hambantota,H-2,2100.0,2100.0
04.08.2020,Kalutara,C-5 Sp,2470.0,2463.0
04.08.2020,Monaragala,Gorosu,1500.0,1400.0
04.08.2020,Matara,C-4,2300.0,2250.0
04.08.2020,Matara,H-Faq,2050.0,1925.0
04.08.2020,Kalutara,Alba,2900.0,2865.0
04.08.2020,Gampaha,C-4,1800.0,1625.0
04.08.2020,Gampaha,Gorosu,1300.0,1225.0
04.08.2020,Ratnapura,Alba,2900.0,2883.0
04.08.2020,Ratnapura,C-5 Sp,2700.0,2650.0
04.08.2020,Ratnapura,C-5,2450.0,2416.0
04.08.2020,Ratnapura,C-4,2150.0,2133.0
04.08.2020,Ratnapura,M-4,1900.0,1850.0
04.08.2020,Ratnapura,H-1,1850.0,1816.0
04.08.2020,Ratnapura,H-2,1650.0,1583.0
04.08.2020,Badulla,Heen,2200.0,1641.0
04.08.2020,Ratnapura,M-5,1900.0,1850.0
04.08.2020,Kurunegala,Heen,1800.0,1267.0
04.08.2020,Kurunegala,Gorosu,900.0,700.0
04.08.2020,Colombo,C-5 Sp,2700.0,2700.0
04.08.2020,Colombo,C-5,2400.0,2400.0
04.08.2020,Colombo,C-4,2300.0,2300.0
04.08.2020,Colombo,H-1,2150.0,2150.0
04.08.2020,Colombo,H-2,2100.0,2100.0
04.08.2020,Badulla,Gorosu,1800.0,1256.0
04.08.2020,Gampaha,C-5,2200.0,2200.0
11.08.2020,Matara,Alba,3000.0,2863.0
11.08.2020,Galle,H-2,2140.0,2120.0
11.08.2020,Galle,H-1,2200.0,2180.0
11.08.2020,Galle,C-4,2280.0,2270.0
11.08.2020,Galle,Alba,3300.0,3150.0
11.08.2020,Galle,C-5 Sp,2600.0,2580.0
11.08.2020,Kalutara,H-2,1450.0,1435.0
11.08.2020,Matara,C-5 Sp,2500.0,2450.0
11.08.2020,Galle,C-5,2350.0,2330.0
11.08.2020,Matara,C-5,2350.0,2333.0
11.08.2020,Hambantota,H-2,1390.0,1391.0
11.08.2020,Matara,M-5,2250.0,2225.0
11.08.2020,Matara,M-4,2200.0,2200.0
11.08.2020,Matara,H-1,2200.0,2168.0
11.08.2020,Matara,H-2,2150.0,2113.0
11.08.2020,Matara,H-Faq,2060.0,1882.0
11.08.2020,Hambantota,C-5,2400.0,2375.0
11.08.2020,Hambantota,C-4,2250.0,2250.0
11.08.2020,Hambantota,H-1,2180.0,2180.0
11.08.2020,Monaragala,Gorosu,1500.0,1400.0
11.08.2020,Kalutara,H-1,1550.0,1543.0
11.08.2020,Matara,C-4,2300.0,2246.0
11.08.2020,Kalutara,M-4,1600.0,1570.0
11.08.2020,Kalutara,M-5,1800.0,1765.0
11.08.2020,Ratnapura,Alba,2900.0,2866.0
11.08.2020,Ratnapura,C-5 Sp,2700.0,2650.0
11.08.2020,Ratnapura,C-5,2350.0,2333.0
11.08.2020,Ratnapura,C-4,2100.0,2050.0
11.08.2020,Ratnapura,M-5,1900.0,1866.0
11.08.2020,Ratnapura,M-4,1900.0,1866.0
11.08.2020,Ratnapura,H-1,1850.0,1816.0
11.08.2020,Ratnapura,H-2,1600.0,1550.0
11.08.2020,Badulla,Heen,2200.0,1598.0
11.08.2020,Badulla,Gorosu,1800.0,1200.0
11.08.2020,Kurunegala,Heen,1800.0,1267.0
11.08.2020,Kurunegala,Gorosu,1000.0,733.0
11.08.2020,Kalutara,C-4,2000.0,1900.0
11.08.2020,Colombo,C-5,2300.0,2300.0
11.08.2020,Colombo,C-4,2250.0,2250.0
11.08.2020,Colombo,H-1,2150.0,2150.0
11.08.2020,Colombo,H-2,2100.0,2100.0
11.08.2020,Gampaha,C-5,2200.0,2200.0
11.08.2020,Gampaha,C-4,1600.0,1550.0
11.08.2020,Gampaha,Gorosu,1200.0,1100.0
11.08.2020,Kalutara,Alba,2900.0,2865.0
11.08.2020,Kalutara,C-5 Sp,2470.0,2465.0
11.08.2020,Kalutara,C-5,2250.0,2240.0
11.08.2020,Colombo,C-5 Sp,2600.0,2600.0
18.08.2020,Matara,Alba,2800.0,2725.0
18.08.2020,Galle,H-2,2050.0,2025.0
18.08.2020,Galle,H-1,2125.0,2075.0
18.08.2020,Galle,C-4,2200.0,2190.0
18.08.2020,Kalutara,H-1,1680.0,1655.0
18.08.2020,Galle,C-5 Sp,2400.0,2375.0
18.08.2020,Galle,Alba,3200.0,3000.0
18.08.2020,Kalutara,H-2,1500.0,1467.0
18.08.2020,Matara,C-5 Sp,2600.0,2500.0
18.08.2020,Galle,C-5,2250.0,2230.0
18.08.2020,Matara,C-5,2450.0,2292.0
18.08.2020,Matara,H-2,2050.0,2014.0
18.08.2020,Matara,M-5,2170.0,2135.0
18.08.2020,Matara,M-4,2100.0,2100.0
18.08.2020,Matara,H-1,2100.0,2063.0
18.08.2020,Matara,H-Faq,2000.0,1738.0
18.08.2020,Hambantota,C-5,2200.0,2200.0
18.08.2020,Hambantota,C-4,2150.0,2150.0
18.08.2020,Hambantota,H-1,2050.0,2050.0
18.08.2020,Hambantota,H-2,2000.0,2000.0
18.08.2020,Monaragala,Gorosu,1500.0,1325.0
18.08.2020,Kalutara,M-4,1700.0,1650.0
18.08.2020,Matara,C-4,2200.0,2158.0
18.08.2020,Kalutara,C-4,2000.0,1995.0
18.08.2020,Colombo,H-2,2000.0,2000.0
18.08.2020,Kalutara,C-5,2300.0,2297.0
18.08.2020,Ratnapura,Alba,2800.0,2780.0
18.08.2020,Ratnapura,C-5 Sp,2450.0,2416.0
18.08.2020,Ratnapura,C-5,2200.0,2166.0
18.08.2020,Ratnapura,C-4,2050.0,2016.0
18.08.2020,Ratnapura,M-5,1850.0,1800.0
18.08.2020,Ratnapura,M-4,1850.0,1800.0
18.08.2020,Kalutara,M-5,1800.0,1786.0
18.08.2020,Ratnapura,H-2,1500.0,1450.0
18.08.2020,Badulla,Heen,2200.0,1591.0
18.08.2020,Badulla,Gorosu,1800.0,1200.0
18.08.2020,Kurunegala,Heen,1700.0,1233.0
18.08.2020,Ratnapura,H-1,1800.0,1750.0
18.08.2020,Colombo,C-5 Sp,2500.0,2500.0
18.08.2020,Kurunegala,Gorosu,1000.0,800.0
18.08.2020,Kalutara,Alba,2900.0,2867.0
18.08.2020,Gampaha,Gorosu,1400.0,1275.0
18.08.2020,Gampaha,C-4,1700.0,1625.0
18.08.2020,Kalutara,C-5 Sp,2500.0,2490.0
18.08.2020,Colombo,H-1,2100.0,2100.0
18.08.2020,Colombo,C-4,2200.0,2200.0
18.08.2020,Colombo,C-5,2300.0,2300.0
18.08.2020,Gampaha,C-5,2200.0,2200.0
25.08.2020,Matara,C-5 Sp,2500.0,2417.0
25.08.2020,Kalutara,H-2,1500.0,1467.0
25.08.2020,Galle,Alba,3200.0,3000.0
25.08.2020,Galle,C-5 Sp,2400.0,2375.0
25.08.2020,Galle,C-5,2250.0,2230.0
25.08.2020,Galle,C-4,2200.0,2190.0
25.08.2020,Galle,H-1,2125.0,2075.0
25.08.2020,Galle,H-2,2050.0,2025.0
25.08.2020,Matara,Alba,2900.0,2838.0
25.08.2020,Matara,C-5,2350.0,2283.0
25.08.2020,Kalutara,C-5 Sp,2500.0,2490.0
25.08.2020,Matara,M-5,2180.0,2165.0
25.08.2020,Matara,M-4,2150.0,2150.0
25.08.2020,Matara,H-1,2100.0,2080.0
25.08.2020,Matara,H-2,2100.0,2053.0
25.08.2020,Matara,H-Faq,2000.0,1825.0
25.08.2020,Hambantota,C-5,2300.0,2300.0
25.08.2020,Hambantota,C-4,2200.0,2175.0
25.08.2020,Hambantota,H-1,2100.0,2100.0
25.08.2020,Hambantota,H-2,2080.0,2065.0
25.08.2020,Monaragala,Gorosu,1500.0,1333.0
25.08.2020,Kalutara,H-1,1680.0,1655.0
25.08.2020,Matara,C-4,2200.0,2175.0
25.08.2020,Kalutara,M-4,1700.0,1650.0
25.08.2020,Colombo,C-4,2200.0,2200.0
25.08.2020,Kalutara,C-4,2000.0,1985.0
25.08.2020,Kalutara,M-5,1800.0,1786.0
25.08.2020,Ratnapura,Alba,2850.0,2016.0
25.08.2020,Ratnapura,C-5,2350.0,2316.0
25.08.2020,Ratnapura,C-4,2150.0,2116.0
25.08.2020,Ratnapura,M-5,2000.0,1966.0
25.08.2020,Ratnapura,M-4,2000.0,1966.0
25.08.2020,Ratnapura,H-1,1850.0,1816.0
25.08.2020,Ratnapura,H-2,1550.0,1533.0
25.08.2020,Badulla,Heen,2200.0,1625.0
25.08.2020,Badulla,Gorosu,1800.0,1200.0
25.08.2020,Kurunegala,Heen,2000.0,1400.0
25.08.2020,Ratnapura,C-5 Sp,2650.0,2633.0
25.08.2020,Colombo,C-5 Sp,2450.0,2450.0
25.08.2020,Kurunegala,Gorosu,1000.0,900.0
25.08.2020,Kalutara,C-5,2300.0,2295.0
25.08.2020,Gampaha,Gorosu,1300.0,1200.0
25.08.2020,Gampaha,C-4,1700.0,1575.0
25.08.2020,Kalutara,Alba,2900.0,2865.0
25.08.2020,Colombo,H-2,2000.0,2000.0
25.08.2020,Colombo,H-1,2100.0,2100.0
25.08.2020,Colombo,C-5,2300.0,2500.0
25.08.2020,Gampaha,C-5,2000.0,2000.0
31.08.2020,Galle,C-5,2250.0,2230.0
31.08.2020,Matara,C-5,2300.0,2283.0
31.08.2020,Galle,C-4,2200.0,2190.0
31.08.2020,Galle,C-5 Sp,2400.0,2375.0
31.08.2020,Galle,H-1,2125.0,2075.0
31.08.2020,Galle,H-2,2050.0,2025.0
31.08.2020,Matara,Alba,2900.0,2838.0
31.08.2020,Matara,C-5 Sp,2500.0,2433.0
31.08.2020,Matara,C-4,2250.0,2200.0
31.08.2020,Matara,H-2,2100.0,2065.0
31.08.2020,Matara,M-4,2150.0,2150.0
31.08.2020,Matara,H-1,2150.0,2114.0
31.08.2020,Matara,H-Faq,2000.0,1820.0
31.08.2020,Hambantota,C-5,2300.0,2300.0
31.08.2020,Hambantota,C-4,2200.0,2175.0
31.08.2020,Hambantota,H-1,2100.0,2100.0
31.08.2020,Hambantota,H-2,2080.0,2065.0
31.08.2020,Galle,Alba,3200.0,3000.0
31.08.2020,Monaragala,Gorosu,1500.0,1500.0
31.08.2020,Matara,M-5,2180.0,2170.0
31.08.2020,Kalutara,H-2,1500.0,1467.0
31.08.2020,Kalutara,Alba,2900.0,2865.0
31.08.2020,Kalutara,M-4,1700.0,1680.0
31.08.2020,Ratnapura,Alba,2800.0,2750.0
31.08.2020,Ratnapura,C-5 Sp,2650.0,2616.0
31.08.2020,Ratnapura,C-5,2250.0,2216.0
31.08.2020,Ratnapura,C-4,2150.0,2116.0
31.08.2020,Kalutara,H-1,1680.0,1655.0
31.08.2020,Ratnapura,M-4,1900.0,1800.0
31.08.2020,Ratnapura,H-1,1800.0,1750.0
31.08.2020,Ratnapura,H-2,1400.0,1366.0
31.08.2020,Badulla,Heen,2200.0,1625.0
31.08.2020,Ratnapura,M-5,1900.0,1800.0
31.08.2020,Kurunegala,Heen,1800.0,1267.0
31.08.2020,Kurunegala,Gorosu,900.0,833.0
31.08.2020,Gampaha,C-5,2100.0,2050.0
31.08.2020,Gampaha,C-4,1700.0,1625.0
31.08.2020,Gampaha,Gorosu,1500.0,1275.0
31.08.2020,Kalutara,C-5 Sp,2500.0,2480.0
31.08.2020,Kalutara,C-5,2300.0,2295.0
31.08.2020,Kalutara,C-4,2000.0,1985.0
31.08.2020,Kalutara,M-5,1800.0,1786.0
31.08.2020,Badulla,Gorosu,1800.0,1183.0
08.09.2020,Matara,Alba,2900.0,2812.0
08.09.2020,Galle,H-2,2050.0,2030.0
08.09.2020,Galle,H-1,2100.0,2075.0
08.09.2020,Galle,C-4,2200.0,2190.0
08.09.2020,Kalutara,H-1,1670.0,1655.0
08.09.2020,Galle,C-5 Sp,2400.0,2375.0
08.09.2020,Galle,Alba,3200.0,3100.0
08.09.2020,Kalutara,H-2,1500.0,1465.0
08.09.2020,Matara,C-5 Sp,2500.0,2450.0
08.09.2020,Galle,C-5,2250.0,2230.0
08.09.2020,Matara,C-5,2400.0,2317.0
08.09.2020,Kalutara,M-4,1700.0,1680.0
08.09.2020,Matara,M-5,2200.0,2175.0
08.09.2020,Matara,M-4,2170.0,2170.0
08.09.2020,Matara,H-1,2140.0,2115.0
08.09.2020,Matara,H-2,2100.0,2075.0
08.09.2020,Matara,H-Faq,2000.0,1800.0
08.09.2020,Hambantota,C-5,2300.0,2300.0
08.09.2020,Hambantota,C-4,2200.0,2175.0
08.09.2020,Hambantota,H-1,2100.0,2100.0
08.09.2020,Hambantota,H-2,2050.0,2050.0
08.09.2020,Monaragala,Gorosu,1500.0,1350.0
08.09.2020,Matara,C-4,2220.0,2203.0
08.09.2020,Kalutara,M-5,1800.0,1786.0
08.09.2020,Gampaha,C-4,1800.0,1625.0
08.09.2020,Kalutara,C-5,2300.0,2295.0
08.09.2020,Ratnapura,Alba,2750.0,2716.0
08.09.2020,Ratnapura,C-5 Sp,2600.0,2550.0
08.09.2020,Ratnapura,C-5,2400.0,2350.0
08.09.2020,Ratnapura,C-4,2200.0,2166.0
08.09.2020,Ratnapura,M-5,1900.0,1883.0
08.09.2020,Ratnapura,M-4,1900.0,1883.0
08.09.2020,Ratnapura,H-2,1600.0,1566.0
08.09.2020,Badulla,Heen,2200.0,1608.0
08.09.2020,Badulla,Gorosu,1800.0,1166.0
08.09.2020,Kurunegala,Heen,1800.0,1267.0
08.09.2020,Ratnapura,H-1,1900.0,1850.0
08.09.2020,Colombo,C-5 Sp,2400.0,2400.0
08.09.2020,Kurunegala,Gorosu,900.0,833.0
08.09.2020,Kalutara,Alba,2900.0,2865.0
08.09.2020,Gampaha,Gorosu,1200.0,1150.0
08.09.2020,Kalutara,C-4,2100.0,2066.0
08.09.2020,Gampaha,C-5,2000.0,2000.0
08.09.2020,Kalutara,C-5 Sp,2500.0,2480.0
08.09.2020,Colombo,H-1,2100.0,2100.0
08.09.2020,Colombo,C-4,2150.0,2150.0
08.09.2020,Colombo,C-5,2300.0,2300.0
08.09.2020,Colombo,H-2,2000.0,2000.0
15.09.2020,Matara,C-5 Sp,2500.0,2417.0
15.09.2020,Kalutara,H-1,1700.0,1660.0
15.09.2020,Kalutara,H-2,1600.0,1565.0
15.09.2020,Galle,Alba,3100.0,3050.0
15.09.2020,Galle,C-5 Sp,2400.0,2375.0
15.09.2020,Galle,C-5,2250.0,2235.0
15.09.2020,Galle,C-4,2200.0,2190.0
15.09.2020,Galle,H-1,2130.0,2095.0
15.09.2020,Galle,H-2,2100.0,2050.0
15.09.2020,Matara,Alba,3000.0,2838.0
15.09.2020,Matara,C-5,2400.0,2288.0
15.09.2020,Monaragala,Gorosu,1500.0,1400.0
15.09.2020,Matara,M-5,2220.0,2185.0
15.09.2020,Matara,M-4,2180.0,2165.0
15.09.2020,Matara,H-1,2150.0,2120.0
15.09.2020,Matara,H-2,2120.0,2094.0
15.09.2020,Matara,H-Faq,2000.0,1800.0
15.09.2020,Hambantota,C-5,2300.0,2300.0
15.09.2020,Hambantota,C-4,2200.0,2200.0
15.09.2020,Hambantota,H-1,2100.0,2100.0
15.09.2020,Hambantota,H-2,2050.0,2025.0
15.09.2020,Kalutara,M-4,1800.0,1770.0
15.09.2020,Matara,C-4,2250.0,2210.0
15.09.2020,Kalutara,M-5,1900.0,1865.0
15.09.2020,Kalutara,C-4,2100.0,2070.0
15.09.2020,Kalutara,C-5,2300.0,2295.0
15.09.2020,Ratnapura,C-5 Sp,2400.0,2366.0
15.09.2020,Ratnapura,C-5,2300.0,2266.0
15.09.2020,Ratnapura,C-4,2100.0,2050.0
15.09.2020,Ratnapura,M-5,2000.0,1950.0
15.09.2020,Ratnapura,M-4,2000.0,1950.0
15.09.2020,Ratnapura,H-1,1950.0,1900.0
15.09.2020,Ratnapura,H-2,1700.0,1683.0
15.09.2020,Badulla,Heen,2200.0,1541.0
15.09.2020,Badulla,Gorosu,1800.0,1116.0
15.09.2020,Kurunegala,Heen,2000.0,1333.0
15.09.2020,Ratnapura,Alba,2700.0,2666.0
15.09.2020,Colombo,C-5 Sp,2400.0,2400.0
15.09.2020,Colombo,C-5,2300.0,2300.0
15.09.2020,Colombo,C-4,2150.0,2150.0
15.09.2020,Colombo,H-1,2100.0,2100.0
15.09.2020,Colombo,H-2,2000.0,2000.0
15.09.2020,Gampaha,C-5,2100.0,2100.0
15.09.2020,Gampaha,C-4,1800.0,1675.0
15.09.2020,Gampaha,Gorosu,1500.0,1450.0
15.09.2020,Kalutara,Alba,2900.0,2865.0
15.09.2020,Kalutara,C-5 Sp,2500.0,2480.0
15.09.2020,Kurunegala,Gorosu,1000.0,867.0
22.09.2020,Matara,Alba,3000.0,2862.0
22.09.2020,Galle,H-2,2020.0,2000.0
22.09.2020,Galle,H-1,2130.0,2120.0
22.09.2020,Kalutara,H-2,1600.0,1568.0
22.09.2020,Galle,C-5,2250.0,2240.0
22.09.2020,Galle,C-5 Sp,2400.0,2350.0
22.09.2020,Galle,Alba,3050.0,3000.0
22.09.2020,Matara,C-5 Sp,2500.0,2417.0
22.09.2020,Galle,C-4,2220.0,2200.0
22.09.2020,Matara,C-5,2300.0,2262.0
22.09.2020,Matara,H-Faq,2050.0,1700.0
22.09.2020,Matara,M-5,2220.0,2185.0
22.09.2020,Matara,M-4,2200.0,2200.0
22.09.2020,Matara,H-1,2150.0,2120.0
22.09.2020,Matara,H-2,2120.0,2074.0
22.09.2020,Hambantota,C-5,2350.0,2325.0
22.09.2020,Hambantota,C-4,2230.0,2215.0
22.09.2020,Hambantota,H-1,2150.0,2150.0
22.09.2020,Hambantota,H-2,2100.0,2100.0
22.09.2020,Monaragala,Gorosu,1500.0,1400.0
22.09.2020,Kalutara,H-1,1700.0,1665.0
22.09.2020,Matara,C-4,2250.0,2193.0
22.09.2020,Kalutara,M-4,1900.0,1860.0
22.09.2020,Kalutara,M-5,2000.0,1965.0
22.09.2020,Ratnapura,Alba,3200.0,3100.0
22.09.2020,Ratnapura,C-5 Sp,2600.0,2583.0
22.09.2020,Ratnapura,C-5,2450.0,2416.0
22.09.2020,Ratnapura,C-4,2100.0,2083.0
22.09.2020,Ratnapura,M-5,1900.0,1883.0
22.09.2020,Ratnapura,M-4,1900.0,1883.0
22.09.2020,Ratnapura,H-1,1850.0,1783.0
22.09.2020,Ratnapura,H-2,1650.0,1666.0
22.09.2020,Badulla,Heen,2200.0,1600.0
22.09.2020,Badulla,Gorosu,1800.0,1183.0
22.09.2020,Kurunegala,Heen,2000.0,1333.0
22.09.2020,Kurunegala,Gorosu,1000.0,867.0
22.09.2020,Kalutara,C-4,2200.0,2167.0
22.09.2020,Colombo,C-5,2250.0,2250.0
22.09.2020,Colombo,C-4,2150.0,2150.0
22.09.2020,Colombo,H-1,2100.0,2100.0
22.09.2020,Colombo,H-2,2050.0,2050.0
22.09.2020,Gampaha,C-5,2000.0,2000.0
22.09.2020,Gampaha,C-4,1600.0,1575.0
22.09.2020,Gampaha,Gorosu,1300.0,1275.0
22.09.2020,Kalutara,Alba,2900.0,2865.0
22.09.2020,Kalutara,C-5 Sp,2500.0,2480.0
22.09.2020,Kalutara,C-5,2300.0,2295.0
22.09.2020,Colombo,C-5 Sp,2400.0,2400.0
29.09.2020,Matara,Alba,3000.0,2838.0
29.09.2020,Galle,H-2,2020.0,2000.0
29.09.2020,Galle,H-1,2120.0,2100.0
29.09.2020,Galle,C-4,2220.0,2210.0
29.09.2020,Kalutara,H-1,1700.0,1665.0
29.09.2020,Galle,C-5 Sp,2400.0,2350.0
29.09.2020,Galle,Alba,3050.0,3000.0
29.09.2020,Kalutara,H-2,1600.0,1567.0
29.09.2020,Matara,C-5 Sp,2550.0,2450.0
29.09.2020,Galle,C-5,2250.0,2240.0
29.09.2020,Matara,C-5,2400.0,2333.0
29.09.2020,Matara,H-2,2100.0,2085.0
29.09.2020,Matara,M-5,2230.0,2215.0
29.09.2020,Matara,M-4,2200.0,2200.0
29.09.2020,Matara,H-1,2150.0,2150.0
29.09.2020,Matara,H-Faq,2000.0,1850.0
29.09.2020,Hambantota,C-5,2350.0,2325.0
29.09.2020,Hambantota,C-4,2250.0,2225.0
29.09.2020,Hambantota,H-1,2150.0,2150.0
29.09.2020,Hambantota,H-2,2100.0,2100.0
29.09.2020,Monaragala,Gorosu,1300.0,1220.0
29.09.2020,Kalutara,M-4,1900.0,1860.0
29.09.2020,Matara,C-4,2250.0,2241.0
29.09.2020,Kalutara,C-4,2200.0,2167.0
29.09.2020,Gampaha,C-5,2200.0,2150.0
29.09.2020,Kalutara,C-5,2300.0,2295.0
29.09.2020,Ratnapura,Alba,3200.0,3133.0
29.09.2020,Ratnapura,C-5 Sp,2600.0,2516.0
29.09.2020,Ratnapura,C-5,2400.0,2383.0
29.09.2020,Ratnapura,C-4,2250.0,2150.0
29.09.2020,Ratnapura,M-5,2000.0,1950.0
29.09.2020,Ratnapura,M-4,2000.0,1950.0
29.09.2020,Kalutara,M-5,2000.0,1965.0
29.09.2020,Ratnapura,H-2,1700.0,1600.0
29.09.2020,Badulla,Heen,2200.0,1591.0
29.09.2020,Badulla,Gorosu,1800.0,1116.0
29.09.2020,Kurunegala,Heen,1900.0,1300.0
29.09.2020,Ratnapura,H-1,2050.0,2016.0
29.09.2020,Colombo,C-5 Sp,2400.0,2400.0
29.09.2020,Colombo,C-5,2300.0,2300.0
29.09.2020,Colombo,C-4,2200.0,2200.0
29.09.2020,Colombo,H-1,2100.0,2100.0
29.09.2020,Colombo,H-2,2000.0,2000.0
29.09.2020,Gampaha,C-4,1800.0,1650.0
29.09.2020,Gampaha,Gorosu,1500.0,1400.0
29.09.2020,Kalutara,Alba,2900.0,2865.0
29.09.2020,Kalutara,C-5 Sp,2500.0,2480.0
29.09.2020,Kurunegala,Gorosu,1000.0,867.0
06.10.2020,Monaragala,Gorosu,1500.0,1500.0
06.10.2020,Galle,H-2,2020.0,2010.0
06.10.2020,Galle,H-1,2120.0,2110.0
06.10.2020,Galle,C-4,2200.0,2200.0
06.10.2020,Kalutara,H-1,1700.0,1665.0
06.10.2020,Galle,C-5 Sp,2420.0,2410.0
06.10.2020,Galle,Alba,3100.0,3050.0
06.10.2020,Kalutara,H-2,1600.0,1567.0
06.10.2020,Matara,Alba,2900.0,2863.0
06.10.2020,Galle,C-5,2300.0,2275.0
06.10.2020,Matara,C-5 Sp,2600.0,2525.0
06.10.2020,Kalutara,M-4,1900.0,1860.0
06.10.2020,Matara,C-4,2300.0,2264.0
06.10.2020,Matara,M-5,2250.0,2213.0
06.10.2020,Matara,M-4,2200.0,2175.0
06.10.2020,Matara,H-1,2160.0,2154.0
06.10.2020,Matara,H-2,2120.0,2093.0
06.10.2020,Matara,H-Faq,2000.0,1813.0
06.10.2020,Hambantota,C-5,2250.0,2240.0
06.10.2020,Hambantota,C-4,2200.0,2200.0
06.10.2020,Hambantota,H-1,2150.0,2140.0
06.10.2020,Hambantota,H-2,2100.0,2100.0
06.10.2020,Matara,C-5,2400.0,2310.0
06.10.2020,Kalutara,M-5,2000.0,1965.0
06.10.2020,Colombo,C-5,2300.0,2300.0
06.10.2020,Kalutara,C-5,2300.0,2283.0
06.10.2020,Ratnapura,Alba,3200.0,3133.0
06.10.2020,Ratnapura,C-5 Sp,2500.0,2450.0
06.10.2020,Ratnapura,C-5,2450.0,2420.0
06.10.2020,Ratnapura,C-4,2200.0,2100.0
06.10.2020,Ratnapura,M-5,1850.0,1833.0
06.10.2020,Ratnapura,M-4,1850.0,1833.0
06.10.2020,Ratnapura,H-1,1900.0,1850.0
06.10.2020,Ratnapura,H-2,1600.0,1550.0
06.10.2020,Badulla,Heen,2200.0,1850.0
06.10.2020,Badulla,Gorosu,1800.0,1400.0
06.10.2020,Kalutara,C-4,2200.0,2167.0
06.10.2020,Kurunegala,Gorosu,1000.0,867.0
06.10.2020,Colombo,C-5 Sp,2400.0,2400.0
06.10.2020,Colombo,C-4,2200.0,2200.0
06.10.2020,Colombo,H-1,2100.0,2100.0
06.10.2020,Colombo,H-2,2000.0,2000.0
06.10.2020,Gampaha,C-5,2200.0,2025.0
06.10.2020,Gampaha,C-4,1700.0,1625.0
06.10.2020,Gampaha,Gorosu,1500.0,1400.0
06.10.2020,Kalutara,Alba,2900.0,2865.0
06.10.2020,Kalutara,C-5 Sp,2500.0,2480.0
06.10.2020,Kurunegala,Heen,1600.0,1200.0
13.10.2020,Matara,C-5 Sp,2600.0,2538.0
13.10.2020,Matara,Alba,2900.0,2838.0
13.10.2020,Galle,H-2,2100.0,2075.0
13.10.2020,Galle,Alba,3100.0,3050.0
13.10.2020,Galle,C-4,2250.0,2240.0
13.10.2020,Galle,C-5,2350.0,2335.0
13.10.2020,Galle,C-5 Sp,2500.0,2480.0
13.10.2020,Matara,C-5,2450.0,2340.0
13.10.2020,Galle,H-1,2150.0,2140.0
13.10.2020,Matara,C-4,2300.0,2264.0
13.10.2020,Matara,H-Faq,2050.0,1850.0
13.10.2020,Matara,M-4,2220.0,2198.0
13.10.2020,Matara,H-1,2200.0,2171.0
13.10.2020,Matara,H-2,2150.0,2116.0
13.10.2020,Hambantota,C-5,2300.0,2300.0
13.10.2020,Hambantota,C-4,2250.0,2250.0
13.10.2020,Hambantota,H-1,2170.0,2170.0
13.10.2020,Hambantota,H-2,2150.0,2150.0
13.10.2020,Monaragala,Gorosu,1500.0,1300.0
13.10.2020,Kalutara,H-2,1600.0,1570.0
13.10.2020,Matara,M-5,2250.0,2225.0
13.10.2020,Kalutara,H-1,1700.0,1665.0
13.10.2020,Kalutara,M-5,2000.0,1965.0
13.10.2020,Ratnapura,Alba,3100.0,3033.0
13.10.2020,Kalutara,M-4,1900.0,1860.0
13.10.2020,Ratnapura,C-5 Sp,2650.0,2616.0
13.10.2020,Ratnapura,C-5,2450.0,2416.0
13.10.2020,Ratnapura,C-4,2150.0,2133.0
13.10.2020,Ratnapura,M-5,1900.0,1850.0
13.10.2020,Ratnapura,M-4,1900.0,1850.0
13.10.2020,Ratnapura,H-2,1500.0,1450.0
13.10.2020,Badulla,Heen,2200.0,1608.0
13.10.2020,Badulla,Gorosu,1800.0,1166.0
13.10.2020,Kurunegala,Heen,1800.0,1267.0
13.10.2020,Ratnapura,H-1,1800.0,1700.0
13.10.2020,Colombo,C-5 Sp,2400.0,2400.0
13.10.2020,Kurunegala,Gorosu,900.0,833.0
13.10.2020,Kalutara,C-5,2300.0,2283.0
13.10.2020,Kalutara,C-5 Sp,2500.0,2490.0
13.10.2020,Kalutara,Alba,2900.0,2865.0
13.10.2020,Kalutara,C-4,2200.0,2167.0
13.10.2020,Colombo,H-1,2100.0,2100.0
13.10.2020,Colombo,C-4,2150.0,2150.0
13.10.2020,Colombo,C-5,2300.0,2300.0
13.10.2020,Colombo,H-2,2000.0,2000.0
20.10.2020,Matara,C-5 Sp,2600.0,2500.0
20.10.2020,Galle,C-5 Sp,2500.0,2480.0
20.10.2020,Galle,C-5,2350.0,2330.0
20.10.2020,Monaragala,Gorosu,1500.0,1375.0
20.10.2020,Galle,C-4,2250.0,2240.0
20.10.2020,Galle,H-1,2150.0,2140.0
20.10.2020,Galle,H-2,2100.0,2075.0
20.10.2020,Matara,Alba,2900.0,2850.0
20.10.2020,Matara,C-5,2400.0,2300.0
20.10.2020,Galle,Alba,3100.0,3050.0
20.10.2020,Matara,M-5,2200.0,2188.0
20.10.2020,Matara,M-4,2150.0,2150.0
20.10.2020,Matara,H-1,2150.0,2123.0
20.10.2020,Matara,H-2,2150.0,2086.0
20.10.2020,Matara,H-Faq,2000.0,1788.0
20.10.2020,Hambantota,C-5,2250.0,2250.0
20.10.2020,Hambantota,C-4,2200.0,2200.0
20.10.2020,Hambantota,H-1,2150.0,2125.0
20.10.2020,Hambantota,H-2,2100.0,2050.0
20.10.2020,Matara,C-4,2250.0,2229.0
20.10.2020,Kalutara,H-2,1600.0,1570.0
20.10.2020,Kalutara,C-5 Sp,2500.0,2490.0
20.10.2020,Kalutara,M-4,1900.0,1860.0
20.10.2020,Kalutara,H-1,1700.0,1665.0
20.10.2020,Ratnapura,Alba,3100.0,3000.0
20.10.2020,Ratnapura,C-5 Sp,2600.0,2583.0
20.10.2020,Ratnapura,C-5,2450.0,2433.0
20.10.2020,Ratnapura,C-4,2250.0,2216.0
20.10.2020,Ratnapura,M-5,1900.0,1850.0
20.10.2020,Ratnapura,H-1,1700.0,1616.0
20.10.2020,Ratnapura,H-2,1450.0,1416.0
20.10.2020,Badulla,Heen,2200.0,1575.0
20.10.2020,Ratnapura,M-4,1900.0,1850.0
20.10.2020,Colombo,C-5 Sp,2400.0,2400.0
20.10.2020,Badulla,Gorosu,1800.0,1191.0
20.10.2020,Kalutara,C-4,2200.0,2167.0
20.10.2020,Kalutara,C-5,2300.0,2285.0
20.10.2020,Kalutara,Alba,2900.0,2865.0
20.10.2020,Kalutara,M-5,2000.0,1965.0
20.10.2020,Colombo,H-1,2100.0,2100.0
20.10.2020,Colombo,C-4,2200.0,2200.0
20.10.2020,Colombo,C-5,2300.0,2300.0
20.10.2020,Colombo,H-2,2000.0,2000.0
27.10.2020,Matara,C-5,2400.0,2310.0
27.10.2020,Galle,C-5 Sp,2500.0,2480.0
27.10.2020,Galle,C-5,2350.0,2330.0
27.10.2020,Galle,C-4,2250.0,2225.0
27.10.2020,Galle,H-1,2100.0,2080.0
27.10.2020,Galle,H-2,2080.0,2050.0
27.10.2020,Matara,Alba,2900.0,2850.0
27.10.2020,Matara,C-5 Sp,2700.0,2563.0
27.10.2020,Matara,C-4,2300.0,2236.0
27.10.2020,Monaragala,Gorosu,1300.0,1188.0
27.10.2020,Matara,M-4,2200.0,2170.0
27.10.2020,Matara,H-1,2150.0,2144.0
27.10.2020,Matara,H-2,2100.0,2088.0
27.10.2020,Matara,H-Faq,2000.0,1870.0
27.10.2020,Hambantota,C-5,2300.0,2300.0
27.10.2020,Hambantota,C-4,2250.0,2250.0
27.10.2020,Hambantota,H-1,2120.0,2120.0
27.10.2020,Hambantota,H-2,2100.0,2100.0
27.10.2020,Galle,Alba,3100.0,3050.0
27.10.2020,Matara,M-5,2250.0,2200.0
27.10.2020,Kalutara,H-2,1600.0,1570.0
27.10.2020,Kalutara,C-4,2200.0,2167.0
27.10.2020,Kalutara,M-4,1900.0,1860.0
27.10.2020,Ratnapura,Alba,3000.0,2966.0
27.10.2020,Ratnapura,C-5 Sp,2700.0,2600.0
27.10.2020,Kalutara,H-1,1700.0,1665.0
27.10.2020,Ratnapura,C-4,2200.0,2183.0
27.10.2020,Ratnapura,M-5,1950.0,1900.0
27.10.2020,Ratnapura,M-4,1950.0,1900.0
27.10.2020,Ratnapura,H-1,1800.0,1750.0
27.10.2020,Ratnapura,H-2,1450.0,1433.0
27.10.2020,Badulla,Heen,2200.0,1558.0
27.10.2020,Ratnapura,C-5,2450.0,2433.0
27.10.2020,Colombo,C-5 Sp,2450.0,2450.0
27.10.2020,Colombo,C-5,2300.0,2300.0
27.10.2020,Colombo,C-4,2250.0,2250.0
27.10.2020,Colombo,H-1,2100.0,2100.0
27.10.2020,Colombo,H-2,2000.0,2000.0
27.10.2020,Kalutara,Alba,2900.0,2865.0
27.10.2020,Kalutara,C-5 Sp,2500.0,2490.0
27.10.2020,Kalutara,C-5,2300.0,2285.0
27.10.2020,Kalutara,M-5,2000.0,1965.0
27.10.2020,Badulla,Gorosu,1800.0,1100.0
03.11.2020,Matara,C-5 Sp,2500.0,2450.0
03.11.2020,Monaragala,Gorosu,1500.0,1325.0
03.11.2020,Matara,C-4,2250.0,2217.0
03.11.2020,Matara,M-5,2200.0,2200.0
03.11.2020,Matara,M-4,2150.0,2150.0
03.11.2020,Matara,H-1,2150.0,2113.0
03.11.2020,Hambantota,H-1,2150.0,2125.0
03.11.2020,Matara,H-Faq,1950.0,1817.0
03.11.2020,Hambantota,C-5,2250.0,2250.0
03.11.2020,Hambantota,C-4,2200.0,2200.0
03.11.2020,Hambantota,H-2,2100.0,2100.0
03.11.2020,Hambantota,Gorosu,2100.0,2100.0
03.11.2020,Matara,Alba,2900.0,2867.0
03.11.2020,Matara,H-2,2100.0,2040.0
03.11.2020,Galle,H-2,2130.0,2100.0
03.11.2020,Matara,C-5,2300.0,2300.0
03.11.2020,Galle,C-4,2280.0,2265.0
03.11.2020,Galle,H-1,2150.0,2125.0
03.11.2020,Ratnapura,Alba,3000.0,2900.0
03.11.2020,Ratnapura,C-5 Sp,2550.0,2500.0
03.11.2020,Ratnapura,C-4,2150.0,2116.0
03.11.2020,Ratnapura,M-5,1850.0,1816.0
03.11.2020,Ratnapura,M-4,1850.0,1816.0
03.11.2020,Ratnapura,C-5,2450.0,2383.0
03.11.2020,Ratnapura,H-2,1600.0,1533.0
03.11.2020,Badulla,Heen,2200.0,1691.0
03.11.2020,Badulla,Gorosu,1800.0,1133.0
03.11.2020,Galle,Alba,3500.0,3250.0
03.11.2020,Galle,C-5 Sp,2550.0,2525.0
03.11.2020,Galle,C-5,2350.0,2325.0
03.11.2020,Ratnapura,H-1,1800.0,1750.0
10.11.2020,Matara,C-4,2250.0,2243.0
10.11.2020,Galle,C-4,2280.0,2265.0
10.11.2020,Galle,H-1,2150.0,2125.0
10.11.2020,Galle,H-2,2130.0,2100.0
10.11.2020,Matara,Alba,2900.0,2900.0
10.11.2020,Matara,C-5 Sp,2400.0,2380.0
10.11.2020,Matara,C-5,2300.0,2296.0
10.11.2020,Matara,M-5,2200.0,2190.0
10.11.2020,Hambantota,H-2,2100.0,2100.0
10.11.2020,Matara,H-1,2100.0,2100.0
10.11.2020,Matara,H-2,2100.0,2034.0
10.11.2020,Matara,H-Faq,1800.0,1800.0
10.11.2020,Hambantota,C-5,2250.0,2250.0
10.11.2020,Hambantota,C-4,2200.0,2200.0
10.11.2020,Hambantota,H-1,2150.0,2125.0
10.11.2020,Galle,C-5,2350.0,2325.0
10.11.2020,Monaragala,Gorosu,1500.0,1325.0
10.11.2020,Matara,M-4,2150.0,2150.0
10.11.2020,Galle,Alba,3500.0,3250.0
10.11.2020,Galle,C-5 Sp,2550.0,2525.0
10.11.2020,Kalutara,H-1,1700.0,1685.0
10.11.2020,Kalutara,H-2,1600.0,1600.0
10.11.2020,Ratnapura,C-5 Sp,2700.0,2600.0
10.11.2020,Ratnapura,C-5,2500.0,2483.0
10.11.2020,Ratnapura,C-4,2200.0,2133.0
10.11.2020,Ratnapura,M-5,2100.0,2000.0
10.11.2020,Ratnapura,M-4,2100.0,2000.0
10.11.2020,Ratnapura,H-1,2000.0,1966.0
10.11.2020,Ratnapura,H-2,1800.0,1733.0
10.11.2020,Badulla,Heen,2200.0,1775.0
10.11.2020,Ratnapura,Alba,2900.0,2866.0
10.11.2020,Kurunegala,Heen,1700.0,1233.0
10.11.2020,Kurunegala,Gorosu,900.0,833.0
10.11.2020,Kalutara,Alba,2900.0,2900.0
10.11.2020,Kalutara,C-5 Sp,2500.0,2450.0
10.11.2020,Kalutara,C-5,2300.0,2285.0
10.11.2020,Kalutara,C-4,2200.0,2150.0
10.11.2020,Kalutara,M-5,2000.0,2000.0
10.11.2020,Kalutara,M-4,1900.0,1900.0
10.11.2020,Badulla,Gorosu,1800.0,1150.0
17.11.2020,Matara,C-5,2400.0,2398.0
17.11.2020,Matara,C-5 Sp,2650.0,2550.0
17.11.2020,Galle,C-4,2300.0,2290.0
17.11.2020,Galle,H-2,2050.0,2030.0
17.11.2020,Galle,H-1,2150.0,2145.0
17.11.2020,Matara,C-4,2300.0,2284.0
17.11.2020,Matara,Alba,2900.0,2900.0
17.11.2020,Matara,M-5,2250.0,2225.0
17.11.2020,Hambantota,C-5,2350.0,2300.0
17.11.2020,Matara,H-1,2150.0,2123.0
17.11.2020,Matara,H-2,2100.0,2067.0
17.11.2020,Matara,H-Faq,2000.0,1883.0
17.11.2020,Hambantota,C-4,2300.0,2265.0
17.11.2020,Hambantota,H-1,2150.0,2100.0
17.11.2020,Hambantota,H-2,2100.0,2050.0
17.11.2020,Monaragala,Gorosu,1500.0,1430.0
17.11.2020,Galle,C-5,2350.0,2320.0
17.11.2020,Matara,M-4,2200.0,2175.0
17.11.2020,Galle,Alba,3100.0,3050.0
17.11.2020,Galle,C-5 Sp,2500.0,2450.0
17.11.2020,Kalutara,H-1,1850.0,1825.0
17.11.2020,Ratnapura,C-5 Sp,2700.0,2600.0
17.11.2020,Ratnapura,C-5,2400.0,2383.0
17.11.2020,Ratnapura,C-4,2250.0,2216.0
17.11.2020,Ratnapura,M-5,2000.0,1983.0
17.11.2020,Ratnapura,M-4,2000.0,1983.0
17.11.2020,Ratnapura,H-1,2050.0,2016.0
17.11.2020,Ratnapura,H-2,1650.0,1583.0
17.11.2020,Badulla,Heen,2200.0,1725.0
17.11.2020,Badulla,Gorosu,1800.0,1275.0
17.11.2020,Ratnapura,Alba,3100.0,3033.0
17.11.2020,Kurunegala,Gorosu,900.0,833.0
17.11.2020,Kurunegala,Heen,1800.0,1267.0
17.11.2020,Kalutara,M-4,1900.0,1900.0
17.11.2020,Kalutara,M-5,2000.0,2200.0
17.11.2020,Kalutara,H-2,1700.0,1700.0
17.11.2020,Kalutara,C-5,2300.0,2285.0
17.11.2020,Kalutara,C-5 Sp,2500.0,2450.0
17.11.2020,Kalutara,Alba,2900.0,2900.0
17.11.2020,Kalutara,C-4,2200.0,2150.0
24.11.2020,Galle,C-5 Sp,2450.0,2425.0
24.11.2020,Galle,C-5,2350.0,2320.0
24.11.2020,Galle,C-4,2300.0,2280.0
24.11.2020,Galle,H-1,2100.0,2090.0
24.11.2020,Galle,H-2,2050.0,2025.0
24.11.2020,Matara,Alba,2950.0,2917.0
24.11.2020,Matara,C-5 Sp,2600.0,2525.0
24.11.2020,Matara,C-5,2350.0,2310.0
24.11.2020,Matara,C-4,2350.0,2270.0
24.11.2020,Matara,M-4,2150.0,2150.0
24.11.2020,Matara,H-1,2150.0,2130.0
24.11.2020,Matara,H-Faq,1950.0,1817.0
24.11.2020,Hambantota,C-5,2350.0,2315.0
24.11.2020,Hambantota,C-4,2300.0,2275.0
24.11.2020,Hambantota,H-1,2150.0,2100.0
24.11.2020,Hambantota,H-2,2100.0,2050.0
24.11.2020,Galle,Alba,3100.0,3050.0
24.11.2020,Monaragala,Gorosu,1500.0,1333.0
24.11.2020,Matara,M-5,2220.0,2210.0
24.11.2020,Matara,H-2,2100.0,2075.0
24.11.2020,Kalutara,H-2,1700.0,1700.0
24.11.2020,Kalutara,M-4,1900.0,1900.0
24.11.2020,Kalutara,H-1,1850.0,1825.0
24.11.2020,Ratnapura,Alba,3050.0,2983.0
24.11.2020,Ratnapura,C-5 Sp,2700.0,2650.0
24.11.2020,Ratnapura,C-5,2400.0,2383.0
24.11.2020,Ratnapura,C-4,2200.0,2183.0
24.11.2020,Ratnapura,M-4,2000.0,1966.0
24.11.2020,Ratnapura,H-1,2050.0,2000.0
24.11.2020,Ratnapura,H-2,1650.0,1583.0
24.11.2020,Ratnapura,M-5,2000.0,1966.0
24.11.2020,Badulla,Gorosu,1800.0,1275.0
24.11.2020,Badulla,Heen,2200.0,1725.0
24.11.2020,Kalutara,C-4,2200.0,2150.0
24.11.2020,Kalutara,C-5,2300.0,2285.0
24.11.2020,Kalutara,C-5 Sp,2500.0,2450.0
24.11.2020,Kalutara,M-5,2000.0,2000.0
24.11.2020,Kurunegala,Gorosu,1000.0,867.0
24.11.2020,Kurunegala,Heen,1800.0,1267.0
24.11.2020,Kalutara,Alba,2900.0,2900.0
01.12.2020,Matara,C-5,2400.0,2367.0
01.12.2020,Galle,C-5,2350.0,2320.0
01.12.2020,Galle,C-4,2300.0,2280.0
01.12.2020,Galle,H-1,2100.0,2090.0
01.12.2020,Galle,H-2,2080.0,2050.0
01.12.2020,Matara,Alba,3000.0,2888.0
01.12.2020,Matara,C-5 Sp,2550.0,2483.0
01.12.2020,Matara,C-4,2300.0,2257.0
01.12.2020,Galle,C-5 Sp,2450.0,2425.0
01.12.2020,Matara,M-4,2200.0,2167.0
01.12.2020,Matara,H-1,2150.0,2100.0
01.12.2020,Matara,H-2,2100.0,2050.0
01.12.2020,Matara,H-Faq,2000.0,1775.0
01.12.2020,Hambantota,C-5,2300.0,2300.0
01.12.2020,Hambantota,C-4,2250.0,2250.0
01.12.2020,Hambantota,H-2,2000.0,2000.0
01.12.2020,Monaragala,Gorosu,1300.0,1200.0
01.12.2020,Matara,M-5,2250.0,2233.0
01.12.2020,Galle,Alba,3100.0,3050.0
01.12.2020,Hambantota,H-1,2050.0,2050.0
01.12.2020,Kalutara,H-1,1900.0,1890.0
01.12.2020,Ratnapura,Alba,3100.0,3066.0
01.12.2020,Ratnapura,C-5 Sp,2700.0,2660.0
01.12.2020,Kalutara,H-2,1800.0,1800.0
01.12.2020,Ratnapura,C-5,2450.0,2416.0
01.12.2020,Ratnapura,M-5,2000.0,1950.0
01.12.2020,Ratnapura,M-4,2000.0,1950.0
01.12.2020,Ratnapura,H-1,2000.0,1900.0
01.12.2020,Ratnapura,H-2,1650.0,1550.0
01.12.2020,Badulla,Heen,2200.0,1658.0
01.12.2020,Ratnapura,C-4,2200.0,2200.0
01.12.2020,Kurunegala,Heen,1800.0,1267.0
01.12.2020,Kurunegala,Gorosu,900.0,833.0
01.12.2020,Kalutara,Alba,2950.0,2925.0
01.12.2020,Kalutara,C-5 Sp,2600.0,2575.0
01.12.2020,Kalutara,C-5,2400.0,2350.0
01.12.2020,Kalutara,C-4,2300.0,2270.0
01.12.2020,Kalutara,M-5,2100.0,2100.0
01.12.2020,Kalutara,M-4,2000.0,1975.0
01.12.2020,Badulla,Gorosu,1800.0,1216.0
08.12.2020,Matara,C-5 Sp,2600.0,2500.0
08.12.2020,Matara,Alba,3000.0,2875.0
08.12.2020,Galle,H-2,2050.0,2025.0
08.12.2020,Galle,H-1,2100.0,2090.0
08.12.2020,Kalutara,H-2,1800.0,1800.0
08.12.2020,Galle,C-5,2350.0,2325.0
08.12.2020,Galle,C-5 Sp,2450.0,2425.0
08.12.2020,Galle,Alba,3100.0,3050.0
08.12.2020,Matara,C-5,2450.0,2367.0
08.12.2020,Galle,C-4,2300.0,2280.0
08.12.2020,Matara,C-4,2300.0,2262.0
08.12.2020,Monaragala,Heen,2000.0,2000.0
08.12.2020,Matara,M-4,2200.0,2200.0
08.12.2020,Matara,H-1,2150.0,2114.0
08.12.2020,Matara,H-2,2100.0,2038.0
08.12.2020,Matara,H-Faq,1900.0,1762.0
08.12.2020,Hambantota,C-5,2300.0,2300.0
08.12.2020,Hambantota,C-4,2250.0,2250.0
08.12.2020,Hambantota,H-1,2050.0,2050.0
08.12.2020,Hambantota,H-2,2000.0,2000.0
08.12.2020,Kalutara,M-4,2000.0,1975.0
08.12.2020,Monaragala,Gorosu,1500.0,1325.0
08.12.2020,Matara,M-5,2250.0,2235.0
08.12.2020,Kalutara,M-5,2100.0,2100.0
08.12.2020,Kalutara,H-1,1900.0,1890.0
08.12.2020,Kalutara,C-5,2400.0,2350.0
08.12.2020,Kalutara,C-4,2300.0,2270.0
08.12.2020,Ratnapura,C-5 Sp,2600.0,2516.0
08.12.2020,Ratnapura,C-5,2350.0,2333.0
08.12.2020,Ratnapura,C-4,2200.0,2150.0
08.12.2020,Ratnapura,M-5,2100.0,2050.0
08.12.2020,Ratnapura,M-4,2100.0,2050.0
08.12.2020,Ratnapura,H-1,2100.0,2050.0
08.12.2020,Ratnapura,H-2,1800.0,1716.0
08.12.2020,Badulla,Heen,2200.0,1658.0
08.12.2020,Badulla,Gorosu,1800.0,1216.0
08.12.2020,Kurunegala,Heen,1900.0,1300.0
08.12.2020,Ratnapura,Alba,3000.0,2900.0
08.12.2020,Colombo,C-5 Sp,2600.0,2600.0
08.12.2020,Colombo,C-5,2500.0,2500.0
08.12.2020,Colombo,C-4,2450.0,2450.0
08.12.2020,Colombo,H-1,2100.0,2100.0
08.12.2020,Colombo,H-2,2050.0,2050.0
08.12.2020,Gampaha,C-5,2500.0,2350.0
08.12.2020,Gampaha,C-4,1800.0,1725.0
08.12.2020,Gampaha,Gorosu,1500.0,1350.0
08.12.2020,Kalutara,Alba,3000.0,3000.0
08.12.2020,Kalutara,C-5 Sp,2600.0,2575.0
08.12.2020,Kurunegala,Gorosu,900.0,833.0
15.12.2020,Matara,Alba,3100.0,2925.0
15.12.2020,Galle,H-2,2000.0,1950.0
15.12.2020,Galle,H-1,2050.0,2025.0
15.12.2020,Galle,C-4,2300.0,2280.0
15.12.2020,Monaragala,Gorosu,1500.0,1500.0
15.12.2020,Galle,C-5 Sp,2450.0,2425.0
15.12.2020,Galle,Alba,3100.0,3050.0
15.12.2020,Kalutara,H-2,1800.0,1800.0
15.12.2020,Matara,C-5 Sp,2600.0,2517.0
15.12.2020,Galle,C-5,2350.0,2320.0
15.12.2020,Matara,C-5,2400.0,2383.0
15.12.2020,Matara,H-2,2100.0,2025.0
15.12.2020,Matara,M-5,2300.0,2267.0
15.12.2020,Matara,M-4,2200.0,2200.0
15.12.2020,Matara,H-1,2150.0,2120.0
15.12.2020,Matara,H-Faq,1900.0,1738.0
15.12.2020,Hambantota,C-5,2300.0,2300.0
15.12.2020,Hambantota,C-4,2250.0,2250.0
15.12.2020,Hambantota,H-1,2050.0,2025.0
15.12.2020,Hambantota,H-2,2000.0,2000.0
15.12.2020,Monaragala,Heen,2000.0,2000.0
15.12.2020,Kalutara,M-4,2000.0,1975.0
15.12.2020,Matara,C-4,2350.0,2287.0
15.12.2020,Kalutara,M-5,2100.0,2100.0
15.12.2020,Kalutara,H-1,1900.0,1885.0
15.12.2020,Kalutara,C-5,2400.0,2380.0
15.12.2020,Ratnapura,Alba,2950.0,2900.0
15.12.2020,Ratnapura,C-5 Sp,2550.0,2483.0
15.12.2020,Ratnapura,C-5,2300.0,2283.0
15.12.2020,Ratnapura,C-4,2200.0,2166.0
15.12.2020,Ratnapura,M-5,2100.0,2050.0
15.12.2020,Ratnapura,M-4,2100.0,2050.0
15.12.2020,Ratnapura,H-1,2050.0,2000.0
15.12.2020,Ratnapura,H-2,1900.0,1800.0
15.12.2020,Badulla,Heen,2200.0,1725.0
15.12.2020,Badulla,Gorosu,1800.0,1275.0
15.12.2020,Kurunegala,Heen,1900.0,1367.0
15.12.2020,Kalutara,C-4,2300.0,2270.0
15.12.2020,Colombo,C-5 Sp,2600.0,2600.0
15.12.2020,Colombo,C-5,2500.0,2500.0
15.12.2020,Colombo,C-4,2300.0,2300.0
15.12.2020,Colombo,H-1,2100.0,2100.0
15.12.2020,Colombo,H-2,2000.0,2000.0
15.12.2020,Gampaha,C-5,2200.0,2100.0
15.12.2020,Gampaha,C-4,1800.0,1675.0
15.12.2020,Gampaha,Gorosu,1400.0,1275.0
15.12.2020,Kalutara,Alba,3000.0,3000.0
15.12.2020,Kalutara,C-5 Sp,2600.0,2575.0
15.12.2020,Kurunegala,Gorosu,1000.0,900.0
22.12.2020,Matara,Alba,3100.0,2925.0
22.12.2020,Galle,H-2,2050.0,1987.0
22.12.2020,Galle,H-1,2070.0,2040.0
22.12.2020,Galle,C-4,2310.0,2305.0
22.12.2020,Kalutara,H-1,1900.0,1885.0
22.12.2020,Galle,C-5 Sp,2550.0,2525.0
22.12.2020,Galle,Alba,3100.0,3050.0
22.12.2020,Kalutara,H-2,1800.0,1800.0
22.12.2020,Matara,C-5 Sp,2650.0,2550.0
22.12.2020,Galle,C-5,2350.0,2335.0
22.12.2020,Matara,C-5,2400.0,2367.0
22.12.2020,Matara,H-2,2050.0,1993.0
22.12.2020,Matara,M-5,2250.0,2250.0
22.12.2020,Matara,M-4,2200.0,2200.0
22.12.2020,Matara,H-1,2150.0,2080.0
22.12.2020,Matara,H-Faq,1900.0,1740.0
22.12.2020,Hambantota,C-5,2300.0,2300.0
22.12.2020,Hambantota,C-4,2250.0,2250.0
22.12.2020,Hambantota,H-1,2050.0,2050.0
22.12.2020,Hambantota,H-2,2000.0,2000.0
22.12.2020,Monaragala,Heen,2000.0,2000.0
22.12.2020,Kalutara,M-4,2000.0,1975.0
22.12.2020,Matara,C-4,2300.0,2264.0
22.12.2020,Monaragala,Gorosu,1500.0,1325.0
22.12.2020,Kalutara,M-5,2100.0,2100.0
22.12.2020,Kalutara,C-5,2400.0,2380.0
22.12.2020,Kalutara,C-4,2300.0,2270.0
22.12.2020,Ratnapura,Alba,3000.0,2966.0
22.12.2020,Ratnapura,C-5 Sp,2500.0,2450.0
22.12.2020,Ratnapura,C-5,2350.0,2333.0
22.12.2020,Ratnapura,C-4,2250.0,2200.0
22.12.2020,Ratnapura,M-5,2050.0,2033.0
22.12.2020,Ratnapura,H-1,2000.0,1950.0
22.12.2020,Ratnapura,H-2,1900.0,1783.0
22.12.2020,Badulla,Heen,2200.0,1875.0
22.12.2020,Badulla,Gorosu,1800.0,1375.0
22.12.2020,Kurunegala,Heen,1850.0,1383.0
22.12.2020,Ratnapura,M-4,2050.0,2033.0
22.12.2020,Colombo,C-5 Sp,2600.0,2600.0
22.12.2020,Kurunegala,Gorosu,1000.0,900.0
22.12.2020,Kalutara,Alba,3000.0,3000.0
22.12.2020,Gampaha,Gorosu,1600.0,1475.0
22.12.2020,Gampaha,C-4,2000.0,1775.0
22.12.2020,Gampaha,C-5,2400.0,2200.0
22.12.2020,Kalutara,C-5 Sp,2600.0,2575.0
22.12.2020,Colombo,H-1,2100.0,2100.0
22.12.2020,Colombo,C-4,2300.0,2300.0
22.12.2020,Colombo,C-5,2400.0,2400.0
22.12.2020,Colombo,H-2,2000.0,2000.0
28.12.2020,Matara,C-5 Sp,2700.0,2567.0
28.12.2020,Kalutara,H-1,1900.0,1885.0
28.12.2020,Kalutara,H-2,1800.0,1800.0
28.12.2020,Galle,Alba,3100.0,3050.0
28.12.2020,Galle,C-5 Sp,2550.0,2525.0
28.12.2020,Galle,C-5,2350.0,2335.0
28.12.2020,Galle,C-4,2310.0,2305.0
28.12.2020,Galle,H-1,2050.0,2040.0
28.12.2020,Galle,H-2,2000.0,1980.0
28.12.2020,Matara,Alba,3100.0,2975.0
28.12.2020,Matara,C-5,2400.0,2367.0
28.12.2020,Kalutara,M-4,2000.0,1975.0
28.12.2020,Matara,M-5,2250.0,2250.0
28.12.2020,Matara,M-4,2200.0,2200.0
28.12.2020,Matara,H-1,2150.0,2112.0
28.12.2020,Matara,H-2,2100.0,2047.0
28.12.2020,Matara,H-Faq,1900.0,1788.0
28.12.2020,Hambantota,C-5,2500.0,2500.0
28.12.2020,Hambantota,C-4,2250.0,2250.0
28.12.2020,Hambantota,H-1,2050.0,2050.0
28.12.2020,Hambantota,H-2,2000.0,2000.0
28.12.2020,Monaragala,Gorosu,1500.0,1325.0
28.12.2020,Matara,C-4,2300.0,2283.0
28.12.2020,Kalutara,M-5,2100.0,2100.0
28.12.2020,Monaragala,Heen,2000.0,1925.0
28.12.2020,Kalutara,C-5,2400.0,2380.0
28.12.2020,Ratnapura,Alba,3000.0,2950.0
28.12.2020,Ratnapura,C-5 Sp,2650.0,2583.0
28.12.2020,Ratnapura,C-5,2450.0,2433.0
28.12.2020,Ratnapura,C-4,2100.0,2066.0
28.12.2020,Ratnapura,M-5,2050.0,2016.0
28.12.2020,Ratnapura,M-4,2050.0,2016.0
28.12.2020,Ratnapura,H-1,2000.0,1983.0
28.12.2020,Ratnapura,H-2,1850.0,1816.0
28.12.2020,Badulla,Heen,2200.0,1850.0
28.12.2020,Badulla,Gorosu,1800.0,1400.0
28.12.2020,Kurunegala,Heen,1800.0,1267.0
28.12.2020,Kalutara,C-4,2300.0,2270.0
28.12.2020,Colombo,C-5 Sp,2600.0,2600.0
28.12.2020,Colombo,C-5,2400.0,2400.0
28.12.2020,Colombo,C-4,2300.0,2300.0
28.12.2020,Colombo,H-1,2050.0,2050.0
28.12.2020,Colombo,H-2,2000.0,2000.0
28.12.2020,Gampaha,C-5,2400.0,2250.0
28.12.2020,Gampaha,C-4,2000.0,1775.0
28.12.2020,Gampaha,Gorosu,1600.0,1500.0
28.12.2020,Kalutara,Alba,3000.0,3000.0
28.12.2020,Kalutara,C-5 Sp,2600.0,2575.0
28.12.2020,Kurunegala,Gorosu,1000.0,867.0
05.01.2021,Matara,C-5 Sp,2600.0,2500.0
05.01.2021,Matara,Alba,3800.0,3120.0
05.01.2021,Galle,H-2,2000.0,2000.0
05.01.2021,Galle,H-1,2100.0,2080.0
05.01.2021,Kalutara,H-2,1800.0,1800.0
05.01.2021,Galle,C-5 Sp,2550.0,2525.0
05.01.2021,Galle,Alba,3100.0,3050.0
05.01.2021,Matara,C-5,2400.0,2340.0
05.01.2021,Galle,C-4,2320.0,2310.0
05.01.2021,Matara,C-4,2300.0,2221.0
05.01.2021,Matara,H-Faq,1900.0,1790.0
05.01.2021,Matara,M-4,2200.0,2163.0
05.01.2021,Matara,H-1,2150.0,2110.0
05.01.2021,Matara,H-2,2050.0,2013.0
05.01.2021,Kalutara,H-1,1900.0,1890.0
05.01.2021,Hambantota,C-5,2400.0,2350.0
05.01.2021,Hambantota,C-4,2330.0,2290.0
05.01.2021,Hambantota,H-1,2100.0,2075.0
05.01.2021,Hambantota,H-2,2050.0,2025.0
05.01.2021,Monaragala,Heen,2100.0,2100.0
05.01.2021,Monaragala,Gorosu,1500.0,1400.0
05.01.2021,Matara,M-5,2250.0,2225.0
05.01.2021,Kalutara,M-4,2000.0,1980.0
05.01.2021,Galle,C-5,2350.0,2345.0
05.01.2021,Kalutara,M-5,2100.0,2085.0
05.01.2021,Kalutara,C-4,2300.0,2266.0
05.01.2021,Ratnapura,Alba,3000.0,2916.0
05.01.2021,Ratnapura,C-5 Sp,2600.0,2566.0
05.01.2021,Ratnapura,C-5,2800.0,2316.0
05.01.2021,Ratnapura,C-4,2150.0,2133.0
05.01.2021,Ratnapura,M-5,2050.0,2016.0
05.01.2021,Ratnapura,M-4,2050.0,2016.0
05.01.2021,Ratnapura,H-2,1850.0,1816.0
05.01.2021,Badulla,Heen,2000.0,1900.0
05.01.2021,Badulla,Gorosu,1500.0,1375.0
05.01.2021,Kurunegala,Heen,1800.0,1267.0
05.01.2021,Ratnapura,H-1,2000.0,1950.0
05.01.2021,Colombo,C-5 Sp,2550.0,2550.0
05.01.2021,Kurunegala,Gorosu,1000.0,867.0
05.01.2021,Kalutara,C-5 Sp,2600.0,2585.0
05.01.2021,Kalutara,Alba,3000.0,3000.0
05.01.2021,Gampaha,Gorosu,1500.0,1350.0
05.01.2021,Gampaha,C-4,1800.0,1700.0
05.01.2021,Kalutara,C-5,2400.0,2393.0
05.01.2021,Colombo,H-2,2000.0,2000.0
05.01.2021,Colombo,H-1,2050.0,2050.0
05.01.2021,Colombo,C-4,2300.0,2300.0
05.01.2021,Colombo,C-5,2400.0,2400.0
05.01.2021,Gampaha,C-5,2200.0,2100.0
12.01.2021,Matara,C-5 Sp,2600.0,2533.0
12.01.2021,Kalutara,H-1,1900.0,1890.0
12.01.2021,Kalutara,H-2,1800.0,1800.0
12.01.2021,Galle,Alba,3100.0,3050.0
12.01.2021,Galle,C-5 Sp,2500.0,2450.0
12.01.2021,Galle,C-5,2350.0,2345.0
12.01.2021,Galle,C-4,2300.0,2300.0
12.01.2021,Galle,H-1,2100.0,2080.0
12.01.2021,Galle,H-2,2000.0,2000.0
12.01.2021,Matara,Alba,3000.0,2920.0
12.01.2021,Matara,C-5,2450.0,2390.0
12.01.2021,Kalutara,M-4,2000.0,1980.0
12.01.2021,Matara,M-5,2250.0,2250.0
12.01.2021,Matara,M-4,2200.0,2200.0
12.01.2021,Matara,H-1,2150.0,2110.0
12.01.2021,Matara,H-2,2100.0,2019.0
12.01.2021,Matara,H-Faq,1900.0,1820.0
12.01.2021,Hambantota,C-5,2400.0,2350.0
12.01.2021,Hambantota,C-4,2330.0,2290.0
12.01.2021,Hambantota,H-1,2100.0,2075.0
12.01.2021,Hambantota,H-2,2050.0,2025.0
12.01.2021,Monaragala,Heen,2100.0,2100.0
12.01.2021,Matara,C-4,2350.0,2289.0
12.01.2021,Monaragala,Gorosu,1500.0,1325.0
12.01.2021,Kalutara,M-5,2100.0,2085.0
12.01.2021,Kalutara,C-5,2400.0,2390.0
12.01.2021,Ratnapura,Alba,2850.0,2816.0
12.01.2021,Ratnapura,C-5 Sp,2600.0,2550.0
12.01.2021,Ratnapura,C-5,2450.0,2416.0
12.01.2021,Ratnapura,C-4,2250.0,2216.0
12.01.2021,Ratnapura,M-5,2000.0,1983.0
12.01.2021,Ratnapura,M-4,2000.0,1983.0
12.01.2021,Ratnapura,H-1,1950.0,1883.0
12.01.2021,Ratnapura,H-2,1750.0,1616.0
12.01.2021,Badulla,Heen,2000.0,1750.0
12.01.2021,Badulla,Gorosu,1500.0,1275.0
12.01.2021,Kurunegala,Heen,2000.0,1500.0
12.01.2021,Kalutara,C-4,2300.0,2265.0
12.01.2021,Colombo,C-5 Sp,2550.0,2550.0
12.01.2021,Colombo,C-5,2400.0,2400.0
12.01.2021,Colombo,C-4,2300.0,2300.0
12.01.2021,Colombo,H-1,2100.0,2100.0
12.01.2021,Colombo,H-2,2000.0,2000.0
12.01.2021,Gampaha,C-5,2000.0,2000.0
12.01.2021,Gampaha,C-4,1700.0,1675.0
12.01.2021,Gampaha,Gorosu,1500.0,1425.0
12.01.2021,Kalutara,Alba,3000.0,3000.0
12.01.2021,Kalutara,C-5 Sp,2600.0,2585.0
12.01.2021,Kurunegala,Gorosu,1200.0,1033.0
19.01.2021,Matara,Alba,3000.0,2938.0
19.01.2021,Galle,H-2,2000.0,2000.0
19.01.2021,Galle,H-1,2100.0,2090.0
19.01.2021,Galle,C-4,2300.0,2300.0
19.01.2021,Kalutara,H-1,1900.0,1870.0
19.01.2021,Galle,C-5 Sp,2500.0,2450.0
19.01.2021,Galle,Alba,3100.0,3050.0
19.01.2021,Kalutara,H-2,1800.0,1800.0
19.01.2021,Matara,C-5 Sp,2600.0,2567.0
19.01.2021,Galle,C-5,2350.0,2345.0
19.01.2021,Matara,C-5,2500.0,2388.0
19.01.2021,Matara,H-2,2100.0,2000.0
19.01.2021,Matara,M-5,2250.0,2250.0
19.01.2021,Matara,M-4,2200.0,2200.0
19.01.2021,Matara,H-1,2150.0,2120.0
19.01.2021,Matara,H-Faq,1950.0,1775.0
19.01.2021,Hambantota,C-5,2400.0,2350.0
19.01.2021,Hambantota,C-4,2330.0,2290.0
19.01.2021,Hambantota,H-1,2100.0,2075.0
19.01.2021,Hambantota,H-2,2050.0,2025.0
19.01.2021,Monaragala,Heen,2000.0,1900.0
19.01.2021,Kalutara,M-4,2000.0,1980.0
19.01.2021,Matara,C-4,2300.0,2286.0
19.01.2021,Monaragala,Gorosu,1500.0,1400.0
19.01.2021,Kalutara,M-5,2100.0,2085.0
19.01.2021,Kalutara,C-5,2400.0,2390.0
19.01.2021,Kalutara,C-4,2300.0,2265.0
19.01.2021,Ratnapura,Alba,2900.0,2850.0
19.01.2021,Ratnapura,C-5 Sp,2600.0,2516.0
19.01.2021,Ratnapura,C-5,2400.0,2366.0
19.01.2021,Ratnapura,C-4,2250.0,2216.0
19.01.2021,Ratnapura,M-5,2050.0,2016.0
19.01.2021,Ratnapura,H-1,1800.0,1783.0
19.01.2021,Ratnapura,H-2,1650.0,1583.0
19.01.2021,Badulla,Heen,2200.0,1625.0
19.01.2021,Badulla,Gorosu,1800.0,1300.0
19.01.2021,Kurunegala,M-4,2000.0,1467.0
19.01.2021,Ratnapura,M-4,2050.0,2016.0
19.01.2021,Colombo,C-5 Sp,2550.0,2550.0
19.01.2021,Kurunegala,H-1,1200.0,1033.0
19.01.2021,Kalutara,Alba,3000.0,3000.0
19.01.2021,Gampaha,Gorosu,1400.0,1275.0
19.01.2021,Gampaha,C-4,1700.0,1675.0
19.01.2021,Gampaha,C-5,2000.0,2000.0
19.01.2021,Kalutara,C-5 Sp,2600.0,2585.0
19.01.2021,Colombo,H-1,2050.0,2050.0
19.01.2021,Colombo,C-4,2300.0,2300.0
19.01.2021,Colombo,C-5,2400.0,2400.0
19.01.2021,Colombo,H-2,2000.0,2000.0
26.01.2021,Matara,C-5 Sp,2600.0,2550.0
26.01.2021,Kalutara,H-1,1900.0,1890.0
26.01.2021,Kalutara,H-2,1800.0,1800.0
26.01.2021,Galle,Alba,3100.0,3050.0
26.01.2021,Galle,C-5 Sp,2500.0,2450.0
26.01.2021,Galle,C-5,2350.0,2340.0
26.01.2021,Galle,C-4,2300.0,2300.0
26.01.2021,Galle,H-1,2100.0,2090.0
26.01.2021,Galle,H-2,2000.0,2000.0
26.01.2021,Matara,Alba,3000.0,2960.0
26.01.2021,Matara,C-5,2500.0,2390.0
26.01.2021,Monaragala,Gorosu,1500.0,1400.0
26.01.2021,Matara,M-5,2250.0,2238.0
26.01.2021,Matara,M-4,2200.0,2163.0
26.01.2021,Matara,H-1,2150.0,2090.0
26.01.2021,Matara,H-2,2050.0,1988.0
26.01.2021,Matara,H-Faq,1950.0,1780.0
26.01.2021,Hambantota,C-5,2400.0,2375.0
26.01.2021,Hambantota,C-4,2330.0,2310.0
26.01.2021,Hambantota,H-1,2100.0,2085.0
26.01.2021,Hambantota,H-2,2050.0,2025.0
26.01.2021,Monaragala,Heen,2000.0,2000.0
26.01.2021,Matara,C-4,2350.0,2296.0
26.01.2021,Kalutara,M-5,2100.0,2083.0
26.01.2021,Kalutara,M-4,2000.0,1980.0
26.01.2021,Kalutara,C-5,2500.0,2483.0
26.01.2021,Ratnapura,Alba,2850.0,2833.0
26.01.2021,Ratnapura,C-5 Sp,2700.0,2583.0
26.01.2021,Ratnapura,C-5,2400.0,2350.0
26.01.2021,Ratnapura,C-4,2300.0,2183.0
26.01.2021,Ratnapura,M-5,2000.0,1950.0
26.01.2021,Ratnapura,M-4,2000.0,1950.0
26.01.2021,Ratnapura,H-1,2000.0,1883.0
26.01.2021,Ratnapura,H-2,1600.0,1550.0
26.01.2021,Badulla,Heen,2000.0,1540.0
26.01.2021,Badulla,Gorosu,1800.0,1000.0
26.01.2021,Kurunegala,Heen,2000.0,1500.0
26.01.2021,Kalutara,C-4,2300.0,2267.0
26.01.2021,Colombo,C-5 Sp,2500.0,2500.0
26.01.2021,Colombo,C-5,2400.0,2400.0
26.01.2021,Colombo,C-4,2250.0,2250.0
26.01.2021,Colombo,H-1,2000.0,2000.0
26.01.2021,Colombo,H-2,1950.0,1950.0
26.01.2021,Gampaha,C-5,2000.0,2000.0
26.01.2021,Gampaha,C-4,1900.0,1700.0
26.01.2021,Gampaha,Gorosu,1400.0,1300.0
26.01.2021,Kalutara,Alba,3000.0,3000.0
26.01.2021,Kalutara,C-5 Sp,2600.0,2590.0
26.01.2021,Kurunegala,Gorosu,1200.0,1033.0
02.02.2021,Matara,Alba,3000.0,2975.0
02.02.2021,Galle,H-2,2000.0,2000.0
02.02.2021,Galle,H-1,2100.0,2080.0
02.02.2021,Galle,M-4,2250.0,2225.0
02.02.2021,Galle,Alba,3200.0,3100.0
02.02.2021,Galle,C-5,2400.0,2385.0
02.02.2021,Galle,C-5 Sp,2500.0,2500.0
02.02.2021,Matara,C-5 Sp,2600.0,2567.0
02.02.2021,Galle,M-5,2280.0,2250.0
02.02.2021,Matara,C-5,2500.0,2433.0
02.02.2021,Matara,H-2,2100.0,2050.0
02.02.2021,Matara,M-5,2250.0,2250.0
02.02.2021,Matara,M-4,2200.0,2200.0
02.02.2021,Matara,H-1,2150.0,2088.0
02.02.2021,Kalutara,H-2,1800.0,1800.0
02.02.2021,Matara,H-Faq,1900.0,1800.0
02.02.2021,Hambantota,C-5,2500.0,2425.0
02.02.2021,Hambantota,C-4,2350.0,2340.0
02.02.2021,Hambantota,H-1,2100.0,2100.0
02.02.2021,Hambantota,H-2,2050.0,2050.0
02.02.2021,Monaragala,Heen,2000.0,1900.0
02.02.2021,Monaragala,Gorosu,1500.0,1325.0
02.02.2021,Matara,C-4,2350.0,2296.0
02.02.2021,Kalutara,H-1,1900.0,1890.0
02.02.2021,Galle,C-4,2330.0,2315.0
02.02.2021,Ratnapura,Alba,2900.0,2850.0
02.02.2021,Kalutara,M-5,2100.0,2090.0
02.02.2021,Ratnapura,C-5 Sp,2500.0,2450.0
02.02.2021,Ratnapura,C-5,2350.0,2333.0
02.02.2021,Ratnapura,C-4,2300.0,2250.0
02.02.2021,Ratnapura,M-5,2050.0,1983.0
02.02.2021,Ratnapura,M-4,2050.0,1983.0
02.02.2021,Ratnapura,H-1,2000.0,1900.0
02.02.2021,Ratnapura,H-2,1700.0,1650.0
02.02.2021,Badulla,Heen,2200.0,1620.0
02.02.2021,Badulla,Gorosu,1800.0,1180.0
02.02.2021,Kurunegala,Heen,1700.0,1233.0
02.02.2021,Kurunegala,Gorosu,1000.0,867.0
02.02.2021,Kalutara,M-4,2000.0,1980.0
02.02.2021,Colombo,C-5,2400.0,2400.0
02.02.2021,Colombo,C-4,2300.0,2300.0
02.02.2021,Colombo,H-1,2000.0,2000.0
02.02.2021,Colombo,H-2,1900.0,1900.0
02.02.2021,Gampaha,C-5,2000.0,2000.0
02.02.2021,Gampaha,C-4,1700.0,1600.0
02.02.2021,Gampaha,Gorosu,1400.0,1325.0
02.02.2021,Kalutara,Alba,3000.0,3000.0
02.02.2021,Kalutara,C-5 Sp,2600.0,2595.0
02.02.2021,Kalutara,C-5,2500.0,2483.0
02.02.2021,Kalutara,C-4,2300.0,2267.0
02.02.2021,Colombo,C-5 Sp,2600.0,2600.0
09.02.2021,Matara,Alba,3000.0,2963.0
09.02.2021,Galle,H-2,2050.0,2025.0
09.02.2021,Galle,H-1,2100.0,2090.0
09.02.2021,Galle,C-4,2300.0,2300.0
09.02.2021,Kalutara,H-1,1900.0,1890.0
09.02.2021,Galle,C-5 Sp,2450.0,2435.0
09.02.2021,Galle,Alba,3200.0,3150.0
09.02.2021,Kalutara,H-2,1800.0,1800.0
09.02.2021,Matara,C-5 Sp,2600.0,2517.0
09.02.2021,Galle,C-5,2380.0,2360.0
09.02.2021,Matara,C-5,2400.0,2400.0
09.02.2021,Matara,H-Faq,1950.0,1790.0
09.02.2021,Matara,M-5,2300.0,2277.0
09.02.2021,Matara,M-4,2250.0,2217.0
09.02.2021,Matara,H-1,2100.0,2080.0
09.02.2021,Matara,H-2,2100.0,2023.0
09.02.2021,Hambantota,C-5,2500.0,2425.0
09.02.2021,Hambantota,C-4,2350.0,2340.0
09.02.2021,Hambantota,H-1,2100.0,2100.0
09.02.2021,Hambantota,H-2,2050.0,2050.0
09.02.2021,Monaragala,Heen,1800.0,1725.0
09.02.2021,Monaragala,Gorosu,1400.0,1325.0
09.02.2021,Matara,C-4,2350.0,2310.0
09.02.2021,Kalutara,M-4,2000.0,1980.0
09.02.2021,Kalutara,C-4,2300.0,2267.0
09.02.2021,Kalutara,C-5,2500.0,2488.0
09.02.2021,Ratnapura,Alba,3000.0,2900.0
09.02.2021,Ratnapura,C-5 Sp,2600.0,2550.0
09.02.2021,Ratnapura,C-5,2450.0,2383.0
09.02.2021,Ratnapura,C-4,2100.0,2083.0
09.02.2021,Ratnapura,M-5,2100.0,2033.0
09.02.2021,Ratnapura,M-4,2100.0,2033.0
09.02.2021,Ratnapura,H-1,2000.0,1950.0
09.02.2021,Ratnapura,H-2,1600.0,1533.0
09.02.2021,Badulla,Heen,2200.0,1625.0
09.02.2021,Badulla,Gorosu,1800.0,1133.0
09.02.2021,Kurunegala,Heen,1600.0,1200.0
09.02.2021,Kalutara,M-5,2100.0,2090.0
09.02.2021,Colombo,C-5 Sp,2650.0,2650.0
09.02.2021,Colombo,C-5,2500.0,2500.0
09.02.2021,Colombo,C-4,2400.0,2400.0
09.02.2021,Colombo,H-1,2100.0,2100.0
09.02.2021,Colombo,H-2,2000.0,2000.0
09.02.2021,Gampaha,C-5,2000.0,2000.0
09.02.2021,Gampaha,C-4,1600.0,1575.0
09.02.2021,Gampaha,Gorosu,1400.0,1225.0
09.02.2021,Kalutara,Alba,3000.0,3000.0
09.02.2021,Kalutara,C-5 Sp,2600.0,2595.0
09.02.2021,Kurunegala,Gorosu,1000.0,867.0
16.02.2021,Matara,Alba,3100.0,2975.0
16.02.2021,Galle,H-2,2100.0,2050.0
16.02.2021,Galle,H-1,2150.0,2125.0
16.02.2021,Galle,C-4,2300.0,2300.0
16.02.2021,Kalutara,H-1,1900.0,1880.0
16.02.2021,Galle,C-5 Sp,2600.0,2575.0
16.02.2021,Galle,Alba,3000.0,3000.0
16.02.2021,Kalutara,H-2,1800.0,1800.0
16.02.2021,Matara,C-5 Sp,2600.0,2583.0
16.02.2021,Galle,C-5,2350.0,2340.0
16.02.2021,Matara,C-5,2400.0,2400.0
16.02.2021,Matara,H-2,2100.0,2023.0
16.02.2021,Matara,M-5,2260.0,2253.0
16.02.2021,Matara,M-4,2250.0,2233.0
16.02.2021,Matara,H-1,2200.0,2125.0
16.02.2021,Matara,H-Faq,1950.0,1800.0
16.02.2021,Hambantota,C-5,2500.0,2425.0
16.02.2021,Hambantota,C-4,2350.0,2340.0
16.02.2021,Hambantota,H-1,2100.0,2100.0
16.02.2021,Hambantota,H-2,2050.0,2050.0
16.02.2021,Monaragala,Heen,2100.0,2050.0
16.02.2021,Kalutara,M-4,2000.0,1380.0
16.02.2021,Matara,C-4,2350.0,2307.0
16.02.2021,Monaragala,Gorosu,1500.0,1466.0
16.02.2021,Kalutara,M-5,2100.0,2090.0
16.02.2021,Kalutara,C-5,2500.0,2485.0
16.02.2021,Kalutara,C-4,2300.0,2267.0
16.02.2021,Ratnapura,Alba,3000.0,2966.0
16.02.2021,Ratnapura,C-5 Sp,2700.0,2666.0
16.02.2021,Ratnapura,C-5,2500.0,2450.0
16.02.2021,Ratnapura,C-4,2300.0,2250.0
16.02.2021,Ratnapura,M-5,2200.0,2133.0
16.02.2021,Ratnapura,H-1,2000.0,1966.0
16.02.2021,Ratnapura,H-2,1800.0,1700.0
16.02.2021,Badulla,Heen,2000.0,1541.0
16.02.2021,Badulla,Gorosu,1800.0,1133.0
16.02.2021,Kurunegala,Heen,1800.0,1267.0
16.02.2021,Ratnapura,M-4,2200.0,2133.0
16.02.2021,Colombo,C-5 Sp,2600.0,2600.0
16.02.2021,Kurunegala,Gorosu,1000.0,867.0
16.02.2021,Kalutara,Alba,3000.0,3000.0
16.02.2021,Gampaha,Gorosu,1500.0,1400.0
16.02.2021,Gampaha,C-4,1700.0,1650.0
16.02.2021,Gampaha,C-5,2000.0,2000.0
16.02.2021,Kalutara,C-5 Sp,2600.0,2595.0
16.02.2021,Colombo,H-1,2100.0,2100.0
16.02.2021,Colombo,C-4,2400.0,2400.0
16.02.2021,Colombo,C-5,2500.0,2500.0
16.02.2021,Colombo,H-2,2050.0,2050.0
23.02.2021,Matara,C-5 Sp,2600.0,2533.0
23.02.2021,Kalutara,H-1,1900.0,1885.0
23.02.2021,Kalutara,H-2,1800.0,1800.0
23.02.2021,Galle,Alba,3500.0,3300.0
23.02.2021,Galle,C-5 Sp,2600.0,2600.0
23.02.2021,Galle,C-5,2450.0,2425.0
23.02.2021,Galle,C-4,2375.0,2360.0
23.02.2021,Galle,H-1,2150.0,2125.0
23.02.2021,Galle,H-2,2100.0,2050.0
23.02.2021,Matara,Alba,3100.0,2988.0
23.02.2021,Matara,C-5,2450.0,2417.0
23.02.2021,Kalutara,M-4,2000.0,1980.0
23.02.2021,Matara,M-5,2270.0,2260.0
23.02.2021,Matara,M-4,2300.0,2250.0
23.02.2021,Matara,H-1,2150.0,2130.0
23.02.2021,Matara,H-2,2100.0,2027.0
23.02.2021,Matara,H-Faq,1950.0,1825.0
23.02.2021,Hambantota,C-5,2500.0,2425.0
23.02.2021,Hambantota,C-4,2350.0,2340.0
23.02.2021,Hambantota,H-1,2100.0,2100.0
23.02.2021,Monaragala,Heen,2000.0,1900.0
23.02.2021,Monaragala,Gorosu,1500.0,1325.0
23.02.2021,Matara,C-4,2400.0,2325.0
23.02.2021,Kalutara,M-5,2100.0,2090.0
23.02.2021,Hambantota,H-2,2050.0,2050.0
23.02.2021,Kalutara,C-5,2500.0,2480.0
23.02.2021,Ratnapura,Alba,2950.0,2933.0
23.02.2021,Kalutara,C-4,2300.0,2265.0
23.02.2021,Ratnapura,C-5,2500.0,2450.0
23.02.2021,Ratnapura,C-4,2300.0,2283.0
23.02.2021,Ratnapura,M-5,2050.0,2016.0
23.02.2021,Ratnapura,M-4,2050.0,2016.0
23.02.2021,Ratnapura,H-1,1900.0,1850.0
23.02.2021,Ratnapura,H-2,1700.0,1683.0
23.02.2021,Badulla,Heen,2000.0,1541.0
23.02.2021,Badulla,Gorosu,1800.0,1133.0
23.02.2021,Kurunegala,Heen,1800.0,1267.0
23.02.2021,Ratnapura,C-5 Sp,2650.0,2616.0
23.02.2021,Colombo,C-5 Sp,2600.0,2600.0
23.02.2021,Kurunegala,Gorosu,1000.0,867.0
23.02.2021,Kalutara,Alba,3000.0,3000.0
23.02.2021,Gampaha,Gorosu,1300.0,1250.0
23.02.2021,Gampaha,C-4,1700.0,1600.0
23.02.2021,Kalutara,C-5 Sp,2600.0,2595.0
23.02.2021,Colombo,H-2,2050.0,2050.0
23.02.2021,Colombo,H-1,2100.0,2100.0
23.02.2021,Colombo,C-4,2350.0,2350.0
23.02.2021,Colombo,C-5,2500.0,2500.0
23.02.2021,Gampaha,C-5,2000.0,2000.0
02.03.2021,Galle,C-5 Sp,2650.0,2625.0
02.03.2021,Matara,C-4,2400.0,2342.0
02.03.2021,Galle,C-5,2480.0,2465.0
02.03.2021,Galle,C-4,2350.0,2335.0
02.03.2021,Galle,H-1,2150.0,2125.0
02.03.2021,Galle,H-2,2100.0,2050.0
02.03.2021,Matara,Alba,3050.0,2988.0
02.03.2021,Matara,C-5 Sp,2700.0,2633.0
02.03.2021,Matara,C-5,2500.0,2438.0
02.03.2021,Matara,M-5,2300.0,2267.0
02.03.2021,Hambantota,C-5,2500.0,2450.0
02.03.2021,Matara,H-1,2150.0,2125.0
02.03.2021,Matara,H-2,2100.0,2050.0
02.03.2021,Matara,H-Faq,2000.0,1875.0
02.03.2021,Hambantota,C-4,2400.0,2375.0
02.03.2021,Hambantota,H-1,2150.0,2125.0
02.03.2021,Hambantota,H-2,2100.0,2075.0
02.03.2021,Monaragala,Heen,1900.0,1800.0
02.03.2021,Monaragala,Gorosu,1500.0,1325.0
02.03.2021,Galle,Alba,3500.0,3200.0
02.03.2021,Matara,M-4,2200.0,2200.0
02.03.2021,Kalutara,H-2,1800.0,1800.0
02.03.2021,Kalutara,H-1,1900.0,1885.0
02.03.2021,Kalutara,M-4,2000.0,1980.0
02.03.2021,Ratnapura,Alba,3100.0,3033.0
02.03.2021,Ratnapura,C-5 Sp,2800.0,2716.0
02.03.2021,Ratnapura,C-5,2550.0,2516.0
02.03.2021,Ratnapura,C-4,2350.0,2250.0
02.03.2021,Ratnapura,M-5,2050.0,2000.0
02.03.2021,Ratnapura,H-1,2000.0,1966.0
02.03.2021,Ratnapura,H-2,1700.0,1633.0
02.03.2021,Badulla,Heen,2000.0,1850.0
02.03.2021,Badulla,Gorosu,1800.0,1600.0
02.03.2021,Ratnapura,M-4,2050.0,2000.0
02.03.2021,Kurunegala,Gorosu,1200.0,933.0
02.03.2021,Gampaha,C-5,2100.0,2033.0
02.03.2021,Gampaha,C-4,1800.0,1700.0
02.03.2021,Gampaha,Gorosu,1500.0,1400.0
02.03.2021,Kalutara,Alba,3000.0,3000.0
02.03.2021,Kalutara,C-5 Sp,2600.0,2590.0
02.03.2021,Kalutara,C-5,2500.0,2480.0
02.03.2021,Kalutara,C-4,2300.0,2265.0
02.03.2021,Kalutara,M-5,2100.0,2090.0
02.03.2021,Kurunegala,Heen,2000.0,1333.0
09.03.2021,Matara,C-5 Sp,2600.0,2567.0
09.03.2021,Matara,Alba,3000.0,2962.0
09.03.2021,Galle,H-2,2100.0,2050.0
09.03.2021,Galle,H-1,2150.0,2125.0
09.03.2021,Kalutara,H-2,1800.0,1800.0
09.03.2021,Galle,C-5,2450.0,2425.0
09.03.2021,Galle,C-5 Sp,2620.0,2610.0
09.03.2021,Galle,Alba,3400.0,3200.0
09.03.2021,Matara,C-5,2500.0,2450.0
09.03.2021,Galle,C-4,2350.0,2340.0
09.03.2021,Matara,C-4,2400.0,2342.0
09.03.2021,Monaragala,Heen,1800.0,1700.0
09.03.2021,Matara,M-4,2250.0,2217.0
09.03.2021,Matara,H-1,2150.0,2138.0
09.03.2021,Matara,H-2,2100.0,2046.0
09.03.2021,Matara,H-Faq,2000.0,1862.0
09.03.2021,Hambantota,C-5,2500.0,2450.0
09.03.2021,Hambantota,C-4,2400.0,2375.0
09.03.2021,Hambantota,H-1,2150.0,2125.0
09.03.2021,Hambantota,H-2,2100.0,2075.0
09.03.2021,Kalutara,M-4,2000.0,1980.0
09.03.2021,Monaragala,Gorosu,1500.0,1350.0
09.03.2021,Matara,M-5,2300.0,2283.0
09.03.2021,Kalutara,M-5,2100.0,2090.0
09.03.2021,Kalutara,H-1,1900.0,1885.0
09.03.2021,Kalutara,C-5,2500.0,2480.0
09.03.2021,Ratnapura,C-5 Sp,2700.0,2683.0
09.03.2021,Ratnapura,C-5,2450.0,2433.0
09.03.2021,Ratnapura,C-4,2350.0,2316.0
09.03.2021,Ratnapura,M-5,2050.0,2016.0
09.03.2021,Ratnapura,M-4,2050.0,2016.0
09.03.2021,Ratnapura,H-1,2000.0,1983.0
09.03.2021,Ratnapura,H-2,1800.0,1733.0
09.03.2021,Badulla,Heen,2200.0,1850.0
09.03.2021,Badulla,Gorosu,1800.0,1425.0
09.03.2021,Kurunegala,Heen,2000.0,1333.0
09.03.2021,Kurunegala,Gorosu,1200.0,933.0
09.03.2021,Ratnapura,Alba,3100.0,3033.0
09.03.2021,Colombo,C-5,2500.0,2500.0
09.03.2021,Colombo,C-5 Sp,2600.0,2600.0
09.03.2021,Kalutara,C-5 Sp,2600.0,2590.0
09.03.2021,Kalutara,Alba,3000.0,3000.0
09.03.2021,Gampaha,Gorosu,1500.0,1500.0
09.03.2021,Kalutara,C-4,2300.0,2265.0
09.03.2021,Gampaha,C-5,2300.0,2150.0
09.03.2021,Colombo,H-2,2075.0,2075.0
09.03.2021,Colombo,H-1,2100.0,2100.0
09.03.2021,Colombo,C-4,2350.0,2350.0
09.03.2021,Gampaha,C-4,1900.0,1800.0
16.03.2021,Kalutara,H-1,1900.0,1885.0
16.03.2021,Kalutara,H-2,1800.0,1800.0
16.03.2021,Galle,Alba,3400.0,3200.0
16.03.2021,Galle,C-5 Sp,2620.0,2610.0
16.03.2021,Galle,C-5,2450.0,2425.0
16.03.2021,Galle,C-4,2350.0,2340.0
16.03.2021,Galle,H-1,2150.0,2125.0
16.03.2021,Galle,H-2,2100.0,2050.0
16.03.2021,Matara,Alba,3000.0,2950.0
16.03.2021,Matara,C-5 Sp,2500.0,2450.0
16.03.2021,Matara,C-5,2450.0,2400.0
16.03.2021,Matara,M-5,2300.0,2250.0
16.03.2021,Matara,M-4,2250.0,2200.0
16.03.2021,Matara,H-1,2150.0,2138.0
16.03.2021,Matara,H-Faq,2000.0,1862.0
16.03.2021,Hambantota,C-5,2500.0,2500.0
16.03.2021,Hambantota,C-4,2450.0,2450.0
16.03.2021,Hambantota,H-1,2150.0,2150.0
16.03.2021,Hambantota,H-2,2100.0,2100.0
16.03.2021,Monaragala,Heen,1900.0,1850.0
16.03.2021,Kalutara,M-4,2000.0,1980.0
16.03.2021,Monaragala,Gorosu,1500.0,1433.0
16.03.2021,Matara,C-4,2400.0,2317.0
16.03.2021,Matara,H-2,2100.0,2042.0
16.03.2021,Kalutara,M-5,2100.0,2090.0
16.03.2021,Kalutara,C-5,2500.0,2480.0
16.03.2021,Kalutara,C-4,2300.0,2265.0
16.03.2021,Ratnapura,Alba,3000.0,2966.0
16.03.2021,Ratnapura,C-5 Sp,2700.0,2650.0
16.03.2021,Ratnapura,C-5,2450.0,2416.0
16.03.2021,Ratnapura,C-4,2350.0,2300.0
16.03.2021,Ratnapura,M-5,2050.0,2016.0
16.03.2021,Ratnapura,H-1,2000.0,2000.0
16.03.2021,Ratnapura,H-2,1800.0,1733.0
16.03.2021,Badulla,Heen,2250.0,1690.0
16.03.2021,Badulla,Gorosu,1800.0,1176.0
16.03.2021,Kurunegala,Heen,1700.0,1233.0
16.03.2021,Ratnapura,M-4,2050.0,2016.0
16.03.2021,Colombo,C-5 Sp,2600.0,2600.0
16.03.2021,Kurunegala,Gorosu,1000.0,867.0
16.03.2021,Kalutara,Alba,3000.0,3000.0
16.03.2021,Gampaha,Gorosu,1600.0,1525.0
16.03.2021,Gampaha,C-4,2000.0,1700.0
16.03.2021,Gampaha,C-5,2300.0,2200.0
16.03.2021,Kalutara,C-5 Sp,2600.0,2590.0
16.03.2021,Colombo,H-1,2100.0,2100.0
16.03.2021,Colombo,C-4,2350.0,2350.0
16.03.2021,Colombo,C-5,2450.0,2450.0
16.03.2021,Colombo,H-2,2000.0,2000.0
23.03.2021,Matara,C-5,2500.0,2467.0
23.03.2021,Kalutara,H-2,1800.0,1800.0
23.03.2021,Galle,Alba,3400.0,3300.0
23.03.2021,Galle,C-5 Sp,2550.0,2500.0
23.03.2021,Galle,C-5,2450.0,2430.0
23.03.2021,Galle,C-4,2380.0,2370.0
23.03.2021,Galle,H-1,2150.0,2140.0
23.03.2021,Galle,H-2,2130.0,2120.0
23.03.2021,Matara,Alba,3050.0,2988.0
23.03.2021,Matara,C-5 Sp,2600.0,2567.0
23.03.2021,Matara,C-4,2400.0,2358.0
23.03.2021,Kalutara,H-1,1900.0,1885.0
23.03.2021,Matara,M-4,2250.0,2233.0
23.03.2021,Matara,H-1,2200.0,2138.0
23.03.2021,Matara,H-2,2120.0,2071.0
23.03.2021,Matara,H-Faq,2000.0,1862.0
23.03.2021,Hambantota,C-5,2500.0,2500.0
23.03.2021,Hambantota,C-4,2450.0,2450.0
23.03.2021,Hambantota,H-1,2150.0,2150.0
23.03.2021,Hambantota,H-2,2100.0,2100.0
23.03.2021,Monaragala,Heen,2000.0,1800.0
23.03.2021,Monaragala,Gorosu,1500.0,1375.0
23.03.2021,Matara,M-5,2320.0,2307.0
23.03.2021,Kalutara,M-4,2000.0,1980.0
23.03.2021,Kalutara,C-5,2500.0,2480.0
23.03.2021,Kalutara,C-4,2300.0,2265.0
23.03.2021,Ratnapura,C-5 Sp,2650.0,2600.0
23.03.2021,Ratnapura,C-5,2500.0,2450.0
23.03.2021,Ratnapura,C-4,2100.0,2050.0
23.03.2021,Ratnapura,M-5,2000.0,1933.0
23.03.2021,Ratnapura,M-4,2000.0,1933.0
23.03.2021,Ratnapura,H-1,1900.0,1866.0
23.03.2021,Ratnapura,H-2,1700.0,1683.0
23.03.2021,Badulla,Heen,2250.0,1838.0
23.03.2021,Badulla,Gorosu,1800.0,1275.0
23.03.2021,Kurunegala,Heen,2000.0,1333.0
23.03.2021,Kurunegala,Gorosu,1200.0,933.0
23.03.2021,Ratnapura,Alba,3000.0,2900.0
23.03.2021,Colombo,C-5,2500.0,2500.0
23.03.2021,Colombo,C-4,2350.0,2350.0
23.03.2021,Colombo,H-1,2050.0,2050.0
23.03.2021,Colombo,H-2,2000.0,2000.0
23.03.2021,Gampaha,C-5,2200.0,2100.0
23.03.2021,Gampaha,C-4,1800.0,1725.0
23.03.2021,Gampaha,Gorosu,1550.0,1475.0
23.03.2021,Kalutara,Alba,3000.0,3000.0
23.03.2021,Kalutara,C-5 Sp,2600.0,2590.0
23.03.2021,Kalutara,M-5,2100.0,2090.0
23.03.2021,Colombo,C-5 Sp,2600.0,2600.0
30.03.2021,Matara,C-5 Sp,2800.0,2633.0
30.03.2021,Matara,Alba,3000.0,2967.0
30.03.2021,Galle,H-2,2130.0,2120.0
30.03.2021,Galle,H-1,2150.0,2140.0
30.03.2021,Kalutara,H-2,1800.0,1800.0
30.03.2021,Galle,C-5,2450.0,2430.0
30.03.2021,Galle,C-5 Sp,2550.0,2500.0
30.03.2021,Galle,Alba,3400.0,3300.0
30.03.2021,Matara,C-5,2500.0,2450.0
30.03.2021,Galle,C-4,2380.0,2370.0
30.03.2021,Matara,C-4,2400.0,2350.0
30.03.2021,Matara,H-Faq,2000.0,1850.0
30.03.2021,Matara,M-4,2300.0,2267.0
30.03.2021,Matara,H-1,2150.0,2150.0
30.03.2021,Matara,H-2,2100.0,2092.0
30.03.2021,Hambantota,C-5,2450.0,2450.0
30.03.2021,Hambantota,C-4,2400.0,2400.0
30.03.2021,Hambantota,H-1,2150.0,2150.0
30.03.2021,Hambantota,H-2,2100.0,2100.0
30.03.2021,Monaragala,Heen,1800.0,1750.0
30.03.2021,Monaragala,Gorosu,1400.0,1300.0
30.03.2021,Kalutara,H-1,1900.0,1885.0
30.03.2021,Matara,M-5,2350.0,2317.0
30.03.2021,Kalutara,M-4,2000.0,1980.0
30.03.2021,Kalutara,M-5,2100.0,2090.0
30.03.2021,Kalutara,C-4,2300.0,2265.0
30.03.2021,Ratnapura,C-5 Sp,2800.0,2733.0
30.03.2021,Ratnapura,C-5,2500.0,2466.0
30.03.2021,Ratnapura,C-4,2300.0,2283.0
30.03.2021,Ratnapura,M-5,2200.0,2133.0
30.03.2021,Ratnapura,M-4,2200.0,2133.0
30.03.2021,Ratnapura,H-1,2050.0,2016.0
30.03.2021,Ratnapura,H-2,1900.0,1833.0
30.03.2021,Badulla,Heen,2250.0,1812.0
30.03.2021,Badulla,Gorosu,1800.0,1275.0
30.03.2021,Kurunegala,Heen,2000.0,1333.0
30.03.2021,Kurunegala,Gorosu,1200.0,933.0
30.03.2021,Ratnapura,Alba,3000.0,2983.0
30.03.2021,Colombo,C-5,2650.0,2650.0
30.03.2021,Colombo,C-4,2450.0,2450.0
30.03.2021,Colombo,H-1,2200.0,2200.0
30.03.2021,Colombo,H-2,2100.0,2100.0
30.03.2021,Gampaha,C-5,2300.0,2115.0
30.03.2021,Gampaha,C-4,2000.0,1850.0
30.03.2021,Gampaha,Gorosu,1600.0,1450.0
30.03.2021,Kalutara,Alba,3000.0,3000.0
30.03.2021,Kalutara,C-5 Sp,2600.0,2590.0
30.03.2021,Kalutara,C-5,2500.0,2480.0
30.03.2021,Colombo,C-5 Sp,2700.0,2700.0
06.04.2021,Matara,Alba,3000.0,2975.0
06.04.2021,Galle,H-2,2100.0,2100.0
06.04.2021,Galle,H-1,2150.0,2150.0
06.04.2021,Galle,C-4,2450.0,2425.0
06.04.2021,Kalutara,H-2,1800.0,1800.0
06.04.2021,Galle,C-5 Sp,2600.0,2600.0
06.04.2021,Galle,Alba,3150.0,3125.0
06.04.2021,Monaragala,Gorosu,1500.0,1325.0
06.04.2021,Matara,C-5 Sp,2600.0,2600.0
06.04.2021,Galle,C-5,2500.0,2475.0
06.04.2021,Matara,C-5,2500.0,2475.0
06.04.2021,Matara,H-2,2180.0,2110.0
06.04.2021,Matara,M-5,2400.0,2350.0
06.04.2021,Matara,M-4,2350.0,2300.0
06.04.2021,Matara,H-1,2200.0,2180.0
06.04.2021,Matara,H-Faq,2100.0,1890.0
06.04.2021,Hambantota,C-5,2450.0,2450.0
06.04.2021,Hambantota,C-4,2400.0,2400.0
06.04.2021,Hambantota,H-1,2150.0,2150.0
06.04.2021,Hambantota,H-2,2100.0,2100.0
06.04.2021,Monaragala,Heen,1800.0,1700.0
06.04.2021,Kalutara,H-1,1900.0,1885.0
06.04.2021,Matara,C-4,2450.0,2393.0
06.04.2021,Kalutara,M-4,2000.0,1980.0
06.04.2021,Kalutara,Alba,3000.0,3000.0
06.04.2021,Kalutara,C-4,2300.0,2265.0
06.04.2021,Ratnapura,Alba,3000.0,2950.0
06.04.2021,Ratnapura,C-5,2500.0,2466.0
06.04.2021,Ratnapura,C-4,2300.0,2266.0
06.04.2021,Ratnapura,M-5,2100.0,2066.0
06.04.2021,Ratnapura,M-4,2100.0,2066.0
06.04.2021,Ratnapura,H-1,2050.0,2033.0
06.04.2021,Ratnapura,H-2,1900.0,1850.0
06.04.2021,Badulla,Heen,2300.0,1758.0
06.04.2021,Badulla,Gorosu,1800.0,1216.0
06.04.2021,Kurunegala,Heen,2200.0,1467.0
06.04.2021,Ratnapura,C-5 Sp,2750.0,2716.0
06.04.2021,Colombo,C-5 Sp,2650.0,2650.0
06.04.2021,Kurunegala,Gorosu,1300.0,1000.0
06.04.2021,Kalutara,C-5,2500.0,2480.0
06.04.2021,Kalutara,C-5 Sp,2600.0,2590.0
06.04.2021,Gampaha,Gorosu,1800.0,1600.0
06.04.2021,Gampaha,C-4,2000.0,1925.0
06.04.2021,Kalutara,M-5,2100.0,2090.0
06.04.2021,Colombo,H-2,2000.0,2000.0
06.04.2021,Colombo,H-1,2100.0,2100.0
06.04.2021,Colombo,C-4,2400.0,2400.0
06.04.2021,Colombo,C-5,2550.0,2550.0
06.04.2021,Gampaha,C-5,2400.0,2300.0
20.04.2021,Galle,C-5,2500.0,2475.0
20.04.2021,Galle,C-4,2450.0,2425.0
20.04.2021,Galle,H-1,2200.0,2175.0
20.04.2021,Galle,H-2,2100.0,2100.0
20.04.2021,Matara,Alba,3000.0,3000.0
20.04.2021,Matara,C-5 Sp,2600.0,2600.0
20.04.2021,Matara,C-5,2500.0,2467.0
20.04.2021,Matara,C-4,2450.0,2390.0
20.04.2021,Matara,M-5,2400.0,2350.0
20.04.2021,Matara,H-1,2200.0,2173.0
20.04.2021,Matara,H-2,2150.0,2116.0
20.04.2021,Matara,H-Faq,2100.0,1883.0
20.04.2021,Hambantota,C-5,2500.0,2500.0
20.04.2021,Hambantota,H-1,2150.0,2150.0
20.04.2021,Hambantota,H-2,2100.0,2100.0
20.04.2021,Monaragala,Heen,2000.0,1900.0
20.04.2021,Monaragala,Gorosu,1500.0,1325.0
20.04.2021,Galle,C-5 Sp,2600.0,2600.0
20.04.2021,Matara,M-4,2350.0,2300.0
20.04.2021,Hambantota,C-4,2450.0,2425.0
20.04.2021,Galle,Alba,3150.0,3125.0
20.04.2021,Kalutara,H-1,1900.0,1885.0
20.04.2021,Kalutara,H-2,1800.0,1800.0
20.04.2021,Badulla,Heen,2300.0,1758.0
20.04.2021,Badulla,Gorosu,1800.0,1250.0
20.04.2021,Kurunegala,Heen,2000.0,1333.0
20.04.2021,Colombo,C-5 Sp,2650.0,2650.0
20.04.2021,Colombo,C-5,2500.0,2500.0
20.04.2021,Colombo,C-4,2400.0,2400.0
20.04.2021,Colombo,H-1,2100.0,2100.0
20.04.2021,Colombo,H-2,2000.0,2000.0
20.04.2021,Kurunegala,Gorosu,1200.0,933.0
20.04.2021,Gampaha,C-4,1800.0,1725.0
20.04.2021,Gampaha,Gorosu,1600.0,1500.0
20.04.2021,Kalutara,Alba,3000.0,3000.0
20.04.2021,Kalutara,C-5 Sp,2600.0,2590.0
20.04.2021,Kalutara,C-5,2500.0,2480.0
20.04.2021,Kalutara,C-4,2300.0,2265.0
20.04.2021,Kalutara,M-5,2100.0,2090.0
20.04.2021,Gampaha,C-5,2200.0,2050.0
20.04.2021,Kalutara,M-4,2000.0,1980.0
27.04.2021,Matara,C-5 Sp,2850.0,2683.0
27.04.2021,Matara,Alba,3000.0,3000.0
27.04.2021,Galle,H-2,2120.0,2100.0
27.04.2021,Galle,H-1,2200.0,2180.0
27.04.2021,Kalutara,H-2,1800.0,1800.0
27.04.2021,Galle,C-5 Sp,2700.0,2650.0
27.04.2021,Galle,Alba,3200.0,3150.0
27.04.2021,Kalutara,H-1,1900.0,1885.0
27.04.2021,Matara,C-5,2700.0,2550.0
27.04.2021,Galle,C-5,2600.0,2575.0
27.04.2021,Matara,C-4,2450.0,2414.0
27.04.2021,Monaragala,Heen,1900.0,1800.0
27.04.2021,Matara,M-4,2300.0,2267.0
27.04.2021,Matara,H-1,2200.0,2175.0
27.04.2021,Matara,H-2,2150.0,2113.0
27.04.2021,Matara,H-Faq,2050.0,1950.0
27.04.2021,Hambantota,C-5,2500.0,2500.0
27.04.2021,Hambantota,C-4,2450.0,2450.0
27.04.2021,Hambantota,H-1,2200.0,2200.0
27.04.2021,Hambantota,H-2,2150.0,2150.0
27.04.2021,Monaragala,Gorosu,1500.0,1325.0
27.04.2021,Kalutara,M-4,2000.0,1980.0
27.04.2021,Matara,M-5,2400.0,2333.0
27.04.2021,Kalutara,M-5,2100.0,2090.0
27.04.2021,Galle,C-4,2500.0,2480.0
27.04.2021,Kalutara,C-5,2500.0,2470.0
27.04.2021,Ratnapura,Alba,3200.0,3100.0
27.04.2021,Ratnapura,C-5,2500.0,2483.0
27.04.2021,Ratnapura,C-4,2300.0,2250.0
27.04.2021,Ratnapura,M-5,2100.0,2050.0
27.04.2021,Ratnapura,M-4,2100.0,2050.0
27.04.2021,Ratnapura,H-1,2100.0,2033.0
27.04.2021,Ratnapura,H-2,1800.0,1700.0
27.04.2021,Badulla,Heen,2250.0,1720.0
27.04.2021,Badulla,Gorosu,1800.0,1216.0
27.04.2021,Kurunegala,Heen,2000.0,1333.0
27.04.2021,Kurunegala,Gorosu,1200.0,933.0
27.04.2021,Ratnapura,C-5 Sp,2700.0,2682.0
27.04.2021,Colombo,C-5,2500.0,2500.0
27.04.2021,Colombo,C-5 Sp,2600.0,2600.0
27.04.2021,Kalutara,Alba,3000.0,3000.0
27.04.2021,Gampaha,Gorosu,1600.0,1475.0
27.04.2021,Gampaha,C-4,2000.0,1700.0
27.04.2021,Kalutara,C-5 Sp,2600.0,2590.0
27.04.2021,Kalutara,C-4,2300.0,2265.0
27.04.2021,Colombo,H-2,2100.0,2100.0
27.04.2021,Colombo,H-1,2150.0,2150.0
27.04.2021,Colombo,C-4,2450.0,2450.0
27.04.2021,Gampaha,C-5,2400.0,2200.0
04.05.2021,Galle,C-5 Sp,2700.0,2675.0
04.05.2021,Matara,C-4,2500.0,2433.0
04.05.2021,Galle,C-5,2600.0,2575.0
04.05.2021,Galle,C-4,2520.0,2510.0
04.05.2021,Galle,H-1,2200.0,2190.0
04.05.2021,Galle,H-2,2140.0,2102.0
04.05.2021,Matara,Alba,3000.0,3000.0
04.05.2021,Matara,C-5 Sp,2650.0,2617.0
04.05.2021,Matara,C-5,2500.0,2500.0
04.05.2021,Matara,M-5,2400.0,2367.0
04.05.2021,Hambantota,C-5,2500.0,2500.0
04.05.2021,Matara,H-1,2250.0,2195.0
04.05.2021,Matara,H-2,2150.0,2121.0
04.05.2021,Matara,H-Faq,2100.0,1875.0
04.05.2021,Hambantota,C-4,2450.0,2425.0
04.05.2021,Hambantota,H-1,2200.0,2200.0
04.05.2021,Hambantota,H-2,2150.0,2150.0
04.05.2021,Monaragala,Heen,1800.0,1700.0
04.05.2021,Monaragala,Gorosu,1500.0,1325.0
04.05.2021,Galle,Alba,3300.0,3250.0
04.05.2021,Matara,M-4,2300.0,2300.0
04.05.2021,Kalutara,H-Faq,1800.0,
04.05.2021,Kalutara,H-1,1980.0,1900.0
04.05.2021,Ratnapura,Alba,3100.0,3033.0
04.05.2021,Kalutara,H-2,1885.0,1800.0
04.05.2021,Ratnapura,C-5 Sp,2700.0,2650.0
04.05.2021,Ratnapura,C-5,2500.0,2483.0
04.05.2021,Ratnapura,C-4,2300.0,2250.0
04.05.2021,Ratnapura,M-5,2050.0,1983.0
04.05.2021,Ratnapura,M-4,2050.0,1983.0
04.05.2021,Ratnapura,H-2,1650.0,1583.0
04.05.2021,Badulla,Heen,2250.0,1813.0
04.05.2021,Badulla,Gorosu,1800.0,1275.0
04.05.2021,Kurunegala,Heen,2000.0,1333.0
04.05.2021,Ratnapura,H-1,2000.0,1950.0
04.05.2021,Gampaha,C-5,2300.0,2200.0
04.05.2021,Kurunegala,Gorosu,1200.0,933.0
04.05.2021,Kalutara,M-5,2165.0,2100.0
04.05.2021,Kalutara,C-4,2300.0,2265.0
04.05.2021,Kalutara,C-5,2500.0,2470.0
04.05.2021,Kalutara,M-4,2090.0,2000.0
04.05.2021,Kalutara,Alba,3000.0,3000.0
04.05.2021,Gampaha,Gorosu,1600.0,1575.0
04.05.2021,Gampaha,C-4,2000.0,1900.0
04.05.2021,Kalutara,C-5 Sp,2600.0,2580.0
11.05.2021,Matara,C-4,2500.0,2425.0
11.05.2021,Galle,C-5 Sp,2750.0,2700.0
11.05.2021,Galle,C-5,2600.0,2575.0
11.05.2021,Galle,C-4,2520.0,2510.0
11.05.2021,Galle,H-1,2200.0,2190.0
11.05.2021,Galle,H-2,2140.0,2120.0
11.05.2021,Matara,Alba,3100.0,3033.0
11.05.2021,Matara,C-5 Sp,2700.0,2675.0
11.05.2021,Matara,C-5,2600.0,2550.0
11.05.2021,Matara,M-5,2400.0,2350.0
11.05.2021,Galle,Alba,3300.0,3250.0
11.05.2021,Matara,H-1,2250.0,2175.0
11.05.2021,Matara,H-2,2150.0,2100.0
11.05.2021,Matara,H-Faq,1900.0,1867.0
11.05.2021,Hambantota,C-5,2500.0,2500.0
11.05.2021,Hambantota,C-4,2450.0,2425.0
11.05.2021,Hambantota,H-1,2200.0,2175.0
11.05.2021,Hambantota,H-2,2100.0,2100.0
11.05.2021,Monaragala,Heen,2000.0,1900.0
11.05.2021,Monaragala,Gorosu,1500.0,1325.0
11.05.2021,Matara,M-4,2300.0,2275.0
11.05.2021,Kalutara,H-2,1800.0,1800.0
11.05.2021,Kalutara,M-5,2100.0,2090.0
11.05.2021,Kalutara,M-4,2000.0,1980.0
11.05.2021,Ratnapura,Alba,3100.0,3066.0
11.05.2021,Ratnapura,C-5 Sp,2650.0,2616.0
11.05.2021,Ratnapura,C-5,2500.0,2450.0
11.05.2021,Ratnapura,C-4,2250.0,2216.0
11.05.2021,Ratnapura,M-5,2100.0,2050.0
11.05.2021,Ratnapura,M-4,2100.0,2050.0
11.05.2021,Ratnapura,H-1,2050.0,1983.0
11.05.2021,Ratnapura,H-2,1700.0,1683.0
11.05.2021,Badulla,Heen,2200.0,1775.0
11.05.2021,Badulla,Gorosu,1800.0,1300.0
11.05.2021,Kalutara,H-1,1900.0,1895.0
11.05.2021,Kurunegala,Gorosu,1200.0,933.0
11.05.2021,Gampaha,C-5,2400.0,2200.0
11.05.2021,Gampaha,C-4,2000.0,1775.0
11.05.2021,Gampaha,Gorosu,1600.0,1575.0
11.05.2021,Kalutara,Alba,3000.0,3000.0
11.05.2021,Kalutara,C-5 Sp,2600.0,2580.0
11.05.2021,Kalutara,C-5,2500.0,2470.0
11.05.2021,Kalutara,C-4,2300.0,2265.0
11.05.2021,Kurunegala,Heen,2000.0,1333.0
18.05.2021,Matara,C-5 Sp,2600.0,2600.0
18.05.2021,Matara,Alba,3100.0,3050.0
18.05.2021,Galle,H-2,2150.0,2145.0
18.05.2021,Galle,C-5 Sp,2700.0,2650.0
18.05.2021,Galle,C-4,2500.0,2475.0
18.05.2021,Galle,C-5,2600.0,2550.0
18.05.2021,Matara,C-5,2550.0,2550.0
18.05.2021,Galle,Alba,3200.0,3180.0
18.05.2021,Galle,H-1,2200.0,2175.0
18.05.2021,Matara,C-4,2500.0,2430.0
18.05.2021,Matara,H-2,2150.0,2108.0
18.05.2021,Matara,M-4,2300.0,2300.0
18.05.2021,Matara,H-1,2200.0,2175.0
18.05.2021,Matara,H-Faq,1850.0,1825.0
18.05.2021,Hambantota,C-5,2550.0,2525.0
18.05.2021,Hambantota,C-4,2500.0,2475.0
18.05.2021,Hambantota,H-1,2220.0,2200.0
18.05.2021,Hambantota,H-2,2200.0,2165.0
18.05.2021,Kalutara,H-2,1800.0,1800.0
18.05.2021,Monaragala,Gorosu,1500.0,1375.0
18.05.2021,Matara,M-5,2400.0,2400.0
18.05.2021,Monaragala,Heen,1900.0,1800.0
18.05.2021,Kalutara,H-1,1900.0,1880.0
18.05.2021,Kalutara,M-5,2100.0,2090.0
18.05.2021,Kalutara,M-4,2000.0,1980.0
18.05.2021,Ratnapura,Alba,3200.0,3016.0
18.05.2021,Ratnapura,C-5 Sp,2700.0,2633.0
18.05.2021,Ratnapura,C-5,2550.0,2533.0
18.05.2021,Ratnapura,C-4,2400.0,2350.0
18.05.2021,Ratnapura,M-5,2050.0,2016.0
18.05.2021,Ratnapura,H-1,2000.0,1966.0
18.05.2021,Ratnapura,H-2,1700.0,1650.0
18.05.2021,Badulla,Heen,2200.0,2000.0
18.05.2021,Ratnapura,M-4,2050.0,2016.0
18.05.2021,Kurunegala,Heen,2000.0,1333.0
18.05.2021,Badulla,Gorosu,1800.0,1450.0
18.05.2021,Kalutara,C-5,2500.0,2470.0
18.05.2021,Kalutara,C-5 Sp,2600.0,2580.0
18.05.2021,Kalutara,Alba,3000.0,3000.0
18.05.2021,Kalutara,C-4,2300.0,2265.0
18.05.2021,Gampaha,C-4,2100.0,1935.0
18.05.2021,Gampaha,C-5,2400.0,2150.0
18.05.2021,Kurunegala,Gorosu,1200.0,933.0
18.05.2021,Gampaha,Gorosu,1800.0,1700.0
22.06.2021,Matara,C-5,2700.0,2667.0
22.06.2021,Galle,C-5 Sp,2800.0,2775.0
22.06.2021,Galle,C-5,2700.0,2675.0
22.06.2021,Galle,C-4,2600.0,2590.0
22.06.2021,Galle,H-1,2250.0,2240.0
22.06.2021,Galle,H-2,2180.0,2160.0
22.06.2021,Matara,Alba,3300.0,3060.0
22.06.2021,Matara,C-5 Sp,2900.0,2817.0
22.06.2021,Matara,C-4,2600.0,2583.0
22.06.2021,Galle,Alba,3200.0,3200.0
22.06.2021,Matara,M-4,2450.0,2383.0
22.06.2021,Matara,H-1,2300.0,2275.0
22.06.2021,Matara,H-2,2250.0,2221.0
22.06.2021,Matara,H-Faq,2150.0,1850.0
22.06.2021,Hambantota,C-5,2700.0,2675.0
22.06.2021,Hambantota,C-4,2600.0,2575.0
22.06.2021,Monaragala,Gorosu,1500.0,1450.0
22.06.2021,Hambantota,H-2,2200.0,2200.0
22.06.2021,Matara,M-5,2500.0,2450.0
22.06.2021,Kalutara,H-2,1800.0,1800.0
22.06.2021,Hambantota,H-1,2250.0,2245.0
22.06.2021,Kalutara,M-4,2000.0,1980.0
22.06.2021,Ratnapura,Alba,2750.0,2725.0
22.06.2021,Ratnapura,C-5 Sp,2700.0,2660.0
22.06.2021,Ratnapura,C-5,2600.0,2550.0
22.06.2021,Ratnapura,C-4,2500.0,2450.0
22.06.2021,Ratnapura,M-5,2200.0,2110.0
22.06.2021,Ratnapura,M-4,2200.0,2110.0
22.06.2021,Ratnapura,H-1,2100.0,2066.0
22.06.2021,Ratnapura,H-2,1900.0,1866.0
22.06.2021,Badulla,Heen,2100.0,1766.0
22.06.2021,Kalutara,H-1,1900.0,1885.0
22.06.2021,Gampaha,C-5,2400.0,2200.0
22.06.2021,Gampaha,C-4,1900.0,1750.0
22.06.2021,Gampaha,Gorosu,1500.0,1400.0
22.06.2021,Kalutara,Alba,3000.0,3000.0
22.06.2021,Kalutara,C-5 Sp,2600.0,2580.0
22.06.2021,Kalutara,C-5,2500.0,2470.0
22.06.2021,Kalutara,C-4,2300.0,2265.0
22.06.2021,Kalutara,M-5,2100.0,2090.0
22.06.2021,Badulla,Gorosu,1500.0,1175.0
29.06.2021,Matara,C-4,2650.0,2586.0
29.06.2021,Matara,C-5,2700.0,2650.0
29.06.2021,Matara,C-5 Sp,2900.0,2783.0
29.06.2021,Galle,C-4,2600.0,2590.0
29.06.2021,Galle,H-2,2200.0,2175.0
29.06.2021,Galle,H-1,2300.0,2275.0
29.06.2021,Matara,M-5,2480.0,2465.0
29.06.2021,Matara,Alba,3200.0,3150.0
29.06.2021,Matara,M-4,2450.0,2425.0
29.06.2021,Hambantota,C-5,2700.0,2675.0
29.06.2021,Matara,H-2,2250.0,2214.0
29.06.2021,Matara,H-Faq,2150.0,1880.0
29.06.2021,Hambantota,C-4,2600.0,2575.0
29.06.2021,Hambantota,H-1,2250.0,2245.0
29.06.2021,Hambantota,H-2,2200.0,2200.0
29.06.2021,Monaragala,Heen,2000.0,1550.0
29.06.2021,Monaragala,Gorosu,1500.0,1500.0
29.06.2021,Galle,C-5,2700.0,2675.0
29.06.2021,Matara,H-1,2300.0,2286.0
29.06.2021,Galle,C-5 Sp,2800.0,2775.0
29.06.2021,Galle,Alba,3200.0,3150.0
29.06.2021,Ratnapura,M-4,2150.0,2116.0
29.06.2021,Kalutara,H-2,1800.0,1800.0
29.06.2021,Ratnapura,Alba,3000.0,2950.0
29.06.2021,Ratnapura,C-5 Sp,2900.0,2716.0
29.06.2021,Ratnapura,C-5,2750.0,2666.0
29.06.2021,Ratnapura,C-4,2500.0,2483.0
29.06.2021,Ratnapura,M-5,2150.0,2116.0
29.06.2021,Ratnapura,H-1,2100.0,2050.0
29.06.2021,Ratnapura,H-2,1500.0,1400.0
29.06.2021,Badulla,Gorosu,1500.0,1200.0
29.06.2021,Badulla,Heen,2200.0,1775.0
29.06.2021,Gampaha,C-4,1800.0,1750.0
29.06.2021,Gampaha,Gorosu,1600.0,1550.0
29.06.2021,Kalutara,Alba,3100.0,3100.0
29.06.2021,Kalutara,C-5 Sp,2800.0,2765.0
29.06.2021,Kalutara,C-5,2600.0,2597.0
29.06.2021,Kalutara,C-4,2500.0,2460.0
29.06.2021,Kalutara,M-5,2300.0,2200.0
29.06.2021,Kalutara,M-4,2000.0,2000.0
29.06.2021,Kalutara,H-1,1950.0,1920.0
29.06.2021,Gampaha,C-5,2200.0,2100.0
06.07.2021,Galle,H-2,2200.0,2175.0
06.07.2021,Matara,C-5 Sp,3000.0,2883.0
06.07.2021,Matara,Alba,3200.0,3200.0
06.07.2021,Galle,H-1,2300.0,2275.0
06.07.2021,Galle,Alba,3200.0,3150.0
06.07.2021,Galle,C-5,2700.0,2675.0
06.07.2021,Galle,C-5 Sp,2800.0,2775.0
06.07.2021,Matara,C-5,2800.0,2650.0
06.07.2021,Galle,C-4,2600.0,2590.0
06.07.2021,Matara,C-4,2600.0,2567.0
06.07.2021,Monaragala,Gorosu,1500.0,1450.0
06.07.2021,Matara,M-4,2500.0,2417.0
06.07.2021,Matara,H-1,2350.0,2290.0
06.07.2021,Matara,H-2,2250.0,2219.0
06.07.2021,Matara,H-Faq,2150.0,1900.0
06.07.2021,Hambantota,C-5,2700.0,2675.0
06.07.2021,Hambantota,C-4,2600.0,2575.0
06.07.2021,Hambantota,H-1,2250.0,2245.0
06.07.2021,Hambantota,H-2,2200.0,2200.0
06.07.2021,Monaragala,Heen,2100.0,2050.0
06.07.2021,Matara,M-5,2550.0,2483.0
06.07.2021,Kalutara,H-2,1800.0,1800.0
06.07.2021,Ratnapura,C-5 Sp,2800.0,2750.0
06.07.2021,Kalutara,M-4,2000.0,2000.0
06.07.2021,Kalutara,H-1,1950.0,1920.0
06.07.2021,Ratnapura,C-5,2700.0,2650.0
06.07.2021,Ratnapura,C-4,2450.0,2383.0
06.07.2021,Ratnapura,M-5,2150.0,2116.0
06.07.2021,Ratnapura,M-4,2150.0,2116.0
06.07.2021,Ratnapura,H-1,2100.0,2050.0
06.07.2021,Ratnapura,H-2,1600.0,1500.0
06.07.2021,Badulla,Heen,2300.0,1975.0
06.07.2021,Badulla,Gorosu,1800.0,1575.0
06.07.2021,Ratnapura,Alba,3000.0,3000.0
06.07.2021,Kurunegala,Gorosu,1500.0,1167.0
06.07.2021,Kurunegala,Heen,2500.0,2167.0
06.07.2021,Kalutara,C-4,2500.0,2460.0
06.07.2021,Kalutara,C-5,2600.0,2597.0
06.07.2021,Kalutara,C-5 Sp,2800.0,2765.0
06.07.2021,Kalutara,M-5,2300.0,2200.0
06.07.2021,Gampaha,Gorosu,1500.0,1375.0
06.07.2021,Gampaha,C-4,2000.0,1900.0
06.07.2021,Gampaha,C-5,2400.0,2200.0
06.07.2021,Kalutara,Alba,3100.0,3100.0
13.07.2021,Galle,C-5 Sp,2850.0,2825.0
13.07.2021,Matara,C-5,2750.0,2675.0
13.07.2021,Galle,C-5,2750.0,2725.0
13.07.2021,Galle,C-4,2650.0,2625.0
13.07.2021,Galle,H-1,2350.0,2335.0
13.07.2021,Galle,H-2,2300.0,2275.0
13.07.2021,Matara,Alba,3250.0,3188.0
13.07.2021,Matara,C-5 Sp,2900.0,2817.0
13.07.2021,Matara,C-4,2650.0,2593.0
13.07.2021,Matara,H-Faq,2150.0,1940.0
13.07.2021,Matara,M-4,2450.0,2413.0
13.07.2021,Matara,H-1,2350.0,2310.0
13.07.2021,Matara,H-2,2300.0,2250.0
13.07.2021,Hambantota,C-5,2700.0,2680.0
13.07.2021,Hambantota,C-4,2550.0,2550.0
13.07.2021,Hambantota,H-1,2260.0,2255.0
13.07.2021,Hambantota,H-2,2200.0,2200.0
13.07.2021,Monaragala,Gorosu,1200.0,1150.0
13.07.2021,Galle,Alba,3200.0,3200.0
13.07.2021,Matara,M-5,2550.0,2513.0
13.07.2021,Kalutara,H-2,1800.0,1800.0
13.07.2021,Ratnapura,Alba,3200.0,3066.0
13.07.2021,Kalutara,M-4,2000.0,2000.0
13.07.2021,Kalutara,H-1,1950.0,1920.0
13.07.2021,Ratnapura,C-5 Sp,2800.0,2750.0
13.07.2021,Ratnapura,C-5,2700.0,2650.0
13.07.2021,Ratnapura,C-4,2500.0,2466.0
13.07.2021,Ratnapura,M-5,2100.0,2050.0
13.07.2021,Ratnapura,M-4,2100.0,2050.0
13.07.2021,Ratnapura,H-2,1800.0,1750.0
13.07.2021,Badulla,Heen,2300.0,1800.0
13.07.2021,Badulla,Gorosu,1800.0,1350.0
13.07.2021,Ratnapura,H-1,2000.0,1950.0
13.07.2021,Kurunegala,Gorosu,1500.0,1300.0
13.07.2021,Kurunegala,Heen,2000.0,2000.0
13.07.2021,Kalutara,C-4,2500.0,2460.0
13.07.2021,Kalutara,C-5,2600.0,2597.0
13.07.2021,Kalutara,C-5 Sp,2800.0,2765.0
13.07.2021,Kalutara,M-5,2300.0,2200.0
13.07.2021,Gampaha,Gorosu,1800.0,1725.0
13.07.2021,Gampaha,C-4,2100.0,2075.0
13.07.2021,Gampaha,C-5,2400.0,2300.0
13.07.2021,Kalutara,Alba,3100.0,3100.0
19.07.2021,Matara,C-5,2750.0,2670.0
19.07.2021,Galle,C-5 Sp,2800.0,2800.0
19.07.2021,Galle,C-5,2750.0,2725.0
19.07.2021,Galle,C-4,2650.0,2625.0
19.07.2021,Galle,H-1,2400.0,2375.0
19.07.2021,Galle,H-2,2300.0,2275.0
19.07.2021,Matara,Alba,3300.0,3263.0
19.07.2021,Matara,C-5 Sp,2900.0,2850.0
19.07.2021,Matara,C-4,2600.0,2586.0
19.07.2021,Monaragala,Gorosu,1200.0,1150.0
19.07.2021,Matara,M-4,2450.0,2438.0
19.07.2021,Matara,H-1,2350.0,2310.0
19.07.2021,Matara,H-2,2300.0,2250.0
19.07.2021,Matara,H-Faq,2150.0,1900.0
19.07.2021,Hambantota,C-5,2700.0,2660.0
19.07.2021,Hambantota,C-4,2650.0,2610.0
19.07.2021,Hambantota,H-1,2270.0,2265.0
19.07.2021,Hambantota,Gorosu,2250.0,2235.0
19.07.2021,Matara,M-5,2560.0,2515.0
19.07.2021,Kalutara,H-2,1800.0,1800.0
19.07.2021,Galle,Alba,3200.0,3200.0
19.07.2021,Kalutara,M-4,2000.0,2000.0
19.07.2021,Kalutara,H-1,1950.0,1920.0
19.07.2021,Ratnapura,Alba,3200.0,3100.0
19.07.2021,Ratnapura,C-5 Sp,2850.0,2700.0
19.07.2021,Ratnapura,C-5,2700.0,2650.0
19.07.2021,Ratnapura,M-5,2300.0,2233.0
19.07.2021,Ratnapura,M-4,2300.0,2233.0
19.07.2021,Ratnapura,H-1,2150.0,2050.0
19.07.2021,Ratnapura,H-2,2000.0,1866.0
19.07.2021,Badulla,Heen,2000.0,1900.0
19.07.2021,Ratnapura,C-4,2524.0,2466.0
19.07.2021,Gampaha,C-5,2200.0,2100.0
19.07.2021,Gampaha,C-4,2000.0,1800.0
19.07.2021,Gampaha,Gorosu,1600.0,1565.0
19.07.2021,Kalutara,Alba,3100.0,3100.0
19.07.2021,Kalutara,C-5 Sp,2800.0,2760.0
19.07.2021,Kalutara,C-5,2600.0,2595.0
19.07.2021,Kalutara,C-4,2500.0,2460.0
19.07.2021,Badulla,Gorosu,1600.0,1550.0
19.07.2021,Kalutara,M-5,2300.0,2200.0
27.07.2021,Matara,C-5 Sp,3000.0,2883.0
27.07.2021,Matara,Alba,3300.0,3250.0
27.07.2021,Galle,H-2,2300.0,2280.0
27.07.2021,Galle,H-1,2400.0,2375.0
27.07.2021,Galle,Alba,3200.0,3200.0
27.07.2021,Galle,C-5,2750.0,2725.0
27.07.2021,Galle,C-5 Sp,2850.0,2825.0
27.07.2021,Kalutara,H-2,1800.0,1800.0
27.07.2021,Matara,C-5,2800.0,2670.0
27.07.2021,Galle,C-4,2650.0,2625.0
27.07.2021,Matara,C-4,2600.0,2593.0
27.07.2021,Monaragala,Heen,2100.0,1950.0
27.07.2021,Matara,M-4,2450.0,2400.0
27.07.2021,Matara,H-1,2350.0,2320.0
27.07.2021,Matara,H-2,2300.0,2243.0
27.07.2021,Matara,H-Faq,2180.0,1958.0
27.07.2021,Hambantota,C-5,2700.0,2675.0
27.07.2021,Hambantota,C-4,2650.0,2610.0
27.07.2021,Hambantota,H-1,2270.0,2265.0
27.07.2021,Hambantota,H-2,2250.0,2235.0
27.07.2021,Monaragala,Gorosu,1500.0,1400.0
27.07.2021,Kalutara,H-1,1950.0,1920.0
27.07.2021,Matara,M-5,2550.0,2500.0
27.07.2021,Kalutara,M-4,2000.0,2000.0
27.07.2021,Kurunegala,Heen,2000.0,2000.0
27.07.2021,Kalutara,C-4,2500.0,2460.0
27.07.2021,Ratnapura,C-5 Sp,2800.0,2783.0
27.07.2021,Ratnapura,C-5,2600.0,2583.0
27.07.2021,Ratnapura,C-4,2500.0,2466.0
27.07.2021,Ratnapura,M-5,2150.0,2116.0
27.07.2021,Ratnapura,M-4,2150.0,2116.0
27.07.2021,Ratnapura,H-1,2050.0,2016.0
27.07.2021,Ratnapura,H-2,1800.0,1750.0
27.07.2021,Badulla,Heen,2500.0,2125.0
27.07.2021,Badulla,Gorosu,1800.0,1625.0
27.07.2021,Kalutara,M-5,2300.0,2200.0
27.07.2021,Kurunegala,Gorosu,1500.0,1300.0
27.07.2021,Ratnapura,Alba,3100.0,3050.0
27.07.2021,Colombo,C-5,2700.0,2700.0
27.07.2021,Colombo,C-4,2650.0,2650.0
27.07.2021,Colombo,H-1,2300.0,2300.0
27.07.2021,Colombo,H-2,2100.0,2100.0
27.07.2021,Gampaha,C-5,2500.0,2300.0
27.07.2021,Gampaha,C-4,2000.0,1835.0
27.07.2021,Gampaha,Gorosu,1700.0,1600.0
27.07.2021,Kalutara,Alba,3100.0,3100.0
27.07.2021,Kalutara,C-5 Sp,2800.0,2760.0
27.07.2021,Kalutara,C-5,2600.0,2590.0
27.07.2021,Colombo,C-5 Sp,2800.0,2800.0
03.08.2021,Matara,C-5 Sp,2900.0,2833.0
03.08.2021,Matara,Alba,3300.0,3275.0
03.08.2021,Galle,H-2,2350.0,2325.0
03.08.2021,Galle,H-1,2400.0,2375.0
03.08.2021,Kalutara,H-2,1800.0,1800.0
03.08.2021,Galle,C-5,2800.0,2775.0
03.08.2021,Galle,C-5 Sp,2850.0,2850.0
03.08.2021,Galle,Alba,3200.0,3150.0
03.08.2021,Matara,C-5,2700.0,2675.0
03.08.2021,Galle,C-4,2700.0,2725.0
03.08.2021,Matara,C-4,2600.0,2583.0
03.08.2021,Matara,H-Faq,2150.0,1900.0
03.08.2021,Matara,M-4,2450.0,2450.0
03.08.2021,Matara,H-1,2350.0,2320.0
03.08.2021,Matara,H-2,2300.0,2243.0
03.08.2021,Hambantota,C-5,2700.0,2630.0
03.08.2021,Hambantota,C-4,2650.0,2625.0
03.08.2021,Hambantota,H-1,2250.0,2250.0
03.08.2021,Hambantota,H-2,2200.0,2200.0
03.08.2021,Monaragala,Heen,2000.0,1900.0
03.08.2021,Monaragala,Gorosu,1500.0,1450.0
03.08.2021,Kalutara,H-1,1950.0,1930.0
03.08.2021,Matara,M-5,2500.0,2500.0
03.08.2021,Kalutara,M-4,2000.0,2000.0
03.08.2021,Kalutara,C-4,2500.0,2460.0
03.08.2021,Ratnapura,C-5 Sp,2900.0,2883.0
03.08.2021,Ratnapura,Alba,3150.0,3100.0
03.08.2021,Kalutara,M-5,2300.0,2260.0
03.08.2021,Ratnapura,C-5,2700.0,2680.0
03.08.2021,Ratnapura,C-4,2550.0,2516.0
03.08.2021,Ratnapura,M-5,2250.0,2216.0
03.08.2021,Ratnapura,M-4,2250.0,2216.0
03.08.2021,Ratnapura,H-1,2100.0,2083.0
03.08.2021,Badulla,Heen,2300.0,2050.0
03.08.2021,Badulla,Gorosu,1800.0,1625.0
03.08.2021,Kurunegala,Heen,2500.0,1967.0
03.08.2021,Kurunegala,Gorosu,1700.0,1367.0
03.08.2021,Ratnapura,H-2,1900.0,1800.0
03.08.2021,Colombo,C-5,2700.0,2700.0
03.08.2021,Colombo,C-5 Sp,2800.0,2800.0
03.08.2021,Kalutara,C-5 Sp,2800.0,2760.0
03.08.2021,Kalutara,Alba,3100.0,3100.0
03.08.2021,Gampaha,Gorosu,1500.0,1450.0
03.08.2021,Gampaha,C-4,1800.0,1750.0
03.08.2021,Kalutara,C-5,2600.0,2595.0
03.08.2021,Colombo,H-2,2100.0,2100.0
03.08.2021,Colombo,H-1,2300.0,2300.0
03.08.2021,Colombo,C-4,2600.0,2600.0
03.08.2021,Gampaha,C-5,2300.0,2100.0
10.08.2021,Matara,C-4,2650.0,2600.0
10.08.2021,Galle,C-5 Sp,2800.0,2790.0
10.08.2021,Galle,C-5,2740.0,2720.0
10.08.2021,Galle,C-4,2650.0,2625.0
10.08.2021,Galle,H-1,2300.0,2290.0
10.08.2021,Galle,H-2,2250.0,2225.0
10.08.2021,Matara,Alba,3400.0,3300.0
10.08.2021,Matara,C-5 Sp,2900.0,2817.0
10.08.2021,Matara,C-5,2700.0,2683.0
10.08.2021,Matara,M-5,2600.0,2550.0
10.08.2021,Galle,Alba,3200.0,3150.0
10.08.2021,Matara,H-1,2400.0,2340.0
10.08.2021,Matara,H-2,2300.0,2250.0
10.08.2021,Matara,H-Faq,1850.0,1813.0
10.08.2021,Hambantota,C-5,2700.0,2700.0
10.08.2021,Hambantota,C-4,2650.0,2650.0
10.08.2021,Hambantota,H-1,2250.0,2250.0
10.08.2021,Hambantota,H-2,2200.0,2200.0
10.08.2021,Monaragala,Heen,2000.0,1950.0
10.08.2021,Monaragala,Gorosu,1500.0,1500.0
10.08.2021,Matara,M-4,2500.0,2467.0
10.08.2021,Kalutara,H-2,1800.0,1800.0
10.08.2021,Kalutara,Alba,3100.0,3100.0
10.08.2021,Kalutara,M-4,2000.0,2000.0
10.08.2021,Kalutara,H-1,1950.0,1920.0
10.08.2021,Ratnapura,C-5 Sp,2900.0,2850.0
10.08.2021,Ratnapura,C-5,2750.0,2700.0
10.08.2021,Ratnapura,C-4,2550.0,2500.0
10.08.2021,Ratnapura,M-5,2250.0,2216.0
10.08.2021,Ratnapura,M-4,2250.0,2216.0
10.08.2021,Ratnapura,H-1,2100.0,2066.0
10.08.2021,Ratnapura,H-2,1900.0,1850.0
10.08.2021,Badulla,Heen,2200.0,1800.0
10.08.2021,Badulla,Gorosu,1800.0,1575.0
10.08.2021,Ratnapura,Alba,3150.0,3083.0
10.08.2021,Kurunegala,Gorosu,1500.0,1300.0
10.08.2021,Kurunegala,Heen,2000.0,2000.0
10.08.2021,Kalutara,C-4,2500.0,2460.0
10.08.2021,Kalutara,C-5,2600.0,2595.0
10.08.2021,Kalutara,C-5 Sp,2800.0,2760.0
10.08.2021,Kalutara,M-5,2300.0,2260.0
10.08.2021,Gampaha,Gorosu,1600.0,1550.0
10.08.2021,Gampaha,C-4,2000.0,1900.0
10.08.2021,Gampaha,C-5,2400.0,2200.0
17.08.2021,Matara,C-5 Sp,3250.0,3025.0
17.08.2021,Galle,C-5 Sp,2750.0,2725.0
17.08.2021,Galle,C-5,2650.0,2650.0
17.08.2021,Galle,C-4,2600.0,2600.0
17.08.2021,Galle,H-1,2250.0,2250.0
17.08.2021,Galle,H-2,2200.0,2200.0
17.08.2021,Matara,Alba,3500.0,3333.0
17.08.2021,Galle,Alba,3200.0,3150.0
17.08.2021,Matara,C-5,3000.0,2825.0
17.08.2021,Matara,H-2,2300.0,2192.0
17.08.2021,Matara,M-5,2500.0,2475.0
17.08.2021,Matara,M-4,2450.0,2400.0
17.08.2021,Matara,H-1,2400.0,2288.0
17.08.2021,Matara,H-Faq,1850.0,1817.0
17.08.2021,Hambantota,C-5,2700.0,2700.0
17.08.2021,Hambantota,C-4,2650.0,2650.0
17.08.2021,Hambantota,H-1,2300.0,2300.0
17.08.2021,Hambantota,H-2,2250.0,2250.0
17.08.2021,Monaragala,Gorosu,1800.0,1750.0
17.08.2021,Matara,C-4,2600.0,2583.0
17.08.2021,Kalutara,H-2,1800.0,1800.0
17.08.2021,Kalutara,M-5,2300.0,2200.0
17.08.2021,Kalutara,M-4,2000.0,2000.0
17.08.2021,Kalutara,H-1,1950.0,1930.0
17.08.2021,Ratnapura,C-5 Sp,2800.0,2750.0
17.08.2021,Ratnapura,C-5,2650.0,2600.0
17.08.2021,Ratnapura,C-4,2500.0,2450.0
17.08.2021,Ratnapura,M-5,2200.0,2150.0
17.08.2021,Ratnapura,M-4,2200.0,2150.0
17.08.2021,Ratnapura,H-1,2200.0,2050.0
17.08.2021,Ratnapura,H-2,1850.0,1800.0
17.08.2021,Badulla,Heen,2200.0,2050.0
17.08.2021,Ratnapura,Alba,3100.0,3050.0
17.08.2021,Kurunegala,Heen,2000.0,1667.0
17.08.2021,Badulla,Gorosu,1700.0,1550.0
17.08.2021,Kalutara,C-5,2600.0,2595.0
17.08.2021,Kalutara,C-5 Sp,2800.0,2760.0
17.08.2021,Kalutara,Alba,3100.0,3100.0
17.08.2021,Kalutara,C-4,2500.0,2460.0
17.08.2021,Gampaha,C-4,2400.0,2300.0
17.08.2021,Gampaha,C-5,2600.0,2550.0
17.08.2021,Kurunegala,Gorosu,1500.0,1233.0
17.08.2021,Gampaha,Gorosu,2100.0,2000.0
05.10.2021,Matara,M-4,2400.0,2400.0
05.10.2021,Kalutara,H-2,1800.0,1800.0
05.10.2021,Matara,Alba,3500.0,3400.0
05.10.2021,Matara,C-5 Sp,3000.0,2933.0
05.10.2021,Matara,C-5,2750.0,2670.0
05.10.2021,Matara,C-4,2650.0,2593.0
05.10.2021,Matara,M-5,2550.0,2513.0
05.10.2021,Matara,H-1,2300.0,2264.0
05.10.2021,Hambantota,H-1,2250.0,2250.0
05.10.2021,Matara,H-Faq,2100.0,1950.0
05.10.2021,Hambantota,C-5,2650.0,2650.0
05.10.2021,Hambantota,C-4,2600.0,2600.0
05.10.2021,Hambantota,H-2,2200.0,2200.0
05.10.2021,Monaragala,Heen,2000.0,2000.0
05.10.2021,Monaragala,Gorosu,1500.0,1425.0
05.10.2021,Kalutara,H-1,1950.0,1920.0
05.10.2021,Matara,H-2,2250.0,2214.0
05.10.2021,Kalutara,M-4,2000.0,2000.0
05.10.2021,Kalutara,C-5,2600.0,2595.0
05.10.2021,Kalutara,C-4,2500.0,2460.0
05.10.2021,Ratnapura,Alba,3100.0,3000.0
05.10.2021,Ratnapura,C-5 Sp,2900.0,2850.0
05.10.2021,Ratnapura,C-5,2700.0,2650.0
05.10.2021,Ratnapura,C-4,2550.0,2500.0
05.10.2021,Ratnapura,M-4,2250.0,2200.0
05.10.2021,Ratnapura,H-1,2100.0,2000.0
05.10.2021,Ratnapura,H-2,2000.0,1900.0
05.10.2021,Ratnapura,M-5,2250.0,2200.0
05.10.2021,Badulla,Gorosu,1700.0,1300.0
05.10.2021,Gampaha,C-5,2300.0,2230.0
05.10.2021,Gampaha,C-4,2000.0,1750.0
05.10.2021,Gampaha,Gorosu,1700.0,1550.0
05.10.2021,Kalutara,Alba,3100.0,3100.0
05.10.2021,Kalutara,C-5 Sp,2800.0,2760.0
05.10.2021,Kalutara,M-5,2300.0,2200.0
05.10.2021,Badulla,Heen,2300.0,2025.0
12.10.2021,Matara,C-5,3000.0,2738.0
12.10.2021,Matara,C-5 Sp,3200.0,2967.0
12.10.2021,Matara,Alba,3500.0,3388.0
12.10.2021,Galle,C-5,2700.0,2700.0
12.10.2021,Galle,H-1,2300.0,2275.0
12.10.2021,Galle,C-4,2650.0,2625.0
12.10.2021,Matara,C-4,2650.0,2607.0
12.10.2021,Galle,H-2,2250.0,2200.0
12.10.2021,Matara,M-5,2600.0,2500.0
12.10.2021,Monaragala,Heen,2000.0,1900.0
12.10.2021,Matara,H-1,2300.0,2264.0
12.10.2021,Matara,H-2,2250.0,2207.0
12.10.2021,Matara,H-Faq,2100.0,1910.0
12.10.2021,Hambantota,C-5,2650.0,2650.0
12.10.2021,Hambantota,C-4,2600.0,2600.0
12.10.2021,Hambantota,H-1,2250.0,2250.0
12.10.2021,Hambantota,H-2,2200.0,2200.0
12.10.2021,Galle,C-5 Sp,2850.0,2825.0
12.10.2021,Monaragala,Gorosu,1500.0,1325.0
12.10.2021,Matara,M-4,2500.0,2400.0
12.10.2021,Kalutara,H-2,1800.0,1800.0
12.10.2021,Galle,Alba,3400.0,3350.0
12.10.2021,Kalutara,M-4,2000.0,2000.0
12.10.2021,Kalutara,H-1,1950.0,1920.0
12.10.2021,Ratnapura,C-5 Sp,2950.0,2900.0
12.10.2021,Ratnapura,C-5,2800.0,2700.0
12.10.2021,Ratnapura,C-4,2600.0,2500.0
12.10.2021,Ratnapura,M-5,2100.0,2000.0
12.10.2021,Ratnapura,M-4,2100.0,2000.0
12.10.2021,Ratnapura,H-1,2100.0,2000.0
12.10.2021,Ratnapura,H-2,1900.0,1850.0
12.10.2021,Badulla,Heen,2300.0,2125.0
12.10.2021,Badulla,Gorosu,1700.0,1575.0
12.10.2021,Ratnapura,Alba,3100.0,3050.0
12.10.2021,Kurunegala,Gorosu,1000.0,800.0
12.10.2021,Gampaha,C-5,2100.0,2000.0
12.10.2021,Gampaha,C-4,1700.0,1650.0
12.10.2021,Gampaha,Gorosu,1500.0,1400.0
12.10.2021,Kalutara,Alba,3100.0,3100.0
12.10.2021,Kalutara,C-5 Sp,2800.0,2760.0
12.10.2021,Kalutara,C-5,2600.0,2595.0
12.10.2021,Kalutara,C-4,2500.0,2460.0
12.10.2021,Kalutara,M-5,2300.0,2200.0
12.10.2021,Kurunegala,Heen,1500.0,1500.0
18.10.2021,Matara,C-5 Sp,3200.0,2950.0
18.10.2021,Matara,Alba,3500.0,3388.0
18.10.2021,Galle,H-2,2250.0,2200.0
18.10.2021,Galle,C-5 Sp,2850.0,2825.0
18.10.2021,Galle,C-4,2650.0,2625.0
18.10.2021,Monaragala,Gorosu,1400.0,1300.0
18.10.2021,Matara,C-5,2900.0,2710.0
18.10.2021,Galle,H-1,2300.0,2275.0
18.10.2021,Matara,C-4,2650.0,2593.0
18.10.2021,Matara,H-Faq,2000.0,1890.0
18.10.2021,Matara,M-4,2450.0,2413.0
18.10.2021,Matara,H-1,2350.0,2284.0
18.10.2021,Matara,H-2,2250.0,2217.0
18.10.2021,Hambantota,C-5,2650.0,2650.0
18.10.2021,Hambantota,C-4,2600.0,2600.0
18.10.2021,Hambantota,H-1,2250.0,2250.0
18.10.2021,Hambantota,H-2,2200.0,2200.0
18.10.2021,Monaragala,Heen,1900.0,1800.0
18.10.2021,Galle,Alba,3400.0,3350.0
18.10.2021,Matara,M-5,2600.0,2525.0
18.10.2021,Kalutara,H-2,1800.0,1800.0
18.10.2021,Galle,C-5,2700.0,2680.0
18.10.2021,Kalutara,M-4,2000.0,2000.0
18.10.2021,Ratnapura,Alba,3100.0,3050.0
18.10.2021,Ratnapura,C-5 Sp,2850.0,2825.0
18.10.2021,Ratnapura,C-5,2550.0,2525.0
18.10.2021,Ratnapura,C-4,2450.0,2400.0
18.10.2021,Ratnapura,M-5,2050.0,2025.0
18.10.2021,Ratnapura,M-4,2050.0,2025.0
18.10.2021,Ratnapura,H-1,2000.0,1950.0
18.10.2021,Ratnapura,H-2,1850.0,1800.0
18.10.2021,Badulla,Heen,2200.0,2150.0
18.10.2021,Badulla,Gorosu,1600.0,1550.0
18.10.2021,Kalutara,H-1,1950.0,1930.0
18.10.2021,Kurunegala,Gorosu,1000.0,933.0
18.10.2021,Gampaha,C-5,2200.0,2100.0
18.10.2021,Gampaha,C-4,2000.0,1800.0
18.10.2021,Gampaha,Heen,1700.0,1580.0
18.10.2021,Kalutara,Alba,3100.0,3100.0
18.10.2021,Kalutara,C-5 Sp,2800.0,2760.0
18.10.2021,Kalutara,C-5,2600.0,2595.0
18.10.2021,Kalutara,C-4,2500.0,2470.0
18.10.2021,Kalutara,M-5,2300.0,2200.0
18.10.2021,Kurunegala,Heen,1500.0,1333.0
26.10.2021,Matara,C-5 Sp,3200.0,2967.0
26.10.2021,Matara,Alba,3500.0,3463.0
26.10.2021,Galle,H-2,2240.0,2220.0
26.10.2021,Galle,C-5 Sp,2850.0,2825.0
26.10.2021,Galle,C-4,2650.0,2625.0
26.10.2021,Galle,C-5,2700.0,2700.0
26.10.2021,Matara,C-5,2900.0,2738.0
26.10.2021,Galle,H-1,2250.0,2240.0
26.10.2021,Matara,C-4,2650.0,2593.0
26.10.2021,Matara,H-Faq,2100.0,1870.0
26.10.2021,Matara,M-4,2500.0,2438.0
26.10.2021,Matara,H-1,2350.0,2296.0
26.10.2021,Matara,H-2,2220.0,2203.0
26.10.2021,Hambantota,C-5,2650.0,2650.0
26.10.2021,Hambantota,C-4,2600.0,2600.0
26.10.2021,Hambantota,H-1,2250.0,2250.0
26.10.2021,Hambantota,H-2,2200.0,2200.0
26.10.2021,Monaragala,Heen,2000.0,1850.0
26.10.2021,Galle,Alba,3400.0,3350.0
26.10.2021,Matara,M-5,2600.0,2538.0
26.10.2021,Monaragala,Gorosu,1500.0,1325.0
26.10.2021,Kalutara,H-2,1800.0,1800.0
26.10.2021,Kalutara,M-4,2000.0,2000.0
26.10.2021,Kalutara,H-1,1950.0,1930.0
26.10.2021,Ratnapura,Alba,3400.0,3300.0
26.10.2021,Ratnapura,C-5 Sp,2950.0,2916.0
26.10.2021,Ratnapura,C-5,2850.0,2816.0
26.10.2021,Ratnapura,C-4,2600.0,2550.0
26.10.2021,Ratnapura,M-4,2000.0,2000.0
26.10.2021,Ratnapura,H-1,2000.0,1950.0
26.10.2021,Ratnapura,H-2,1900.0,1816.0
26.10.2021,Badulla,Heen,2000.0,2000.0
26.10.2021,Badulla,Gorosu,1500.0,1500.0
26.10.2021,Ratnapura,M-5,2000.0,2000.0
26.10.2021,Kurunegala,Gorosu,1800.0,1467.0
26.10.2021,Kurunegala,Heen,2500.0,2167.0
26.10.2021,Kalutara,C-4,2500.0,2470.0
26.10.2021,Kalutara,C-5,2600.0,2595.0
26.10.2021,Kalutara,C-5 Sp,2800.0,2760.0
26.10.2021,Kalutara,M-5,2300.0,2200.0
26.10.2021,Gampaha,Gorosu,1500.0,1400.0
26.10.2021,Gampaha,C-4,1800.0,1700.0
26.10.2021,Gampaha,C-5,2200.0,2100.0
26.10.2021,Kalutara,Alba,3200.0,3133.0
02.11.2021,Matara,C-5 Sp,3200.0,3033.0
02.11.2021,Kalutara,H-1,1950.0,1930.0
02.11.2021,Kalutara,H-2,1800.0,1800.0
02.11.2021,Galle,Alba,3400.0,3350.0
02.11.2021,Galle,C-5 Sp,2800.0,2775.0
02.11.2021,Galle,C-5,2700.0,2675.0
02.11.2021,Galle,C-4,2600.0,2600.0
02.11.2021,Galle,H-1,2300.0,2300.0
02.11.2021,Galle,H-2,2250.0,2225.0
02.11.2021,Matara,Alba,3500.0,3450.0
02.11.2021,Matara,C-5,3000.0,2750.0
02.11.2021,Monaragala,Heen,2000.0,1900.0
02.11.2021,Matara,M-5,2600.0,2533.0
02.11.2021,Matara,M-4,2550.0,2413.0
02.11.2021,Matara,H-1,2300.0,2256.0
02.11.2021,Matara,H-2,2250.0,2210.0
02.11.2021,Matara,H-Faq,2150.0,1963.0
02.11.2021,Monaragala,Gorosu,1500.0,1450.0
02.11.2021,Hambantota,C-4,2600.0,2600.0
02.11.2021,Hambantota,H-1,2250.0,2250.0
02.11.2021,Hambantota,H-2,2200.0,2200.0
02.11.2021,Kalutara,M-4,2000.0,2000.0
02.11.2021,Matara,C-4,2650.0,2592.0
02.11.2021,Kalutara,M-5,2300.0,2200.0
02.11.2021,Hambantota,C-5,2700.0,2667.0
02.11.2021,Kalutara,C-5,2600.0,2595.0
02.11.2021,Ratnapura,Alba,3200.0,3200.0
02.11.2021,Ratnapura,C-5 Sp,2950.0,2883.0
02.11.2021,Ratnapura,C-5,2750.0,2716.0
02.11.2021,Ratnapura,C-4,2650.0,2633.0
02.11.2021,Ratnapura,M-5,2150.0,2083.0
02.11.2021,Ratnapura,M-4,2150.0,2083.0
02.11.2021,Ratnapura,H-1,2050.0,2000.0
02.11.2021,Ratnapura,H-2,1900.0,1850.0
02.11.2021,Badulla,Heen,2300.0,2125.0
02.11.2021,Badulla,Gorosu,1800.0,1400.0
02.11.2021,Kurunegala,Heen,2000.0,1867.0
02.11.2021,Kalutara,C-4,2500.0,2470.0
02.11.2021,Colombo,C-5 Sp,3200.0,3200.0
02.11.2021,Kalutara,C-5 Sp,2800.0,2760.0
02.11.2021,Kalutara,Alba,3200.0,3150.0
02.11.2021,Gampaha,Gorosu,1500.0,1300.0
02.11.2021,Gampaha,C-4,2000.0,1800.0
02.11.2021,Kurunegala,Gorosu,1300.0,1233.0
02.11.2021,Colombo,H-2,2100.0,2100.0
02.11.2021,Colombo,H-1,2200.0,2200.0
02.11.2021,Colombo,C-4,2600.0,2600.0
02.11.2021,Colombo,C-5,2850.0,2850.0
02.11.2021,Gampaha,C-5,2400.0,2300.0
09.11.2021,Matara,C-5,2750.0,2717.0
09.11.2021,Kalutara,H-1,1950.0,1930.0
09.11.2021,Kalutara,H-2,1800.0,1800.0
09.11.2021,Galle,Alba,3600.0,3350.0
09.11.2021,Galle,C-5 Sp,2800.0,2750.0
09.11.2021,Galle,C-4,2650.0,2625.0
09.11.2021,Galle,H-1,2300.0,2250.0
09.11.2021,Galle,H-2,2200.0,2200.0
09.11.2021,Matara,Alba,3500.0,3500.0
09.11.2021,Matara,C-5 Sp,3100.0,2933.0
09.11.2021,Matara,C-4,2600.0,2571.0
09.11.2021,Matara,H-Faq,2200.0,1938.0
09.11.2021,Matara,M-4,2500.0,2417.0
09.11.2021,Matara,H-1,2300.0,2276.0
09.11.2021,Matara,H-2,2250.0,2217.0
09.11.2021,Kalutara,M-4,2000.0,2000.0
09.11.2021,Hambantota,C-5,2700.0,2667.0
09.11.2021,Hambantota,C-4,2600.0,2600.0
09.11.2021,Hambantota,H-1,2250.0,2250.0
09.11.2021,Hambantota,H-2,2200.0,2200.0
09.11.2021,Monaragala,Heen,1800.0,1700.0
09.11.2021,Monaragala,Gorosu,1500.0,1325.0
09.11.2021,Matara,M-5,2550.0,2475.0
09.11.2021,Kalutara,M-5,2300.0,2200.0
09.11.2021,Galle,C-5,2700.0,2700.0
09.11.2021,Kalutara,C-5,2600.0,2595.0
09.11.2021,Kalutara,C-4,2500.0,2470.0
09.11.2021,Ratnapura,C-5 Sp,2900.0,2870.0
09.11.2021,Ratnapura,C-5,2750.0,2716.0
09.11.2021,Ratnapura,C-4,2650.0,2580.0
09.11.2021,Ratnapura,M-5,2250.0,2183.0
09.11.2021,Ratnapura,M-4,2250.0,2183.0
09.11.2021,Ratnapura,H-1,2050.0,2016.0
09.11.2021,Ratnapura,H-2,1800.0,1750.0
09.11.2021,Badulla,Heen,2300.0,2088.0
09.11.2021,Badulla,Gorosu,1800.0,1363.0
09.11.2021,Kurunegala,Heen,2000.0,1667.0
09.11.2021,Ratnapura,Alba,3200.0,3100.0
09.11.2021,Colombo,C-5 Sp,3200.0,3200.0
09.11.2021,Kurunegala,Gorosu,1300.0,1167.0
09.11.2021,Kalutara,Alba,3200.0,3135.0
09.11.2021,Gampaha,Gorosu,1600.0,1400.0
09.11.2021,Gampaha,C-4,2200.0,1900.0
09.11.2021,Kalutara,C-5 Sp,2800.0,2760.0
09.11.2021,Colombo,H-2,2100.0,2100.0
09.11.2021,Colombo,H-1,2200.0,2200.0
09.11.2021,Colombo,C-4,2600.0,2600.0
09.11.2021,Colombo,C-5,2800.0,2800.0
09.11.2021,Gampaha,C-5,2400.0,2300.0
16.11.2021,Kalutara,H-2,1800.0,1800.0
16.11.2021,Matara,C-5 Sp,3100.0,2917.0
16.11.2021,Galle,Alba,3400.0,3350.0
16.11.2021,Galle,C-5 Sp,2800.0,2775.0
16.11.2021,Monaragala,Gorosu,1500.0,1350.0
16.11.2021,Galle,C-4,2600.0,2600.0
16.11.2021,Galle,H-1,2300.0,2275.0
16.11.2021,Galle,H-2,2250.0,2225.0
16.11.2021,Matara,Alba,3500.0,3500.0
16.11.2021,Matara,C-5,2750.0,2700.0
16.11.2021,Matara,H-Faq,2100.0,1900.0
16.11.2021,Matara,M-5,2600.0,2550.0
16.11.2021,Matara,M-4,2500.0,2467.0
16.11.2021,Matara,H-1,2400.0,2294.0
16.11.2021,Matara,H-2,2250.0,2197.0
16.11.2021,Hambantota,C-5,2700.0,2700.0
16.11.2021,Hambantota,C-4,2650.0,2650.0
16.11.2021,Hambantota,H-1,2250.0,2250.0
16.11.2021,Hambantota,H-2,2200.0,2200.0
16.11.2021,Monaragala,Heen,1700.0,1700.0
16.11.2021,Kalutara,H-1,1950.0,1930.0
16.11.2021,Matara,C-4,2650.0,2607.0
16.11.2021,Kalutara,M-4,2000.0,2000.0
16.11.2021,Galle,C-5,2700.0,2675.0
16.11.2021,Kalutara,M-5,2300.0,2200.0
16.11.2021,Ratnapura,Alba,3200.0,3133.0
16.11.2021,Ratnapura,C-5 Sp,2900.0,2850.0
16.11.2021,Ratnapura,C-5,2750.0,2700.0
16.11.2021,Ratnapura,C-4,2600.0,2566.0
16.11.2021,Ratnapura,M-5,2100.0,2050.0
16.11.2021,Ratnapura,M-4,2100.0,2050.0
16.11.2021,Ratnapura,H-1,2050.0,2016.0
16.11.2021,Ratnapura,H-2,1850.0,1800.0
16.11.2021,Badulla,Heen,2400.0,2125.0
16.11.2021,Badulla,Gorosu,1900.0,1600.0
16.11.2021,Kurunegala,Heen,2000.0,1667.0
16.11.2021,Kalutara,C-4,2500.0,2470.0
16.11.2021,Colombo,C-5 Sp,3100.0,3100.0
16.11.2021,Colombo,C-5,2850.0,2850.0
16.11.2021,Colombo,C-4,2600.0,2600.0
16.11.2021,Colombo,H-1,2200.0,2200.0
16.11.2021,Colombo,H-2,2100.0,2100.0
16.11.2021,Gampaha,C-5,2500.0,2330.0
16.11.2021,Gampaha,C-4,2100.0,1925.0
16.11.2021,Gampaha,Gorosu,1700.0,1575.0
16.11.2021,Kalutara,Alba,3200.0,3140.0
16.11.2021,Kalutara,C-5 Sp,2800.0,2760.0
16.11.2021,Kalutara,C-5,2600.0,2595.0
16.11.2021,Kurunegala,Gorosu,1400.0,1267.0
23.11.2021,Matara,Alba,3500.0,3500.0
23.11.2021,Galle,H-2,2250.0,2225.0
23.11.2021,Galle,H-1,2300.0,2275.0
23.11.2021,Galle,C-4,2600.0,2600.0
23.11.2021,Kalutara,H-1,1950.0,1930.0
23.11.2021,Galle,C-5 Sp,2800.0,2775.0
23.11.2021,Galle,Alba,3400.0,3350.0
23.11.2021,Kalutara,H-2,1800.0,1800.0
23.11.2021,Matara,C-5 Sp,3300.0,3100.0
23.11.2021,Galle,C-5,2700.0,2675.0
23.11.2021,Matara,C-5,3000.0,2817.0
23.11.2021,Matara,H-Faq,2100.0,1980.0
23.11.2021,Matara,M-5,2600.0,2533.0
23.11.2021,Matara,M-4,2500.0,2467.0
23.11.2021,Matara,H-1,2300.0,2290.0
23.11.2021,Matara,H-2,2250.0,2217.0
23.11.2021,Hambantota,C-5,2700.0,2700.0
23.11.2021,Hambantota,C-4,2650.0,2650.0
23.11.2021,Hambantota,H-1,2250.0,2250.0
23.11.2021,Hambantota,H-2,2200.0,2200.0
23.11.2021,Monaragala,Heen,1800.0,1700.0
23.11.2021,Kalutara,M-4,2000.0,2000.0
23.11.2021,Matara,C-4,2650.0,2607.0
23.11.2021,Monaragala,Gorosu,1500.0,1325.0
23.11.2021,Kalutara,C-4,2500.0,2470.0
23.11.2021,Kalutara,C-5,2600.0,2595.0
23.11.2021,Kalutara,M-5,2300.0,2200.0
23.11.2021,Ratnapura,Alba,3200.0,3100.0
23.11.2021,Ratnapura,C-5 Sp,3000.0,2900.0
23.11.2021,Ratnapura,C-5,2800.0,2750.0
23.11.2021,Ratnapura,C-4,2650.0,2616.0
23.11.2021,Ratnapura,M-5,2200.0,2150.0
23.11.2021,Ratnapura,H-1,2100.0,2066.0
23.11.2021,Ratnapura,H-2,2850.0,2816.0
23.11.2021,Badulla,Heen,2300.0,2075.0
23.11.2021,Badulla,Gorosu,1900.0,1537.0
23.11.2021,Kurunegala,Heen,2200.0,1800.0
23.11.2021,Ratnapura,M-4,2200.0,2150.0
23.11.2021,Colombo,C-5 Sp,2900.0,2900.0
23.11.2021,Kurunegala,Gorosu,1400.0,1267.0
23.11.2021,Kalutara,Alba,3200.0,3135.0
23.11.2021,Gampaha,Gorosu,1700.0,1525.0
23.11.2021,Gampaha,C-4,2000.0,1925.0
23.11.2021,Gampaha,C-5,2300.0,2200.0
23.11.2021,Kalutara,C-5 Sp,2800.0,2560.0
23.11.2021,Colombo,H-1,2100.0,2100.0
23.11.2021,Colombo,C-4,2650.0,2650.0
23.11.2021,Colombo,C-5,2800.0,2800.0
23.11.2021,Colombo,H-2,2000.0,2000.0
30.11.2021,Matara,C-5 Sp,3000.0,2900.0
30.11.2021,Kalutara,H-1,1950.0,1930.0
30.11.2021,Kalutara,H-2,1800.0,1800.0
30.11.2021,Galle,Alba,3400.0,3350.0
30.11.2021,Galle,C-5 Sp,2800.0,2775.0
30.11.2021,Galle,C-5,2700.0,2675.0
30.11.2021,Galle,C-4,2600.0,2600.0
30.11.2021,Galle,H-1,2300.0,2275.0
30.11.2021,Galle,H-2,2250.0,2225.0
30.11.2021,Matara,Alba,3550.0,3513.0
30.11.2021,Matara,C-5,2750.0,2700.0
30.11.2021,Monaragala,Gorosu,1500.0,1325.0
30.11.2021,Matara,M-5,2600.0,2575.0
30.11.2021,Matara,M-4,2450.0,2438.0
30.11.2021,Matara,H-1,2450.0,2340.0
30.11.2021,Matara,H-2,2300.0,2243.0
30.11.2021,Matara,H-Faq,2150.0,1963.0
30.11.2021,Hambantota,C-5,2700.0,2700.0
30.11.2021,Hambantota,C-4,2650.0,2650.0
30.11.2021,Hambantota,H-1,2250.0,2250.0
30.11.2021,Hambantota,H-2,2200.0,2200.0
30.11.2021,Monaragala,Heen,2000.0,1850.0
30.11.2021,Matara,C-4,2650.0,2614.0
30.11.2021,Kalutara,M-4,2000.0,2000.0
30.11.2021,Kalutara,M-5,2300.0,2200.0
30.11.2021,Kalutara,C-5,2600.0,2595.0
30.11.2021,Ratnapura,Alba,3300.0,3200.0
30.11.2021,Ratnapura,C-5 Sp,3000.0,2966.0
30.11.2021,Ratnapura,C-5,2800.0,2775.0
30.11.2021,Ratnapura,C-4,2550.0,2500.0
30.11.2021,Ratnapura,M-5,2150.0,2116.0
30.11.2021,Ratnapura,M-4,2150.0,2116.0
30.11.2021,Ratnapura,H-1,2100.0,2033.0
30.11.2021,Ratnapura,H-2,1700.0,1680.0
30.11.2021,Badulla,Heen,2400.0,2125.0
30.11.2021,Badulla,Gorosu,1900.0,1525.0
30.11.2021,Kurunegala,Heen,2000.0,1733.0
30.11.2021,Kalutara,C-4,2500.0,2470.0
30.11.2021,Colombo,C-5 Sp,2900.0,2900.0
30.11.2021,Colombo,C-5,2800.0,2800.0
30.11.2021,Colombo,C-4,2700.0,2700.0
30.11.2021,Colombo,H-1,2200.0,2200.0
30.11.2021,Colombo,H-2,2100.0,2100.0
30.11.2021,Gampaha,C-5,2200.0,2165.0
30.11.2021,Gampaha,C-4,1900.0,1800.0
30.11.2021,Gampaha,Gorosu,1600.0,1525.0
30.11.2021,Kalutara,Alba,3200.0,3150.0
30.11.2021,Kalutara,C-5 Sp,2800.0,2760.0
30.11.2021,Kurunegala,Gorosu,1400.0,1267.0
07.12.2021,Matara,C-5 Sp,2900.0,2850.0
07.12.2021,Matara,Alba,3500.0,3500.0
07.12.2021,Galle,H-2,2250.0,2225.0
07.12.2021,Galle,H-1,2300.0,2275.0
07.12.2021,Kalutara,H-2,1800.0,1800.0
07.12.2021,Galle,C-5 Sp,2800.0,2775.0
07.12.2021,Galle,Alba,3400.0,3350.0
07.12.2021,Matara,C-5,2700.0,2700.0
07.12.2021,Galle,C-4,2600.0,2600.0
07.12.2021,Matara,C-4,2650.0,2608.0
07.12.2021,Matara,H-Faq,2000.0,1933.0
07.12.2021,Matara,M-4,2400.0,2400.0
07.12.2021,Matara,H-1,2300.0,2288.0
07.12.2021,Matara,H-2,2250.0,2233.0
07.12.2021,Kalutara,H-1,1970.0,1950.0
07.12.2021,Hambantota,C-5,2700.0,2675.0
07.12.2021,Hambantota,C-4,2650.0,2625.0
07.12.2021,Hambantota,H-1,2270.0,2260.0
07.12.2021,Hambantota,H-2,2250.0,2225.0
07.12.2021,Monaragala,Heen,2000.0,1950.0
07.12.2021,Monaragala,Gorosu,1500.0,1400.0
07.12.2021,Matara,M-5,2600.0,2550.0
07.12.2021,Kalutara,M-4,2000.0,2000.0
07.12.2021,Galle,C-5,2700.0,2675.0
07.12.2021,Kalutara,M-5,2300.0,2200.0
07.12.2021,Kalutara,C-4,2500.0,2470.0
07.12.2021,Ratnapura,Alba,3200.0,3110.0
07.12.2021,Ratnapura,C-5 Sp,2900.0,2850.0
07.12.2021,Ratnapura,C-5,2750.0,2733.0
07.12.2021,Ratnapura,C-4,2300.0,2250.0
07.12.2021,Ratnapura,M-5,2050.0,2033.0
07.12.2021,Ratnapura,M-4,2050.0,2033.0
07.12.2021,Ratnapura,H-2,1750.0,1700.0
07.12.2021,Badulla,Heen,2300.0,2087.0
07.12.2021,Badulla,Gorosu,1800.0,1462.0
07.12.2021,Kurunegala,Heen,1800.0,1600.0
07.12.2021,Ratnapura,H-1,2000.0,1950.0
07.12.2021,Colombo,C-5 Sp,2900.0,2900.0
07.12.2021,Kurunegala,Gorosu,1200.0,1133.0
07.12.2021,Kalutara,C-5 Sp,2800.0,2760.0
07.12.2021,Kalutara,Alba,3200.0,3170.0
07.12.2021,Gampaha,Gorosu,1700.0,1600.0
07.12.2021,Gampaha,C-4,2000.0,1900.0
07.12.2021,Kalutara,C-5,2600.0,2595.0
07.12.2021,Colombo,H-2,2100.0,2100.0
07.12.2021,Colombo,H-1,2150.0,2150.0
07.12.2021,Colombo,C-4,2700.0,2700.0
07.12.2021,Colombo,C-5,2800.0,2800.0
07.12.2021,Gampaha,C-5,2300.0,2175.0
14.12.2021,Matara,C-5 Sp,3200.0,3050.0
14.12.2021,Kalutara,H-2,1800.0,1800.0
14.12.2021,Kalutara,Gorosu,1600.0,1450.0
14.12.2021,Galle,Alba,3400.0,3350.0
14.12.2021,Galle,C-5 Sp,2800.0,2775.0
14.12.2021,Galle,C-5,2700.0,2675.0
14.12.2021,Galle,C-4,2600.0,2600.0
14.12.2021,Galle,H-1,2300.0,2275.0
14.12.2021,Galle,H-2,2250.0,2225.0
14.12.2021,Matara,Alba,3600.0,3525.0
14.12.2021,Matara,C-5,2850.0,2738.0
14.12.2021,Kalutara,H-1,1970.0,1950.0
14.12.2021,Matara,M-5,2550.0,2533.0
14.12.2021,Matara,M-4,2450.0,2417.0
14.12.2021,Matara,H-1,2350.0,2300.0
14.12.2021,Matara,H-2,2250.0,2243.0
14.12.2021,Matara,H-Faq,2150.0,1990.0
14.12.2021,Hambantota,C-5,2700.0,2675.0
14.12.2021,Hambantota,C-4,2650.0,2625.0
14.12.2021,Hambantota,H-1,2270.0,2260.0
14.12.2021,Hambantota,H-2,2250.0,2225.0
14.12.2021,Monaragala,Heen,2000.0,1900.0
14.12.2021,Matara,C-4,2650.0,2604.0
14.12.2021,Monaragala,Gorosu,1500.0,1375.0
14.12.2021,Kalutara,M-4,2000.0,2000.0
14.12.2021,Kalutara,C-4,2500.0,2470.0
14.12.2021,Ratnapura,Alba,3100.0,3083.0
14.12.2021,Ratnapura,C-5 Sp,3000.0,2950.0
14.12.2021,Ratnapura,C-5,2800.0,2750.0
14.12.2021,Ratnapura,C-4,2650.0,2600.0
14.12.2021,Ratnapura,M-5,2150.0,2116.0
14.12.2021,Ratnapura,M-4,2150.0,2116.0
14.12.2021,Ratnapura,H-1,2100.0,2050.0
14.12.2021,Ratnapura,H-2,1900.0,1800.0
14.12.2021,Badulla,Heen,2100.0,2025.0
14.12.2021,Badulla,Gorosu,1700.0,1550.0
14.12.2021,Kurunegala,Heen,2000.0,1733.0
14.12.2021,Kalutara,M-5,2300.0,2200.0
14.12.2021,Colombo,C-5 Sp,2850.0,2850.0
14.12.2021,Colombo,C-5,2700.0,2700.0
14.12.2021,Colombo,C-4,2600.0,2600.0
14.12.2021,Colombo,H-1,2100.0,2100.0
14.12.2021,Colombo,H-2,2000.0,2000.0
14.12.2021,Gampaha,C-5,2200.0,2100.0
14.12.2021,Gampaha,C-4,1900.0,1800.0
14.12.2021,Kalutara,Alba,3200.0,3170.0
14.12.2021,Kalutara,C-5 Sp,2800.0,2770.0
14.12.2021,Kalutara,C-5,2600.0,2595.0
14.12.2021,Kurunegala,Gorosu,1400.0,1267.0
21.12.2021,Matara,Alba,3600.0,3550.0
21.12.2021,Galle,H-2,2250.0,2225.0
21.12.2021,Galle,H-1,2300.0,2275.0
21.12.2021,Galle,C-4,2600.0,2600.0
21.12.2021,Kalutara,H-1,1970.0,1930.0
21.12.2021,Galle,C-5 Sp,2800.0,2775.0
21.12.2021,Galle,Alba,3400.0,3350.0
21.12.2021,Kalutara,H-2,1800.0,1800.0
21.12.2021,Matara,C-5 Sp,3250.0,3083.0
21.12.2021,Galle,C-5,2700.0,2675.0
21.12.2021,Matara,C-5,3000.0,2800.0
21.12.2021,Matara,H-2,2250.0,2250.0
21.12.2021,Matara,M-5,2550.0,2483.0
21.12.2021,Matara,M-4,2400.0,2383.0
21.12.2021,Matara,H-1,2350.0,2316.0
21.12.2021,Matara,H-Faq,2100.0,1980.0
21.12.2021,Hambantota,C-5,2700.0,2675.0
21.12.2021,Hambantota,C-4,2650.0,2625.0
21.12.2021,Hambantota,H-1,2300.0,2285.0
21.12.2021,Hambantota,H-2,2250.0,2225.0
21.12.2021,Monaragala,Heen,2000.0,1800.0
21.12.2021,Kalutara,M-4,2000.0,2000.0
21.12.2021,Matara,C-4,2650.0,2606.0
21.12.2021,Monaragala,Gorosu,1500.0,1325.0
21.12.2021,Kalutara,M-5,2300.0,2290.0
21.12.2021,Kalutara,C-5,2600.0,2590.0
21.12.2021,Kalutara,C-4,2500.0,2470.0
21.12.2021,Ratnapura,Alba,3400.0,3300.0
21.12.2021,Ratnapura,C-5 Sp,3000.0,2950.0
21.12.2021,Ratnapura,C-5,2850.0,2783.0
21.12.2021,Ratnapura,C-4,2450.0,2383.0
21.12.2021,Ratnapura,M-5,2150.0,2083.0
21.12.2021,Ratnapura,H-1,2100.0,2050.0
21.12.2021,Ratnapura,H-2,1750.0,1700.0
21.12.2021,Badulla,Heen,2100.0,2025.0
21.12.2021,Badulla,Gorosu,1600.0,1525.0
21.12.2021,Kurunegala,Heen,2500.0,2500.0
21.12.2021,Ratnapura,M-4,2150.0,2083.0
21.12.2021,Colombo,C-5 Sp,2900.0,2900.0
21.12.2021,Kurunegala,Gorosu,1600.0,1600.0
21.12.2021,Kalutara,Alba,3200.0,3200.0
21.12.2021,Gampaha,Gorosu,1500.0,1400.0
21.12.2021,Gampaha,C-4,1800.0,1775.0
21.12.2021,Gampaha,C-5,2200.0,2100.0
21.12.2021,Kalutara,C-5 Sp,2800.0,2765.0
21.12.2021,Colombo,H-1,2100.0,2100.0
21.12.2021,Colombo,C-4,2600.0,2600.0
21.12.2021,Colombo,C-5,2750.0,2750.0
21.12.2021,Colombo,H-2,2000.0,2000.0
28.12.2021,Matara,C-5,3000.0,2800.0
28.12.2021,Kalutara,H-2,1800.0,1800.0
28.12.2021,Galle,Alba,3400.0,3350.0
28.12.2021,Galle,C-5 Sp,2800.0,2775.0
28.12.2021,Galle,C-5,2700.0,2675.0
28.12.2021,Galle,C-4,2600.0,2550.0
28.12.2021,Galle,H-1,2300.0,2275.0
28.12.2021,Galle,H-2,2250.0,2225.0
28.12.2021,Matara,Alba,3600.0,3525.0
28.12.2021,Matara,C-5 Sp,3200.0,3083.0
28.12.2021,Matara,C-4,2650.0,2620.0
28.12.2021,Kalutara,H-1,1970.0,1950.0
28.12.2021,Matara,M-4,2500.0,2400.0
28.12.2021,Matara,H-1,2320.0,2290.0
28.12.2021,Matara,H-2,2250.0,2206.0
28.12.2021,Matara,H-Faq,2100.0,1950.0
28.12.2021,Hambantota,C-5,2700.0,2675.0
28.12.2021,Hambantota,C-4,2650.0,2625.0
28.12.2021,Hambantota,H-1,2300.0,2275.0
28.12.2021,Hambantota,H-2,2250.0,2225.0
28.12.2021,Monaragala,Heen,2000.0,1900.0
28.12.2021,Monaragala,Gorosu,1500.0,1325.0
28.12.2021,Matara,M-5,2600.0,2500.0
28.12.2021,Kalutara,M-4,2000.0,2000.0
28.12.2021,Ratnapura,C-4,2650.0,2616.0
28.12.2021,Kalutara,C-4,2500.0,2470.0
28.12.2021,Ratnapura,C-5 Sp,3000.0,2950.0
28.12.2021,Ratnapura,C-5,2800.0,2750.0
28.12.2021,Kalutara,M-5,2300.0,2290.0
28.12.2021,Ratnapura,M-5,2200.0,2216.0
28.12.2021,Ratnapura,M-4,2200.0,2216.0
28.12.2021,Ratnapura,H-1,2100.0,2050.0
28.12.2021,Ratnapura,H-2,1800.0,1750.0
28.12.2021,Badulla,Heen,2400.0,2083.0
28.12.2021,Badulla,Gorosu,1650.0,1362.0
28.12.2021,Kurunegala,Heen,2500.0,2500.0
28.12.2021,Kurunegala,Gorosu,1600.0,1200.0
28.12.2021,Ratnapura,Alba,3300.0,3233.0
28.12.2021,Colombo,C-5,2700.0,2700.0
28.12.2021,Colombo,C-4,2600.0,2600.0
28.12.2021,Colombo,H-1,2100.0,2100.0
28.12.2021,Colombo,H-2,2000.0,2000.0
28.12.2021,Gampaha,C-5,2400.0,2175.0
28.12.2021,Gampaha,C-4,2000.0,1775.0
28.12.2021,Gampaha,Gorosu,1600.0,1525.0
28.12.2021,Kalutara,Alba,3200.0,3170.0
28.12.2021,Kalutara,C-5 Sp,2800.0,2765.0
28.12.2021,Kalutara,C-5,2600.0,2590.0
28.12.2021,Colombo,C-5 Sp,2850.0,2850.0
04.01.2022,Matara,Alba,3600.0,3500.0
04.01.2022,Galle,H-2,2230.0,2215.0
04.01.2022,Galle,H-1,2300.0,2275.0
04.01.2022,Galle,C-4,2650.0,2625.0
04.01.2022,Kalutara,H-1,2000.0,1950.0
04.01.2022,Galle,C-5 Sp,2700.0,2650.0
04.01.2022,Galle,Alba,3500.0,3450.0
04.01.2022,Kalutara,H-2,1800.0,1800.0
04.01.2022,Matara,C-5 Sp,3250.0,3083.0
04.01.2022,Galle,C-5,2700.0,2700.0
04.01.2022,Matara,C-5,3000.0,2800.0
04.01.2022,Matara,H-2,2250.0,2227.0
04.01.2022,Matara,M-5,2600.0,2500.0
04.01.2022,Matara,M-4,2500.0,2417.0
04.01.2022,Matara,H-1,2320.0,2290.0
04.01.2022,Matara,H-Faq,2100.0,1950.0
04.01.2022,Hambantota,C-5,2700.0,2685.0
04.01.2022,Hambantota,C-4,2650.0,2635.0
04.01.2022,Hambantota,H-1,2300.0,2285.0
04.01.2022,Hambantota,H-2,2250.0,2225.0
04.01.2022,Monaragala,Heen,2000.0,2000.0
04.01.2022,Kalutara,M-4,2100.0,2100.0
04.01.2022,Matara,C-4,2650.0,2623.0
04.01.2022,Kalutara,M-5,2350.0,2330.0
04.01.2022,Monaragala,Gorosu,1600.0,1533.0
04.01.2022,Kalutara,C-5,2700.0,2665.0
04.01.2022,Ratnapura,Alba,3400.0,3283.0
04.01.2022,Ratnapura,C-5 Sp,3100.0,3000.0
04.01.2022,Ratnapura,C-5,2850.0,2800.0
04.01.2022,Ratnapura,C-4,2700.0,2633.0
04.01.2022,Ratnapura,M-5,2250.0,2233.0
04.01.2022,Ratnapura,M-4,2250.0,2233.0
04.01.2022,Ratnapura,H-1,2250.0,2200.0
04.01.2022,Ratnapura,H-2,1800.0,1750.0
04.01.2022,Badulla,Heen,2400.0,2050.0
04.01.2022,Badulla,Gorosu,1650.0,1479.0
04.01.2022,Kurunegala,Heen,2400.0,2400.0
04.01.2022,Kalutara,C-4,2600.0,2550.0
04.01.2022,Colombo,C-5 Sp,2850.0,2850.0
04.01.2022,Colombo,C-5,2750.0,2750.0
04.01.2022,Colombo,C-4,2600.0,2600.0
04.01.2022,Colombo,H-1,2100.0,2100.0
04.01.2022,Colombo,H-2,2000.0,2000.0
04.01.2022,Gampaha,C-5,2200.0,2100.0
04.01.2022,Gampaha,C-4,1900.0,1825.0
04.01.2022,Gampaha,Gorosu,1600.0,1550.0
04.01.2022,Kalutara,Alba,3300.0,3200.0
04.01.2022,Kalutara,C-5 Sp,2900.0,2865.0
04.01.2022,Kurunegala,Gorosu,1600.0,1200.0
11.01.2022,Matara,Alba,3650.0,3562.0
11.01.2022,Galle,H-2,2250.0,2250.0
11.01.2022,Galle,H-1,2350.0,2325.0
11.01.2022,Galle,C-4,2650.0,2625.0
11.01.2022,Kalutara,H-1,2000.0,1950.0
11.01.2022,Galle,C-5 Sp,2800.0,2800.0
11.01.2022,Galle,Alba,3600.0,3550.0
11.01.2022,Kalutara,H-2,1800.0,1800.0
11.01.2022,Matara,C-5 Sp,3200.0,3083.0
11.01.2022,Galle,C-5,2700.0,2700.0
11.01.2022,Matara,C-5,3000.0,2817.0
11.01.2022,Matara,H-2,2250.0,2250.0
11.01.2022,Matara,M-5,2600.0,2533.0
11.01.2022,Matara,M-4,2500.0,2433.0
11.01.2022,Matara,H-1,2350.0,2316.0
11.01.2022,Matara,H-Faq,2150.0,1990.0
11.01.2022,Hambantota,C-5,2700.0,2690.0
11.01.2022,Hambantota,C-4,2650.0,2650.0
11.01.2022,Hambantota,H-1,2300.0,2285.0
11.01.2022,Hambantota,H-2,2250.0,2240.0
11.01.2022,Monaragala,Heen,2000.0,1960.0
11.01.2022,Kalutara,M-4,2100.0,2100.0
11.01.2022,Matara,C-4,2650.0,2628.0
11.01.2022,Monaragala,Gorosu,1500.0,1460.0
11.01.2022,Kalutara,C-4,2600.0,2550.0
11.01.2022,Kalutara,C-5,2700.0,2665.0
11.01.2022,Kalutara,M-5,2350.0,2330.0
11.01.2022,Ratnapura,Alba,3500.0,3450.0
11.01.2022,Ratnapura,C-5 Sp,3200.0,3100.0
11.01.2022,Ratnapura,C-5,1950.0,1900.0
11.01.2022,Ratnapura,C-4,1700.0,1683.0
11.01.2022,Ratnapura,M-5,1250.0,1216.0
11.01.2022,Ratnapura,M-4,1250.0,1216.0
11.01.2022,Ratnapura,H-2,1900.0,1850.0
11.01.2022,Badulla,Heen,2500.0,2200.0
11.01.2022,Badulla,Gorosu,2000.0,1741.0
11.01.2022,Kurunegala,Heen,2250.0,2250.0
11.01.2022,Ratnapura,H-1,1200.0,1150.0
11.01.2022,Colombo,C-5 Sp,2800.0,2800.0
11.01.2022,Kurunegala,Gorosu,1500.0,1167.0
11.01.2022,Kalutara,Alba,3300.0,3200.0
11.01.2022,Gampaha,Gorosu,1600.0,1575.0
11.01.2022,Gampaha,C-4,1800.0,1750.0
11.01.2022,Gampaha,C-5,2200.0,2050.0
11.01.2022,Kalutara,C-5 Sp,2900.0,2865.0
11.01.2022,Colombo,H-1,2200.0,2200.0
11.01.2022,Colombo,C-4,2600.0,2600.0
11.01.2022,Colombo,C-5,2700.0,2700.0
11.01.2022,Colombo,H-2,2100.0,2100.0
18.01.2022,Galle,H-2,2250.0,2250.0
18.01.2022,Kalutara,M-4,2100.0,2100.0
18.01.2022,Kalutara,H-1,2000.0,1950.0
18.01.2022,Kalutara,H-2,1800.0,1800.0
18.01.2022,Galle,Alba,3500.0,3500.0
18.01.2022,Galle,C-5 Sp,2900.0,2875.0
18.01.2022,Galle,C-5,2750.0,2750.0
18.01.2022,Galle,C-4,2650.0,2650.0
18.01.2022,Galle,H-1,2350.0,2325.0
18.01.2022,Matara,Alba,3750.0,3625.0
18.01.2022,Kalutara,M-5,2350.0,2330.0
18.01.2022,Matara,C-5,3000.0,2817.0
18.01.2022,Matara,C-4,2700.0,2667.0
18.01.2022,Matara,M-5,2600.0,2533.0
18.01.2022,Matara,M-4,2500.0,2433.0
18.01.2022,Matara,H-1,2400.0,2320.0
18.01.2022,Matara,H-2,2260.0,2223.0
18.01.2022,Matara,H-Faq,2100.0,1980.0
18.01.2022,Hambantota,C-5,2700.0,2690.0
18.01.2022,Hambantota,C-4,2650.0,2650.0
18.01.2022,Hambantota,H-2,2250.0,2240.0
18.01.2022,Matara,C-5 Sp,3250.0,3117.0
18.01.2022,Kalutara,C-4,2600.0,2550.0
18.01.2022,Hambantota,H-1,2300.0,2285.0
18.01.2022,Kalutara,C-5 Sp,2900.0,2865.0
18.01.2022,Ratnapura,Alba,3500.0,3500.0
18.01.2022,Ratnapura,C-5 Sp,3200.0,3183.0
18.01.2022,Ratnapura,C-5,2850.0,2816.0
18.01.2022,Ratnapura,C-4,2550.0,2500.0
18.01.2022,Ratnapura,M-5,2250.0,2216.0
18.01.2022,Ratnapura,M-4,2250.0,2216.0
18.01.2022,Ratnapura,H-1,2150.0,2116.0
18.01.2022,Ratnapura,H-2,1950.0,1900.0
18.01.2022,Badulla,Heen,2500.0,2108.0
18.01.2022,Badulla,Gorosu,2000.0,1733.0
18.01.2022,Kalutara,C-5,2700.0,2665.0
18.01.2022,Kurunegala,Gorosu,1400.0,1133.0
18.01.2022,Kurunegala,Heen,2200.0,2200.0
18.01.2022,Gampaha,Gorosu,1800.0,1750.0
18.01.2022,Gampaha,C-4,2100.0,2000.0
18.01.2022,Gampaha,C-5,2300.0,2250.0
18.01.2022,Kalutara,Alba,3300.0,3200.0
18.01.2022,Colombo,H-1,2150.0,2150.0
18.01.2022,Colombo,C-4,2600.0,2600.0
18.01.2022,Colombo,C-5,2700.0,2700.0
18.01.2022,Colombo,C-5 Sp,2800.0,2800.0
18.01.2022,Colombo,H-2,2100.0,2100.0
25.01.2022,Kalutara,H-1,2000.0,1950.0
25.01.2022,Matara,C-5 Sp,3300.0,3133.0
25.01.2022,Kalutara,H-2,1800.0,1800.0
25.01.2022,Galle,Alba,3500.0,3500.0
25.01.2022,Galle,C-5,2750.0,2750.0
25.01.2022,Galle,C-4,2650.0,2650.0
25.01.2022,Galle,H-1,2350.0,2325.0
25.01.2022,Galle,H-2,2250.0,2250.0
25.01.2022,Matara,Alba,3900.0,3738.0
25.01.2022,Matara,C-5,3000.0,2850.0
25.01.2022,Matara,H-2,2300.0,2221.0
25.01.2022,Matara,M-5,2600.0,2533.0
25.01.2022,Matara,M-4,2500.0,2450.0
25.01.2022,Matara,H-1,2400.0,2325.0
25.01.2022,Kalutara,M-4,2100.0,2100.0
25.01.2022,Matara,H-Faq,2100.0,1975.0
25.01.2022,Hambantota,C-5,2700.0,2690.0
25.01.2022,Hambantota,C-4,2650.0,2650.0
25.01.2022,Hambantota,H-1,2300.0,2290.0
25.01.2022,Hambantota,H-2,2250.0,2250.0
25.01.2022,Monaragala,Heen,2000.0,1900.0
25.01.2022,Monaragala,Gorosu,1500.0,1325.0
25.01.2022,Matara,C-4,2700.0,2670.0
25.01.2022,Kalutara,M-5,2350.0,2340.0
25.01.2022,Galle,C-5 Sp,2900.0,2875.0
25.01.2022,Kalutara,C-5,2700.0,2665.0
25.01.2022,Ratnapura,C-5 Sp,3000.0,2950.0
25.01.2022,Ratnapura,C-5,2800.0,2716.0
25.01.2022,Ratnapura,C-4,2700.0,2650.0
25.01.2022,Ratnapura,M-5,2200.0,2166.0
25.01.2022,Ratnapura,M-4,2200.0,2166.0
25.01.2022,Ratnapura,H-1,2150.0,2116.0
25.01.2022,Ratnapura,H-2,1900.0,1850.0
25.01.2022,Badulla,Heen,2500.0,2117.0
25.01.2022,Badulla,Gorosu,2000.0,1517.0
25.01.2022,Kurunegala,Heen,2800.0,2800.0
25.01.2022,Ratnapura,Alba,3600.0,3550.0
25.01.2022,Colombo,C-5 Sp,2900.0,2900.0
25.01.2022,Kurunegala,Gorosu,1300.0,1100.0
25.01.2022,Kalutara,C-5 Sp,2900.0,2870.0
25.01.2022,Kalutara,Alba,3300.0,3200.0
25.01.2022,Gampaha,Gorosu,1800.0,1675.0
25.01.2022,Gampaha,C-4,2100.0,1900.0
25.01.2022,Kalutara,C-4,2600.0,2550.0
25.01.2022,Colombo,H-2,2100.0,2100.0
25.01.2022,Colombo,H-1,2150.0,2150.0
25.01.2022,Colombo,C-4,2650.0,2650.0
25.01.2022,Colombo,C-5,2800.0,2800.0
25.01.2022,Gampaha,C-5,2500.0,2300.0
01.02.2022,Galle,C-5 Sp,3000.0,2950.0
01.02.2022,Galle,C-5,2800.0,2750.0
01.02.2022,Galle,C-4,2650.0,2625.0
01.02.2022,Galle,H-1,2350.0,2325.0
01.02.2022,Galle,H-2,2250.0,2225.0
01.02.2022,Matara,Alba,3750.0,3638.0
01.02.2022,Matara,C-5 Sp,3200.0,3133.0
01.02.2022,Matara,C-5,3000.0,2813.0
01.02.2022,Matara,C-4,2700.0,2675.0
01.02.2022,Matara,H-1,2400.0,2338.0
01.02.2022,Matara,M-4,2500.0,2483.0
01.02.2022,Matara,H-2,2300.0,2221.0
01.02.2022,Matara,H-Faq,2100.0,1975.0
01.02.2022,Hambantota,C-4,2650.0,2650.0
01.02.2022,Hambantota,H-1,2300.0,2300.0
01.02.2022,Hambantota,H-2,2250.0,2250.0
01.02.2022,Monaragala,Heen,2000.0,1900.0
01.02.2022,Monaragala,Gorosu,1400.0,1300.0
01.02.2022,Galle,Alba,3600.0,3550.0
01.02.2022,Matara,M-5,2600.0,2567.0
01.02.2022,Hambantota,C-5,2700.0,2700.0
01.02.2022,Kalutara,H-2,1800.0,1800.0
01.02.2022,Kalutara,M-4,2000.0,2000.0
01.02.2022,Kalutara,H-1,1970.0,1950.0
01.02.2022,Ratnapura,Alba,3500.0,3300.0
01.02.2022,Ratnapura,C-5 Sp,3050.0,3300.0
01.02.2022,Ratnapura,C-5,2899.0,2766.0
01.02.2022,Ratnapura,C-4,2500.0,2416.0
01.02.2022,Ratnapura,M-4,2200.0,2166.0
01.02.2022,Ratnapura,H-1,2200.0,2066.0
01.02.2022,Ratnapura,H-2,1900.0,1833.0
01.02.2022,Badulla,Heen,2400.0,2100.0
01.02.2022,Badulla,Gorosu,2000.0,1550.0
01.02.2022,Ratnapura,M-5,2200.0,2166.0
01.02.2022,Kurunegala,Gorosu,1300.0,1100.0
01.02.2022,Kurunegala,Heen,2600.0,2600.0
01.02.2022,Kalutara,C-4,2500.0,2470.0
01.02.2022,Kalutara,C-5,2600.0,2590.0
01.02.2022,Kalutara,C-5 Sp,2800.0,2765.0
01.02.2022,Kalutara,M-5,2300.0,2290.0
01.02.2022,Gampaha,Gorosu,1600.0,1555.0
01.02.2022,Gampaha,C-4,1800.0,1750.0
01.02.2022,Gampaha,C-5,2300.0,2160.0
01.02.2022,Kalutara,Alba,3200.0,3167.0
08.02.2022,Matara,C-5 Sp,3250.0,3117.0
08.02.2022,Kalutara,H-1,1970.0,1950.0
08.02.2022,Kalutara,H-2,1800.0,1800.0
08.02.2022,Galle,Alba,3600.0,3550.0
08.02.2022,Galle,C-5 Sp,3000.0,2950.0
08.02.2022,Galle,C-5,2800.0,2750.0
08.02.2022,Galle,C-4,2650.0,2625.0
08.02.2022,Galle,H-1,2350.0,2325.0
08.02.2022,Galle,H-2,2250.0,2225.0
08.02.2022,Matara,Alba,3750.0,3638.0
08.02.2022,Matara,C-5,3000.0,2790.0
08.02.2022,Monaragala,Heen,2000.0,1950.0
08.02.2022,Matara,M-5,2600.0,2575.0
08.02.2022,Matara,M-4,2500.0,2475.0
08.02.2022,Matara,H-1,2450.0,2360.0
08.02.2022,Matara,H-2,2300.0,2219.0
08.02.2022,Matara,H-Faq,2100.0,1980.0
08.02.2022,Hambantota,C-5,2700.0,2700.0
08.02.2022,Hambantota,C-4,2650.0,2650.0
08.02.2022,Hambantota,H-1,2300.0,2300.0
08.02.2022,Hambantota,H-2,2250.0,2250.0
08.02.2022,Monaragala,Gorosu,1500.0,1375.0
08.02.2022,Matara,C-4,2700.0,2679.0
08.02.2022,Kalutara,M-5,2300.0,2290.0
08.02.2022,Kalutara,M-4,2000.0,2000.0
08.02.2022,Kalutara,C-5,2600.0,2590.0
08.02.2022,Kalutara,C-4,2500.0,2470.0
08.02.2022,Ratnapura,Alba,3450.0,3416.0
08.02.2022,Ratnapura,C-5 Sp,3150.0,3050.0
08.02.2022,Ratnapura,C-5,2850.0,2783.0
08.02.2022,Ratnapura,C-4,2500.0,2433.0
08.02.2022,Ratnapura,M-5,2200.0,2150.0
08.02.2022,Ratnapura,H-1,2200.0,2100.0
08.02.2022,Ratnapura,H-2,1700.0,1633.0
08.02.2022,Badulla,Heen,2200.0,1933.0
08.02.2022,Badulla,Gorosu,1900.0,1508.0
08.02.2022,Kurunegala,Heen,2800.0,2800.0
08.02.2022,Ratnapura,M-4,2200.0,2150.0
08.02.2022,Colombo,C-5 Sp,2850.0,2850.0
08.02.2022,Kurunegala,Gorosu,1700.0,1367.0
08.02.2022,Kalutara,Alba,3200.0,3170.0
08.02.2022,Gampaha,Gorosu,1700.0,1650.0
08.02.2022,Gampaha,C-4,2000.0,1835.0
08.02.2022,Gampaha,C-5,2500.0,2225.0
08.02.2022,Kalutara,C-5 Sp,2800.0,2765.0
08.02.2022,Colombo,H-1,2000.0,2000.0
08.02.2022,Colombo,C-4,2600.0,2600.0
08.02.2022,Colombo,C-5,2750.0,2750.0
08.02.2022,Colombo,H-2,1950.0,1950.0
14.02.2022,Matara,C-5 Sp,3250.0,3150.0
14.02.2022,Kalutara,H-1,1970.0,1960.0
14.02.2022,Kalutara,H-2,1800.0,1800.0
14.02.2022,Galle,Alba,3700.0,3600.0
14.02.2022,Galle,C-5 Sp,3000.0,2950.0
14.02.2022,Galle,C-5,2800.0,2800.0
14.02.2022,Galle,C-4,2700.0,2700.0
14.02.2022,Galle,H-1,2400.0,2380.0
14.02.2022,Galle,H-2,2325.0,2310.0
14.02.2022,Matara,Alba,3750.0,3638.0
14.02.2022,Matara,C-5,3000.0,2800.0
14.02.2022,Kalutara,M-4,2000.0,2000.0
14.02.2022,Matara,M-5,2600.0,2600.0
14.02.2022,Matara,M-4,2500.0,2467.0
14.02.2022,Matara,H-1,2450.0,2350.0
14.02.2022,Matara,H-2,2400.0,2294.0
14.02.2022,Matara,H-Faq,2100.0,2025.0
14.02.2022,Hambantota,C-5,2700.0,2700.0
14.02.2022,Hambantota,C-4,2650.0,2650.0
14.02.2022,Hambantota,H-1,2300.0,2300.0
14.02.2022,Hambantota,H-2,2250.0,2250.0
14.02.2022,Monaragala,Gorosu,1500.0,1325.0
14.02.2022,Matara,C-4,2850.0,2714.0
14.02.2022,Kalutara,M-5,2300.0,2290.0
14.02.2022,Monaragala,Heen,2000.0,1900.0
14.02.2022,Kalutara,C-5,2600.0,2590.0
14.02.2022,Ratnapura,Alba,3400.0,3350.0
14.02.2022,Ratnapura,C-5 Sp,2950.0,2900.0
14.02.2022,Ratnapura,C-5,2700.0,2633.0
14.02.2022,Ratnapura,C-4,2650.0,2583.0
14.02.2022,Ratnapura,M-5,2200.0,2183.0
14.02.2022,Ratnapura,M-4,2200.0,2183.0
14.02.2022,Ratnapura,H-1,2150.0,2083.0
14.02.2022,Ratnapura,H-2,1900.0,1850.0
14.02.2022,Badulla,Heen,2100.0,1958.0
14.02.2022,Badulla,Gorosu,1900.0,1508.0
14.02.2022,Kurunegala,Heen,2500.0,2500.0
14.02.2022,Kalutara,C-4,2500.0,2470.0
14.02.2022,Colombo,C-5 Sp,3000.0,3000.0
14.02.2022,Kurunegala,Gorosu,1500.0,1167.0
14.02.2022,Kalutara,Alba,3200.0,3170.0
14.02.2022,Gampaha,Gorosu,1800.0,1675.0
14.02.2022,Gampaha,C-4,2200.0,2025.0
14.02.2022,Kalutara,C-5 Sp,2800.0,2770.0
14.02.2022,Colombo,H-2,2150.0,2150.0
14.02.2022,Colombo,H-1,2200.0,2200.0
14.02.2022,Colombo,C-4,2650.0,2650.0
14.02.2022,Colombo,C-5,2800.0,2800.0
14.02.2022,Gampaha,C-5,2500.0,2330.0
22.02.2022,Matara,Alba,3800.0,3650.0
22.02.2022,Kalutara,M-4,2000.0,2000.0
22.02.2022,Kalutara,H-1,1970.0,1950.0
22.02.2022,Kalutara,H-2,1800.0,1800.0
22.02.2022,Galle,Alba,3600.0,3550.0
22.02.2022,Galle,C-5,2850.0,2825.0
22.02.2022,Galle,C-4,2700.0,2700.0
22.02.2022,Galle,H-1,2400.0,2350.0
22.02.2022,Galle,H-2,2325.0,2310.0
22.02.2022,Matara,C-5 Sp,3250.0,3150.0
22.02.2022,Matara,H-2,2400.0,2298.0
22.02.2022,Matara,C-4,2850.0,2729.0
22.02.2022,Matara,M-5,2650.0,2633.0
22.02.2022,Matara,M-4,2550.0,2483.0
22.02.2022,Matara,H-1,2500.0,2374.0
22.02.2022,Kalutara,M-5,2300.0,2290.0
22.02.2022,Matara,H-Faq,2150.0,1990.0
22.02.2022,Hambantota,C-5,2700.0,2700.0
22.02.2022,Hambantota,C-4,2650.0,2650.0
22.02.2022,Hambantota,H-1,2320.0,2310.0
22.02.2022,Hambantota,H-2,2280.0,2265.0
22.02.2022,Matara,C-5,300.0,2810.0
22.02.2022,Kalutara,C-4,2500.0,2470.0
22.02.2022,Galle,C-5 Sp,3000.0,2950.0
22.02.2022,Kalutara,C-5 Sp,2800.0,2765.0
22.02.2022,Kalutara,C-5,2600.0,2590.0
22.02.2022,Ratnapura,C-5 Sp,2900.0,2880.0
22.02.2022,Ratnapura,C-5,2650.0,2600.0
22.02.2022,Ratnapura,C-4,2400.0,2350.0
22.02.2022,Ratnapura,M-5,2200.0,2150.0
22.02.2022,Ratnapura,M-4,2200.0,2150.0
22.02.2022,Ratnapura,H-1,2000.0,2000.0
22.02.2022,Ratnapura,H-2,1850.0,1800.0
22.02.2022,Badulla,Heen,2100.0,1908.0
22.02.2022,Badulla,Gorosu,1800.0,1458.0
22.02.2022,Kurunegala,Heen,2500.0,2500.0
22.02.2022,Ratnapura,Alba,3300.0,3200.0
22.02.2022,Colombo,C-5 Sp,3000.0,3000.0
22.02.2022,Kurunegala,Gorosu,1000.0,1000.0
22.02.2022,Gampaha,Gorosu,1600.0,1575.0
22.02.2022,Gampaha,C-4,2000.0,1950.0
22.02.2022,Gampaha,C-5,2500.0,2300.0
22.02.2022,Kalutara,Alba,3300.0,3270.0
22.02.2022,Colombo,H-2,2100.0,2100.0
22.02.2022,Colombo,H-1,2150.0,2150.0
22.02.2022,Colombo,C-4,2650.0,2650.0
22.02.2022,Colombo,C-5,2800.0,2800.0
28.02.2022,Matara,C-5 Sp,3200.0,3133.0
28.02.2022,Galle,Alba,3600.0,3550.0
28.02.2022,Galle,C-5 Sp,3000.0,2950.0
28.02.2022,Galle,C-5,2850.0,2825.0
28.02.2022,Monaragala,Gorosu,1700.0,1650.0
28.02.2022,Galle,H-1,2400.0,2375.0
28.02.2022,Galle,H-2,2350.0,2325.0
28.02.2022,Matara,Alba,3800.0,3800.0
28.02.2022,Kalutara,H-2,1800.0,1800.0
28.02.2022,Matara,C-5,3000.0,2900.0
28.02.2022,Matara,H-2,2400.0,2335.0
28.02.2022,Matara,M-5,2750.0,2683.0
28.02.2022,Matara,M-4,2600.0,2550.0
28.02.2022,Matara,H-1,2600.0,2466.0
28.02.2022,Matara,H-Faq,2200.0,2060.0
28.02.2022,Hambantota,C-5,2750.0,2750.0
28.02.2022,Hambantota,C-4,2700.0,2700.0
28.02.2022,Hambantota,H-1,2400.0,2400.0
28.02.2022,Hambantota,H-2,2350.0,2350.0
28.02.2022,Monaragala,Heen,2000.0,2000.0
28.02.2022,Kalutara,H-1,1970.0,1950.0
28.02.2022,Matara,C-4,2800.0,2725.0
28.02.2022,Kalutara,M-5,2300.0,2290.0
28.02.2022,Galle,C-4,2800.0,2750.0
28.02.2022,Kalutara,M-4,2000.0,2000.0
28.02.2022,Ratnapura,Alba,3600.0,3533.0
28.02.2022,Ratnapura,C-5 Sp,3200.0,3100.0
28.02.2022,Ratnapura,C-5,3000.0,2966.0
28.02.2022,Ratnapura,C-4,2800.0,2700.0
28.02.2022,Ratnapura,M-5,2400.0,2383.0
28.02.2022,Ratnapura,M-4,2400.0,2383.0
28.02.2022,Ratnapura,H-1,2300.0,2266.0
28.02.2022,Ratnapura,H-2,1850.0,1816.0
28.02.2022,Badulla,Heen,2100.0,1875.0
28.02.2022,Badulla,Gorosu,1800.0,1516.0
28.02.2022,Kurunegala,Heen,2500.0,2500.0
28.02.2022,Kalutara,C-4,2500.0,2470.0
28.02.2022,Colombo,C-5 Sp,2950.0,2950.0
28.02.2022,Colombo,C-5,2800.0,2800.0
28.02.2022,Colombo,C-4,2700.0,2700.0
28.02.2022,Colombo,H-1,2100.0,2100.0
28.02.2022,Colombo,H-2,2000.0,2000.0
28.02.2022,Gampaha,C-4,2600.0,2450.0
28.02.2022,Gampaha,Gorosu,1800.0,1675.0
28.02.2022,Kalutara,Alba,3300.0,3270.0
28.02.2022,Kalutara,C-5 Sp,2700.0,2765.0
28.02.2022,Kalutara,C-5,2600.0,2590.0
28.02.2022,Kurunegala,Gorosu,1500.0,1167.0
08.03.2022,Matara,Alba,3800.0,3800.0
08.03.2022,Galle,H-2,2350.0,2325.0
08.03.2022,Galle,H-1,2400.0,2375.0
08.03.2022,Galle,C-4,2800.0,2750.0
08.03.2022,Kalutara,H-1,1970.0,1950.0
08.03.2022,Galle,C-5 Sp,3000.0,2950.0
08.03.2022,Galle,Alba,3600.0,3550.0
08.03.2022,Kalutara,H-2,1800.0,1800.0
08.03.2022,Matara,C-5 Sp,3200.0,3133.0
08.03.2022,Galle,C-5,2850.0,2825.0
08.03.2022,Matara,C-5,3000.0,2900.0
08.03.2022,Matara,H-2,2400.0,2335.0
08.03.2022,Matara,M-5,2750.0,2683.0
08.03.2022,Matara,M-4,2600.0,2550.0
08.03.2022,Matara,H-1,2600.0,2466.0
08.03.2022,Matara,H-Faq,2200.0,2060.0
08.03.2022,Hambantota,C-5,2750.0,2750.0
08.03.2022,Hambantota,C-4,2700.0,2700.0
08.03.2022,Hambantota,H-1,2400.0,2400.0
08.03.2022,Hambantota,H-2,2350.0,2350.0
08.03.2022,Monaragala,Heen,2000.0,2000.0
08.03.2022,Kalutara,M-4,2000.0,2000.0
08.03.2022,Matara,C-4,2800.0,2725.0
08.03.2022,Monaragala,Gorosu,1700.0,1650.0
08.03.2022,Kalutara,M-5,2300.0,2290.0
08.03.2022,Kalutara,C-5,2600.0,2590.0
08.03.2022,Kalutara,C-4,2500.0,2470.0
08.03.2022,Ratnapura,Alba,3600.0,3533.0
08.03.2022,Ratnapura,C-5 Sp,3200.0,3100.0
08.03.2022,Ratnapura,C-5,3000.0,2966.0
08.03.2022,Ratnapura,C-4,2800.0,2700.0
08.03.2022,Ratnapura,M-5,2400.0,2383.0
08.03.2022,Ratnapura,H-1,2300.0,2266.0
08.03.2022,Ratnapura,H-2,1850.0,1816.0
08.03.2022,Badulla,Heen,2100.0,1875.0
08.03.2022,Badulla,Gorosu,1800.0,1516.0
08.03.2022,Ratnapura,M-4,2400.0,2383.0
08.03.2022,Kurunegala,Gorosu,1500.0,1167.0
08.03.2022,Colombo,C-5 Sp,2950.0,2950.0
08.03.2022,Colombo,C-5,2800.0,2800.0
08.03.2022,Colombo,C-4,2700.0,2700.0
08.03.2022,Colombo,H-1,2100.0,2100.0
08.03.2022,Colombo,H-2,2000.0,2000.0
08.03.2022,Gampaha,C-4,2600.0,2450.0
08.03.2022,Gampaha,Gorosu,1800.0,1675.0
08.03.2022,Kalutara,Alba,3300.0,3270.0
08.03.2022,Kurunegala,Heen,2500.0,2500.0
08.03.2022,Kalutara,C-5 Sp,2700.0,2765.0
22.03.2022,Matara,Alba,4500.0,4300.0
22.03.2022,Galle,H-2,3000.0,2900.0
22.03.2022,Galle,H-1,3100.0,3050.0
22.03.2022,Galle,C-4,3450.0,3425.0
22.03.2022,Kalutara,H-1,2000.0,1980.0
22.03.2022,Galle,C-5 Sp,3800.0,3700.0
22.03.2022,Galle,Alba,4500.0,4250.0
22.03.2022,Kalutara,H-2,1800.0,1800.0
22.03.2022,Matara,C-5 Sp,4000.0,3900.0
22.03.2022,Galle,C-5,3600.0,3550.0
22.03.2022,Matara,C-5,3800.0,3666.0
22.03.2022,Monaragala,Heen,2000.0,1900.0
22.03.2022,Matara,M-5,3600.0,3500.0
22.03.2022,Matara,M-4,3600.0,3333.0
22.03.2022,Matara,H-1,3300.0,3250.0
22.03.2022,Matara,H-2,3200.0,3006.0
22.03.2022,Matara,H-Faq,3000.0,2425.0
22.03.2022,Hambantota,C-5,4000.0,3800.0
22.03.2022,Hambantota,C-4,3600.0,3500.0
22.03.2022,Hambantota,H-1,3200.0,3125.0
22.03.2022,Hambantota,H-2,3100.0,3050.0
22.03.2022,Monaragala,Gorosu,1500.0,1325.0
22.03.2022,Matara,C-4,3700.0,3586.0
22.03.2022,Kalutara,M-4,2100.0,2060.0
22.03.2022,Kalutara,C-4,2800.0,2765.0
22.03.2022,Kalutara,C-5,2900.0,2860.0
22.03.2022,Ratnapura,Alba,4500.0,4400.0
22.03.2022,Ratnapura,C-5 Sp,4200.0,4100.0
22.03.2022,Ratnapura,C-5,3700.0,3625.0
22.03.2022,Ratnapura,C-4,3100.0,3050.0
22.03.2022,Ratnapura,M-5,2800.0,2737.0
22.03.2022,Ratnapura,M-4,2800.0,2737.0
22.03.2022,Ratnapura,H-1,2800.0,2625.0
22.03.2022,Ratnapura,H-2,2450.0,2400.0
22.03.2022,Badulla,Heen,3000.0,2400.0
22.03.2022,Badulla,Gorosu,2300.0,1775.0
22.03.2022,Kurunegala,Heen,3000.0,3000.0
22.03.2022,Kalutara,M-5,2500.0,2465.0
22.03.2022,Colombo,C-5 Sp,3100.0,3100.0
22.03.2022,Colombo,C-5,2900.0,2900.0
22.03.2022,Colombo,C-4,2800.0,2800.0
22.03.2022,Colombo,H-1,2100.0,2100.0
22.03.2022,Colombo,H-2,2000.0,2000.0
22.03.2022,Gampaha,C-5,3000.0,3000.0
22.03.2022,Gampaha,C-4,2400.0,2300.0
22.03.2022,Gampaha,Gorosu,2000.0,1600.0
22.03.2022,Kalutara,Alba,3400.0,3366.0
22.03.2022,Kalutara,C-5 Sp,3200.0,3170.0
22.03.2022,Kurunegala,Gorosu,2000.0,1667.0
29.03.2022,Matara,C-5 Sp,4000.0,4000.0
29.03.2022,Matara,Alba,4600.0,4500.0
29.03.2022,Galle,H-2,3150.0,3125.0
29.03.2022,Galle,H-1,3300.0,3275.0
29.03.2022,Kalutara,H-2,1800.0,1800.0
29.03.2022,Galle,C-5,3600.0,3590.0
29.03.2022,Galle,C-5 Sp,3800.0,3750.0
29.03.2022,Galle,Alba,4500.0,4400.0
29.03.2022,Matara,C-5,3800.0,3700.0
29.03.2022,Galle,C-4,3420.0,3410.0
29.03.2022,Matara,C-4,3600.0,3520.0
29.03.2022,Matara,H-Faq,3200.0,2750.0
29.03.2022,Matara,M-4,3500.0,3400.0
29.03.2022,Matara,H-1,3400.0,3325.0
29.03.2022,Matara,H-2,3300.0,3200.0
29.03.2022,Hambantota,C-5,3800.0,3800.0
29.03.2022,Hambantota,C-4,3600.0,3600.0
29.03.2022,Hambantota,H-1,3400.0,3375.0
29.03.2022,Hambantota,H-2,3300.0,3275.0
29.03.2022,Monaragala,Heen,2000.0,1900.0
29.03.2022,Monaragala,Gorosu,1500.0,1400.0
29.03.2022,Kalutara,H-1,2000.0,1980.0
29.03.2022,Matara,M-5,3550.0,3467.0
29.03.2022,Kalutara,M-4,2100.0,2060.0
29.03.2022,Kalutara,M-5,2500.0,2465.0
29.03.2022,Kalutara,C-4,2800.0,2765.0
29.03.2022,Ratnapura,C-5 Sp,4300.0,4166.0
29.03.2022,Ratnapura,C-5,3800.0,3666.0
29.03.2022,Ratnapura,C-4,3400.0,3300.0
29.03.2022,Ratnapura,M-5,3100.0,3000.0
29.03.2022,Ratnapura,M-4,3100.0,3000.0
29.03.2022,Ratnapura,H-1,3000.0,2850.0
29.03.2022,Ratnapura,H-2,2500.0,2366.0
29.03.2022,Badulla,Heen,2800.0,2500.0
29.03.2022,Badulla,Gorosu,2200.0,1991.0
29.03.2022,Kurunegala,Heen,3000.0,3000.0
29.03.2022,Kurunegala,Gorosu,2000.0,1667.0
29.03.2022,Ratnapura,Alba,5000.0,4766.0
29.03.2022,Colombo,C-5,3300.0,3300.0
29.03.2022,Colombo,C-4,2900.0,2900.0
29.03.2022,Colombo,H-1,2300.0,2300.0
29.03.2022,Colombo,H-2,2200.0,2200.0
29.03.2022,Gampaha,C-5,3000.0,2800.0
29.03.2022,Gampaha,C-4,2600.0,2350.0
29.03.2022,Gampaha,Gorosu,2000.0,1750.0
29.03.2022,Kalutara,Alba,3400.0,3370.0
29.03.2022,Kalutara,C-5 Sp,3200.0,3170.0
29.03.2022,Kalutara,C-5,2900.0,2860.0
29.03.2022,Colombo,C-5 Sp,3500.0,3500.0
05.04.2022,Matara,Alba,4700.0,4550.0
05.04.2022,Galle,H-2,3150.0,3125.0
05.04.2022,Galle,H-1,3300.0,3275.0
05.04.2022,Galle,C-4,3600.0,3550.0
05.04.2022,Monaragala,Gorosu,1500.0,1425.0
05.04.2022,Galle,C-5 Sp,4000.0,3900.0
05.04.2022,Galle,Alba,4500.0,4400.0
05.04.2022,Kalutara,H-2,1800.0,1800.0
05.04.2022,Matara,C-5 Sp,4300.0,4150.0
05.04.2022,Galle,C-5,3800.0,3750.0
05.04.2022,Matara,C-5,4000.0,3790.0
05.04.2022,Matara,H-2,3350.0,3255.0
05.04.2022,Matara,M-5,3650.0,3550.0
05.04.2022,Matara,M-4,3500.0,3483.0
05.04.2022,Matara,H-1,3400.0,3308.0
05.04.2022,Matara,H-Faq,3100.0,2767.0
05.04.2022,Hambantota,C-5,3800.0,3725.0
05.04.2022,Hambantota,C-4,3650.0,3625.0
05.04.2022,Hambantota,H-1,3350.0,3325.0
05.04.2022,Hambantota,H-2,3300.0,3250.0
05.04.2022,Monaragala,Heen,2000.0,1900.0
05.04.2022,Kalutara,H-1,2000.0,1980.0
05.04.2022,Matara,C-4,3700.0,3650.0
05.04.2022,Kalutara,M-4,2100.0,2060.0
05.04.2022,Kalutara,C-5,2900.0,2870.0
05.04.2022,Kalutara,C-4,2800.0,2765.0
05.04.2022,Kalutara,M-5,2500.0,2468.0
05.04.2022,Ratnapura,C-5 Sp,4200.0,4050.0
05.04.2022,Ratnapura,C-5,4000.0,3933.0
05.04.2022,Ratnapura,C-4,3550.0,3450.0
05.04.2022,Ratnapura,M-5,3100.0,3050.0
05.04.2022,Ratnapura,M-4,3100.0,3050.0
05.04.2022,Ratnapura,H-1,3000.0,2950.0
05.04.2022,Ratnapura,H-2,2600.0,2450.0
05.04.2022,Badulla,H-Faq,2400.0,2383.0
05.04.2022,Badulla,Heen,1800.0,1483.0
05.04.2022,Ratnapura,Alba,5000.0,5000.0
05.04.2022,Kurunegala,Heen,2000.0,1664.0
05.04.2022,Kurunegala,H-Faq,3000.0,3000.0
05.04.2022,Kalutara,Alba,3400.0,3380.0
05.04.2022,Gampaha,Gorosu,2000.0,1800.0
05.04.2022,Gampaha,C-4,2800.0,2700.0
05.04.2022,Kalutara,C-5 Sp,3200.0,3170.0
05.04.2022,Colombo,H-1,2300.0,2300.0
05.04.2022,Colombo,C-4,2900.0,2900.0
05.04.2022,Colombo,C-5,3200.0,3200.0
05.04.2022,Colombo,C-5 Sp,3500.0,3500.0
05.04.2022,Colombo,H-2,2200.0,2200.0
19.04.2022,Matara,M-5,3700.0,3612.0
19.04.2022,Galle,C-4,3800.0,3750.0
19.04.2022,Galle,H-1,3500.0,3450.0
19.04.2022,Galle,H-2,3450.0,3375.0
19.04.2022,Matara,Alba,4700.0,4600.0
19.04.2022,Matara,C-5 Sp,4300.0,4225.0
19.04.2022,Matara,C-5,4000.0,3920.0
19.04.2022,Matara,C-4,3900.0,3771.0
19.04.2022,Matara,M-4,3650.0,3583.0
19.04.2022,Hambantota,H-1,3500.0,3475.0
19.04.2022,Matara,H-2,3400.0,3262.0
19.04.2022,Matara,H-Faq,3100.0,2975.0
19.04.2022,Hambantota,C-5,3900.0,3875.0
19.04.2022,Hambantota,C-4,3800.0,3775.0
19.04.2022,Hambantota,H-2,3400.0,3400.0
19.04.2022,Monaragala,H-1,3000.0,3000.0
19.04.2022,Monaragala,H-2,2800.0,2600.0
19.04.2022,Monaragala,Heen,2000.0,1950.0
19.04.2022,Monaragala,Gorosu,1500.0,1500.0
19.04.2022,Matara,H-1,3600.0,3450.0
19.04.2022,Galle,C-5 Sp,4200.0,4100.0
19.04.2022,Galle,C-5,3900.0,3750.0
19.04.2022,Kalutara,H-2,1800.0,1800.0
19.04.2022,Galle,Alba,4600.0,4550.0
19.04.2022,Badulla,Heen,2400.0,2283.0
19.04.2022,Badulla,Gorosu,1950.0,1708.0
19.04.2022,Kurunegala,Heen,3000.0,3000.0
19.04.2022,Kurunegala,Gorosu,2000.0,1667.0
19.04.2022,Colombo,C-5,4400.0,4400.0
19.04.2022,Colombo,C-4,4000.0,4000.0
19.04.2022,Colombo,H-1,3700.0,3700.0
19.04.2022,Colombo,H-2,3500.0,3500.0
19.04.2022,Colombo,C-5 Sp,4500.0,4500.0
19.04.2022,Gampaha,C-4,2800.0,2700.0
19.04.2022,Gampaha,Gorosu,2200.0,2025.0
19.04.2022,Kalutara,Alba,3400.0,3390.0
19.04.2022,Kalutara,C-5 Sp,3200.0,3180.0
19.04.2022,Kalutara,C-5,2900.0,2870.0
19.04.2022,Kalutara,C-4,2800.0,2765.0
19.04.2022,Kalutara,M-5,2500.0,2470.0
19.04.2022,Kalutara,M-4,2100.0,2080.0
19.04.2022,Gampaha,C-5,3200.0,3065.0
19.04.2022,Kalutara,H-1,2000.0,1980.0
26.04.2022,Matara,C-5 Sp,5000.0,4667.0
26.04.2022,Matara,Alba,5200.0,4975.0
26.04.2022,Galle,H-2,3500.0,3475.0
26.04.2022,Galle,H-1,3600.0,3600.0
26.04.2022,Galle,Alba,5300.0,5150.0
26.04.2022,Galle,C-5,4300.0,4200.0
26.04.2022,Galle,C-5 Sp,4500.0,4350.0
26.04.2022,Kalutara,H-2,2000.0,2000.0
26.04.2022,Matara,C-5,4550.0,4300.0
26.04.2022,Galle,C-4,4100.0,4050.0
26.04.2022,Matara,C-4,4200.0,4070.0
26.04.2022,Monaragala,H-2,2800.0,2700.0
26.04.2022,Matara,M-4,4000.0,3833.0
26.04.2022,Matara,H-1,3600.0,3575.0
26.04.2022,Matara,H-2,3500.0,3336.0
26.04.2022,Matara,H-Faq,3300.0,2900.0
26.04.2022,Hambantota,C-5,4500.0,4450.0
26.04.2022,Hambantota,C-4,4100.0,4050.0
26.04.2022,Monaragala,Gorosu,1500.0,1450.0
26.04.2022,Hambantota,H-2,3500.0,3450.0
26.04.2022,Monaragala,H-1,3000.0,2900.0
26.04.2022,Monaragala,Heen,2000.0,1900.0
26.04.2022,Kalutara,H-1,2500.0,2465.0
26.04.2022,Matara,M-5,4100.0,3967.0
26.04.2022,Kalutara,M-4,2700.0,2690.0
26.04.2022,Hambantota,H-1,3600.0,3550.0
26.04.2022,Kalutara,C-4,3200.0,3167.0
26.04.2022,Ratnapura,Alba,5200.0,5075.0
26.04.2022,Ratnapura,C-5 Sp,4600.0,4550.0
26.04.2022,Ratnapura,C-5,4300.0,4025.0
26.04.2022,Ratnapura,C-4,3800.0,3725.0
26.04.2022,Ratnapura,M-5,3450.0,3375.0
26.04.2022,Ratnapura,M-4,3450.0,3375.0
26.04.2022,Ratnapura,H-1,3400.0,3350.0
26.04.2022,Ratnapura,H-2,3300.0,3250.0
26.04.2022,Badulla,Heen,2500.0,2108.0
26.04.2022,Badulla,Gorosu,1800.0,1433.0
26.04.2022,Kurunegala,Heen,3500.0,3500.0
26.04.2022,Kalutara,M-5,2900.0,2885.0
26.04.2022,Colombo,C-5 Sp,4500.0,4500.0
26.04.2022,Colombo,C-5,4200.0,4200.0
26.04.2022,Colombo,C-4,4000.0,4000.0
26.04.2022,Colombo,H-1,3500.0,3500.0
26.04.2022,Colombo,H-2,3200.0,3200.0
26.04.2022,Gampaha,C-5,3400.0,3200.0
26.04.2022,Gampaha,C-4,2800.0,2600.0
26.04.2022,Gampaha,Gorosu,2400.0,2300.0
26.04.2022,Kalutara,Alba,3870.0,3800.0
26.04.2022,Kalutara,C-5 Sp,3600.0,3565.0
26.04.2022,Kalutara,C-5,3400.0,3383.0
26.04.2022,Kurunegala,Gorosu,2200.0,1733.0
04.05.2022,Matara,C-5,5000.0,4540.0
04.05.2022,Matara,C-5 Sp,5200.0,4900.0
04.05.2022,Matara,Alba,5550.0,5250.0
04.05.2022,Galle,H-2,3600.0,3550.0
04.05.2022,Galle,Alba,5500.0,5500.0
04.05.2022,Galle,C-4,4200.0,4200.0
04.05.2022,Galle,C-5,4500.0,4400.0
04.05.2022,Galle,C-5 Sp,5000.0,4800.0
04.05.2022,Matara,C-4,4700.0,4400.0
04.05.2022,Galle,H-1,3700.0,3700.0
04.05.2022,Matara,M-5,4300.0,4267.0
04.05.2022,Hambantota,C-4,4300.0,4250.0
04.05.2022,Matara,H-1,3800.0,3740.0
04.05.2022,Matara,H-2,3700.0,3494.0
04.05.2022,Matara,H-Faq,3300.0,3000.0
04.05.2022,Hambantota,C-5,4500.0,4450.0
04.05.2022,Hambantota,H-1,3650.0,3625.0
04.05.2022,Hambantota,H-2,3600.0,3550.0
04.05.2022,Monaragala,H-1,2800.0,2750.0
04.05.2022,Monaragala,H-2,2600.0,2550.0
04.05.2022,Monaragala,Heen,2000.0,1950.0
04.05.2022,Monaragala,Gorosu,1500.0,1425.0
04.05.2022,Kalutara,H-2,2000.0,2000.0
04.05.2022,Matara,M-4,4100.0,4033.0
04.05.2022,Kalutara,H-1,2500.0,2475.0
04.05.2022,Kalutara,M-4,2700.0,2690.0
04.05.2022,Kalutara,M-5,2900.0,2885.0
04.05.2022,Ratnapura,C-5 Sp,4700.0,4675.0
04.05.2022,Ratnapura,C-5,4100.0,4050.0
04.05.2022,Ratnapura,C-4,3800.0,3725.0
04.05.2022,Ratnapura,M-5,3450.0,3425.0
04.05.2022,Ratnapura,M-4,3450.0,3425.0
04.05.2022,Ratnapura,H-1,3150.0,3100.0
04.05.2022,Ratnapura,H-2,2900.0,2725.0
04.05.2022,Badulla,Heen,2000.0,1867.0
04.05.2022,Badulla,Gorosu,1500.0,1100.0
04.05.2022,Kurunegala,Heen,3500.0,3500.0
04.05.2022,Kurunegala,Gorosu,2200.0,1783.0
04.05.2022,Ratnapura,Alba,5000.0,4950.0
04.05.2022,Colombo,C-5,4300.0,4300.0
04.05.2022,Colombo,C-4,4200.0,4200.0
04.05.2022,Colombo,H-1,3700.0,3700.0
04.05.2022,Colombo,H-2,3500.0,3500.0
04.05.2022,Gampaha,C-5,3500.0,3500.0
04.05.2022,Gampaha,C-4,3000.0,2600.0
04.05.2022,Gampaha,Gorosu,2400.0,2300.0
04.05.2022,Kalutara,Alba,3800.0,3800.0
04.05.2022,Kalutara,C-5 Sp,3600.0,3570.0
04.05.2022,Kalutara,C-5,3400.0,3385.0
04.05.2022,Kalutara,C-4,3200.0,3165.0
04.05.2022,Colombo,C-5 Sp,4500.0,4500.0
17.05.2022,Matara,C-5,4500.0,4150.0
17.05.2022,Matara,C-5 Sp,4700.0,4500.0
17.05.2022,Matara,Alba,5000.0,4875.0
17.05.2022,Galle,H-2,3450.0,3425.0
17.05.2022,Galle,Alba,4850.0,4800.0
17.05.2022,Galle,C-4,4050.0,4025.0
17.05.2022,Galle,C-5,4100.0,4075.0
17.05.2022,Galle,C-5 Sp,4300.0,4225.0
17.05.2022,Matara,C-4,4300.0,3983.0
17.05.2022,Galle,H-1,3500.0,3500.0
17.05.2022,Matara,M-5,4250.0,3917.0
17.05.2022,Hambantota,C-4,4000.0,4000.0
17.05.2022,Matara,H-1,4000.0,3450.0
17.05.2022,Matara,H-2,3900.0,3236.0
17.05.2022,Matara,H-Faq,2900.0,2675.0
17.05.2022,Hambantota,C-5,4200.0,4200.0
17.05.2022,Hambantota,H-1,3500.0,3490.0
17.05.2022,Hambantota,H-2,3200.0,3200.0
17.05.2022,Monaragala,H-1,3000.0,3000.0
17.05.2022,Monaragala,H-2,2800.0,2700.0
17.05.2022,Monaragala,Heen,2000.0,1900.0
17.05.2022,Monaragala,Gorosu,1500.0,1425.0
17.05.2022,Kalutara,H-2,2000.0,2000.0
17.05.2022,Matara,M-4,4100.0,3767.0
17.05.2022,Kalutara,H-1,2500.0,2480.0
17.05.2022,Kalutara,M-4,2700.0,2695.0
17.05.2022,Kalutara,M-5,2900.0,2885.0
17.05.2022,Ratnapura,C-5 Sp,4500.0,4466.0
17.05.2022,Ratnapura,C-5,4300.0,4250.0
17.05.2022,Ratnapura,C-4,4000.0,3950.0
17.05.2022,Ratnapura,M-5,3000.0,2900.0
17.05.2022,Ratnapura,M-4,3000.0,2900.0
17.05.2022,Ratnapura,H-1,2800.0,2750.0
17.05.2022,Ratnapura,H-2,2400.0,2300.0
17.05.2022,Badulla,Heen,3800.0,2541.0
17.05.2022,Badulla,Gorosu,2100.0,1533.0
17.05.2022,Kurunegala,Heen,3500.0,3500.0
17.05.2022,Kurunegala,Gorosu,2200.0,1733.0
17.05.2022,Ratnapura,Alba,4900.0,4850.0
17.05.2022,Colombo,C-5,4000.0,4000.0
17.05.2022,Colombo,C-4,3800.0,3800.0
17.05.2022,Colombo,H-1,3600.0,3600.0
17.05.2022,Colombo,H-2,3300.0,3300.0
17.05.2022,Gampaha,C-5,3500.0,3175.0
17.05.2022,Gampaha,C-4,3000.0,2775.0
17.05.2022,Gampaha,Gorosu,2600.0,2450.0
17.05.2022,Kalutara,Alba,3800.0,3790.0
17.05.2022,Kalutara,C-5 Sp,3600.0,3570.0
17.05.2022,Kalutara,C-5,3400.0,3385.0
17.05.2022,Kalutara,C-4,3200.0,3165.0
17.05.2022,Colombo,C-5 Sp,4100.0,4100.0
24.05.2022,Matara,C-5,4500.0,4270.0
24.05.2022,Matara,C-5 Sp,4700.0,4650.0
24.05.2022,Matara,Alba,5000.0,4900.0
24.05.2022,Galle,H-2,3500.0,3450.0
24.05.2022,Galle,Alba,4850.0,4825.0
24.05.2022,Galle,C-4,4050.0,4025.0
24.05.2022,Galle,C-5,4150.0,4125.0
24.05.2022,Galle,C-5 Sp,4300.0,4275.0
24.05.2022,Matara,C-4,4200.0,4150.0
24.05.2022,Galle,H-1,3500.0,3500.0
24.05.2022,Matara,M-5,4000.0,3925.0
24.05.2022,Hambantota,C-4,4100.0,4100.0
24.05.2022,Matara,H-1,3700.0,3600.0
24.05.2022,Matara,H-2,3600.0,3481.0
24.05.2022,Matara,H-Faq,3200.0,3000.0
24.05.2022,Hambantota,C-5,4200.0,4200.0
24.05.2022,Hambantota,H-1,3600.0,3550.0
24.05.2022,Hambantota,H-2,3500.0,3500.0
24.05.2022,Monaragala,H-1,3000.0,3000.0
24.05.2022,Monaragala,H-2,2800.0,2600.0
24.05.2022,Monaragala,Heen,2000.0,1800.0
24.05.2022,Monaragala,Gorosu,1400.0,1375.0
24.05.2022,Kalutara,H-2,2000.0,2000.0
24.05.2022,Matara,M-4,3800.0,3783.0
24.05.2022,Kalutara,H-1,2500.0,2475.0
24.05.2022,Kalutara,M-4,2700.0,2690.0
24.05.2022,Kalutara,M-5,2900.0,2880.0
24.05.2022,Ratnapura,C-5 Sp,4500.0,4233.0
24.05.2022,Ratnapura,C-5,4200.0,3950.0
24.05.2022,Ratnapura,C-4,3500.0,3183.0
24.05.2022,Ratnapura,M-5,3000.0,2850.0
24.05.2022,Ratnapura,M-4,3000.0,2850.0
24.05.2022,Ratnapura,H-1,3000.0,2950.0
24.05.2022,Ratnapura,H-2,2800.0,2700.0
24.05.2022,Badulla,Heen,4000.0,2916.0
24.05.2022,Badulla,Gorosu,3800.0,2083.0
24.05.2022,Kurunegala,Heen,3000.0,3000.0
24.05.2022,Kurunegala,Gorosu,2000.0,1667.0
24.05.2022,Ratnapura,Alba,4800.0,4633.0
24.05.2022,Colombo,C-5,4000.0,4000.0
24.05.2022,Colombo,C-4,3800.0,3800.0
24.05.2022,Colombo,H-1,3500.0,3500.0
24.05.2022,Colombo,H-2,3300.0,3300.0
24.05.2022,Gampaha,C-5,3500.0,3500.0
24.05.2022,Gampaha,C-4,3000.0,3000.0
24.05.2022,Gampaha,Gorosu,2800.0,2575.0
24.05.2022,Kalutara,Alba,3800.0,3790.0
24.05.2022,Kalutara,C-5 Sp,3600.0,3570.0
24.05.2022,Kalutara,C-5,3400.0,3385.0
24.05.2022,Kalutara,C-4,3200.0,3165.0
24.05.2022,Colombo,C-5 Sp,4100.0,4100.0
31.05.2022,Matara,C-5,4600.0,4350.0
31.05.2022,Matara,C-5 Sp,4800.0,4767.0
31.05.2022,Matara,Alba,5200.0,5100.0
31.05.2022,Galle,H-2,3600.0,3550.0
31.05.2022,Galle,Alba,5500.0,5250.0
31.05.2022,Galle,C-4,4200.0,4150.0
31.05.2022,Galle,C-5,4300.0,4250.0
31.05.2022,Galle,C-5 Sp,5000.0,4700.0
31.05.2022,Matara,C-4,4200.0,4183.0
31.05.2022,Galle,H-1,3850.0,3800.0
31.05.2022,Matara,M-5,4100.0,4033.0
31.05.2022,Hambantota,C-4,4100.0,4100.0
31.05.2022,Matara,H-1,3750.0,3688.0
31.05.2022,Matara,H-2,3600.0,3529.0
31.05.2022,Matara,H-Faq,3200.0,2975.0
31.05.2022,Hambantota,C-5,4200.0,4150.0
31.05.2022,Hambantota,H-1,3850.0,3825.0
31.05.2022,Hambantota,H-2,3800.0,3800.0
31.05.2022,Monaragala,H-1,2900.0,2800.0
31.05.2022,Monaragala,H-2,2700.0,2600.0
31.05.2022,Monaragala,Heen,2000.0,1800.0
31.05.2022,Monaragala,Gorosu,1500.0,1425.0
31.05.2022,Kalutara,H-2,2000.0,2000.0
31.05.2022,Matara,M-4,4000.0,3900.0
31.05.2022,Kalutara,H-1,2500.0,2480.0
31.05.2022,Kalutara,C-4,3200.0,3180.0
31.05.2022,Kalutara,M-5,2900.0,2885.0
31.05.2022,Ratnapura,Alba,5100.0,5050.0
31.05.2022,Ratnapura,C-5 Sp,4800.0,4766.0
31.05.2022,Ratnapura,C-5,4400.0,4300.0
31.05.2022,Ratnapura,C-4,4100.0,4050.0
31.05.2022,Ratnapura,M-5,3500.0,3450.0
31.05.2022,Ratnapura,M-4,3500.0,3450.0
31.05.2022,Ratnapura,H-1,3550.0,3516.0
31.05.2022,Ratnapura,H-2,2900.0,2850.0
31.05.2022,Badulla,Heen,3800.0,2850.0
31.05.2022,Badulla,Gorosu,3100.0,2106.0
31.05.2022,Kurunegala,Heen,3500.0,3500.0
31.05.2022,Kurunegala,Gorosu,2200.0,1500.0
31.05.2022,Kalutara,M-4,2700.0,2690.0
31.05.2022,Colombo,C-5,4500.0,4500.0
31.05.2022,Colombo,C-4,4100.0,4100.0
31.05.2022,Colombo,H-1,3700.0,3700.0
31.05.2022,Colombo,H-2,3600.0,3600.0
31.05.2022,Gampaha,C-5,3500.0,3375.0
31.05.2022,Gampaha,C-4,3200.0,3000.0
31.05.2022,Gampaha,Gorosu,2700.0,2575.0
31.05.2022,Kalutara,Alba,3800.0,3790.0
31.05.2022,Kalutara,C-5 Sp,3600.0,3570.0
31.05.2022,Kalutara,C-5,3400.0,3390.0
31.05.2022,Colombo,C-5 Sp,4800.0,4800.0
07.06.2022,Matara,C-5,4800.0,4600.0
07.06.2022,Matara,C-5 Sp,5000.0,4933.0
07.06.2022,Matara,Alba,5300.0,5175.0
07.06.2022,Galle,H-2,3850.0,3800.0
07.06.2022,Kalutara,H-2,2000.0,2000.0
07.06.2022,Galle,C-5,4500.0,4450.0
07.06.2022,Galle,C-5 Sp,4800.0,4750.0
07.06.2022,Galle,Alba,5500.0,5250.0
07.06.2022,Matara,C-4,4300.0,4250.0
07.06.2022,Galle,H-1,4000.0,3950.0
07.06.2022,Matara,M-5,4200.0,3933.0
07.06.2022,Hambantota,C-5,4400.0,4275.0
07.06.2022,Matara,H-1,4000.0,3813.0
07.06.2022,Matara,H-2,3800.0,3657.0
07.06.2022,Matara,H-Faq,3500.0,3000.0
07.06.2022,Kalutara,H-1,2500.0,2465.0
07.06.2022,Hambantota,C-4,4300.0,4250.0
07.06.2022,Hambantota,H-1,3900.0,3875.0
07.06.2022,Hambantota,H-2,3850.0,3800.0
07.06.2022,Monaragala,H-1,3000.0,3000.0
07.06.2022,Monaragala,H-2,2700.0,2600.0
07.06.2022,Monaragala,Heen,2100.0,1900.0
07.06.2022,Monaragala,Gorosu,1500.0,1450.0
07.06.2022,Matara,M-4,4150.0,3750.0
07.06.2022,Kalutara,M-4,2800.0,2770.0
07.06.2022,Galle,C-4,4300.0,4275.0
07.06.2022,Kalutara,C-4,3500.0,3465.0
07.06.2022,Ratnapura,C-5 Sp,4700.0,4600.0
07.06.2022,Ratnapura,C-5,4250.0,4183.0
07.06.2022,Ratnapura,C-4,3900.0,3850.0
07.06.2022,Ratnapura,M-5,3400.0,3350.0
07.06.2022,Ratnapura,M-4,3400.0,3350.0
07.06.2022,Ratnapura,H-1,3500.0,3450.0
07.06.2022,Ratnapura,H-2,3000.0,2966.0
07.06.2022,Badulla,Heen,3000.0,2300.0
07.06.2022,Badulla,Gorosu,2500.0,1700.0
07.06.2022,Kurunegala,Heen,3800.0,3800.0
07.06.2022,Kurunegala,Gorosu,2500.0,2167.0
07.06.2022,Ratnapura,Alba,5000.0,5000.0
07.06.2022,Colombo,C-5,4200.0,4200.0
07.06.2022,Colombo,C-5 Sp,4500.0,4500.0
07.06.2022,Kalutara,C-5,3700.0,3650.0
07.06.2022,Kalutara,C-5 Sp,3800.0,3770.0
07.06.2022,Kalutara,Alba,3950.0,3920.0
07.06.2022,Gampaha,Gorosu,2500.0,2375.0
07.06.2022,Kalutara,M-5,3100.0,3060.0
07.06.2022,Gampaha,C-5,3500.0,3415.0
07.06.2022,Colombo,H-2,3300.0,3300.0
07.06.2022,Colombo,H-1,3500.0,3500.0
07.06.2022,Colombo,C-4,4000.0,4000.0
07.06.2022,Gampaha,C-4,2800.0,2750.0
15.06.2022,Galle,C-5,4300.0,4300.0
15.06.2022,Galle,C-4,4150.0,4125.0
15.06.2022,Galle,H-1,3900.0,3850.0
15.06.2022,Galle,H-2,3600.0,3550.0
15.06.2022,Matara,Alba,5500.0,5300.0
15.06.2022,Matara,C-5 Sp,5100.0,4900.0
15.06.2022,Matara,C-5,4500.0,4350.0
15.06.2022,Matara,C-4,4300.0,4220.0
15.06.2022,Matara,M-5,4150.0,4125.0
15.06.2022,Matara,M-4,4000.0,4000.0
15.06.2022,Matara,H-Faq,3500.0,3025.0
15.06.2022,Matara,H-2,3800.0,3707.0
15.06.2022,Matara,Gorosu,3000.0,2750.0
15.06.2022,Hambantota,C-5,4300.0,4250.0
15.06.2022,Hambantota,H-1,3900.0,3900.0
15.06.2022,Hambantota,H-2,3850.0,3825.0
15.06.2022,Monaragala,H-1,3000.0,2900.0
15.06.2022,Monaragala,H-2,2800.0,2650.0
15.06.2022,Monaragala,Heen,2000.0,1850.0
15.06.2022,Monaragala,Gorosu,1500.0,1375.0
15.06.2022,Galle,C-5 Sp,4700.0,4600.0
15.06.2022,Matara,H-1,3900.0,3883.0
15.06.2022,Hambantota,C-4,4200.0,4150.0
15.06.2022,Galle,Alba,5000.0,5000.0
15.06.2022,Kalutara,H-1,2500.0,2465.0
15.06.2022,Kalutara,H-2,2000.0,2000.0
15.06.2022,Ratnapura,Alba,5000.0,5000.0
15.06.2022,Ratnapura,C-5 Sp,4800.0,4633.0
15.06.2022,Ratnapura,C-5,4600.0,4533.0
15.06.2022,Ratnapura,C-4,4200.0,4100.0
15.06.2022,Ratnapura,M-5,3200.0,3100.0
15.06.2022,Ratnapura,H-1,3050.0,3016.0
15.06.2022,Ratnapura,H-2,2800.0,2633.0
15.06.2022,Badulla,Heen,3200.0,2475.0
15.06.2022,Badulla,Gorosu,2800.0,2000.0
15.06.2022,Ratnapura,M-4,3200.0,3100.0
15.06.2022,Kurunegala,Gorosu,2500.0,2033.0
15.06.2022,Gampaha,C-5,3500.0,3500.0
15.06.2022,Gampaha,C-4,2600.0,2540.0
15.06.2022,Gampaha,Gorosu,2400.0,2300.0
15.06.2022,Kalutara,Alba,3950.0,3930.0
15.06.2022,Kalutara,C-5 Sp,3800.0,3770.0
15.06.2022,Kalutara,C-5,3700.0,3650.0
15.06.2022,Kalutara,C-4,3500.0,3465.0
15.06.2022,Kalutara,M-5,3100.0,3070.0
15.06.2022,Kurunegala,Heen,3500.0,3500.0
15.06.2022,Kalutara,M-4,2800.0,2770.0
21.06.2022,Matara,C-5 Sp,5200.0,4967.0
21.06.2022,Matara,Alba,5500.0,5475.0
21.06.2022,Galle,H-2,3900.0,3850.0
21.06.2022,Galle,H-1,4000.0,3950.0
21.06.2022,Kalutara,H-2,2100.0,2100.0
21.06.2022,Galle,C-5,4300.0,4280.0
21.06.2022,Galle,C-5 Sp,4700.0,4600.0
21.06.2022,Galle,Alba,5000.0,5000.0
21.06.2022,Matara,C-5,4600.0,4467.0
21.06.2022,Galle,C-4,4100.0,4050.0
21.06.2022,Matara,C-4,4300.0,4193.0
21.06.2022,Monaragala,Heen,2000.0,1800.0
21.06.2022,Matara,M-4,4000.0,3967.0
21.06.2022,Matara,H-1,3900.0,3875.0
21.06.2022,Matara,H-2,3800.0,3725.0
21.06.2022,Matara,H-Faq,3600.0,3080.0
21.06.2022,Hambantota,C-5,4300.0,4275.0
21.06.2022,Hambantota,C-4,4200.0,4175.0
21.06.2022,Hambantota,H-1,4000.0,3975.0
21.06.2022,Hambantota,H-2,3900.0,3875.0
21.06.2022,Monaragala,H-1,3000.0,3000.0
21.06.2022,Monaragala,H-2,2800.0,2600.0
21.06.2022,Monaragala,Gorosu,1500.0,1500.0
21.06.2022,Matara,M-5,4100.0,4067.0
21.06.2022,Kalutara,M-4,2900.0,2867.0
21.06.2022,Kalutara,H-1,2600.0,2585.0
21.06.2022,Kalutara,C-4,3600.0,3590.0
21.06.2022,Kalutara,M-5,3200.0,3195.0
21.06.2022,Ratnapura,Alba,5300.0,5200.0
21.06.2022,Ratnapura,C-5 Sp,4800.0,4700.0
21.06.2022,Ratnapura,C-5,4350.0,4300.0
21.06.2022,Ratnapura,C-4,4100.0,4050.0
21.06.2022,Ratnapura,M-5,3550.0,3550.0
21.06.2022,Ratnapura,M-4,3550.0,3550.0
21.06.2022,Ratnapura,H-2,3100.0,3000.0
21.06.2022,Badulla,Heen,4000.0,3508.0
21.06.2022,Badulla,Gorosu,3500.0,2108.0
21.06.2022,Kurunegala,Heen,3500.0,3500.0
21.06.2022,Ratnapura,H-1,3500.0,3450.0
21.06.2022,Colombo,C-5 Sp,4500.0,4500.0
21.06.2022,Kurunegala,Gorosu,2500.0,2033.0
21.06.2022,Kalutara,C-5 Sp,3950.0,3935.0
21.06.2022,Kalutara,Alba,4000.0,4000.0
21.06.2022,Gampaha,Gorosu,2000.0,1950.0
21.06.2022,Gampaha,C-4,2600.0,2450.0
21.06.2022,Kalutara,C-5,3800.0,3785.0
21.06.2022,Colombo,H-2,3500.0,3500.0
21.06.2022,Colombo,H-1,3700.0,3700.0
21.06.2022,Colombo,C-4,4000.0,4000.0
21.06.2022,Colombo,C-5,4200.0,4200.0
21.06.2022,Gampaha,C-5,3000.0,2825.0
28.06.2022,Matara,C-4,4200.0,4125.0
28.06.2022,Galle,Alba,5000.0,5000.0
28.06.2022,Galle,C-5 Sp,4500.0,4400.0
28.06.2022,Galle,C-5,4250.0,4200.0
28.06.2022,Galle,C-4,4050.0,4025.0
28.06.2022,Galle,H-1,4000.0,4000.0
28.06.2022,Galle,H-2,3950.0,3875.0
28.06.2022,Matara,Alba,5550.0,5513.0
28.06.2022,Matara,C-5 Sp,5200.0,4900.0
28.06.2022,Matara,C-5,4700.0,4338.0
28.06.2022,Matara,M-5,4100.0,4050.0
28.06.2022,Kalutara,H-2,2100.0,2100.0
28.06.2022,Matara,H-1,4000.0,3960.0
28.06.2022,Matara,H-2,3900.0,3781.0
28.06.2022,Matara,H-Faq,3700.0,3400.0
28.06.2022,Hambantota,C-5,4300.0,4250.0
28.06.2022,Hambantota,C-4,4100.0,4075.0
28.06.2022,Hambantota,H-1,3900.0,3900.0
28.06.2022,Hambantota,H-2,3850.0,3825.0
28.06.2022,Monaragala,H-1,3000.0,2900.0
28.06.2022,Monaragala,H-2,2700.0,2650.0
28.06.2022,Monaragala,Heen,2000.0,1800.0
28.06.2022,Monaragala,Gorosu,1500.0,1425.0
28.06.2022,Matara,M-4,4000.0,4000.0
28.06.2022,Kalutara,H-1,2700.0,2665.0
28.06.2022,Ratnapura,Alba,5000.0,4900.0
28.06.2022,Kalutara,M-5,3500.0,3485.0
28.06.2022,Ratnapura,C-5 Sp,4750.0,4716.0
28.06.2022,Ratnapura,C-5,4450.0,4416.0
28.06.2022,Ratnapura,C-4,4150.0,4050.0
28.06.2022,Ratnapura,M-5,3600.0,3500.0
28.06.2022,Ratnapura,M-4,3600.0,3500.0
28.06.2022,Ratnapura,H-1,3500.0,3400.0
28.06.2022,Ratnapura,H-2,2900.0,2800.0
28.06.2022,Badulla,Heen,3800.0,2900.0
28.06.2022,Badulla,Gorosu,2750.0,2075.0
28.06.2022,Kurunegala,Heen,3500.0,3500.0
28.06.2022,Kurunegala,Gorosu,2400.0,2000.0
28.06.2022,Kalutara,M-4,3000.0,2980.0
28.06.2022,Colombo,C-5,4600.0,4600.0
28.06.2022,Colombo,C-4,4200.0,4200.0
28.06.2022,Colombo,H-1,4000.0,4000.0
28.06.2022,Colombo,H-2,3900.0,3900.0
28.06.2022,Gampaha,C-5,3200.0,3133.0
28.06.2022,Gampaha,C-4,2800.0,2766.0
28.06.2022,Gampaha,Gorosu,2500.0,2400.0
28.06.2022,Kalutara,Alba,4200.0,4190.0
28.06.2022,Kalutara,C-5 Sp,4000.0,3965.0
28.06.2022,Kalutara,C-5,3900.0,3890.0
28.06.2022,Kalutara,C-4,3700.0,3670.0
28.06.2022,Colombo,C-5 Sp,4800.0,4800.0
05.07.2022,Matara,C-5,4300.0,4283.0
05.07.2022,Matara,C-5 Sp,5000.0,4867.0
05.07.2022,Matara,Alba,5600.0,5533.0
05.07.2022,Galle,H-2,3700.0,3650.0
05.07.2022,Galle,Alba,4800.0,4750.0
05.07.2022,Galle,C-4,3900.0,3850.0
05.07.2022,Galle,C-5,4000.0,3950.0
05.07.2022,Galle,C-5 Sp,4200.0,4150.0
05.07.2022,Matara,C-4,4100.0,4075.0
05.07.2022,Galle,H-1,3800.0,3750.0
05.07.2022,Matara,M-5,4000.0,4000.0
05.07.2022,Hambantota,C-4,3900.0,3900.0
05.07.2022,Matara,H-1,3850.0,3790.0
05.07.2022,Matara,H-2,3800.0,3606.0
05.07.2022,Matara,H-Faq,3400.0,3200.0
05.07.2022,Hambantota,C-5,4100.0,4050.0
05.07.2022,Hambantota,H-1,3800.0,3800.0
05.07.2022,Hambantota,H-2,3700.0,3700.0
05.07.2022,Monaragala,H-1,3000.0,2900.0
05.07.2022,Monaragala,H-2,2800.0,2750.0
05.07.2022,Monaragala,Heen,1900.0,1850.0
05.07.2022,Monaragala,Gorosu,1500.0,1425.0
05.07.2022,Kalutara,H-2,2100.0,2100.0
05.07.2022,Matara,M-4,3950.0,3925.0
05.07.2022,Kalutara,H-1,2700.0,2665.0
05.07.2022,Kalutara,M-5,3500.0,3485.0
05.07.2022,Ratnapura,Alba,5000.0,5000.0
05.07.2022,Kalutara,M-4,3000.0,2980.0
05.07.2022,Ratnapura,C-5 Sp,4500.0,4366.0
05.07.2022,Ratnapura,C-5,4200.0,4166.0
05.07.2022,Ratnapura,C-4,4000.0,3933.0
05.07.2022,Ratnapura,M-5,3600.0,3550.0
05.07.2022,Ratnapura,M-4,3600.0,3550.0
05.07.2022,Ratnapura,H-1,3500.0,3466.0
05.07.2022,Badulla,Heen,3800.0,2708.0
05.07.2022,Badulla,Gorosu,3100.0,2108.0
05.07.2022,Kurunegala,Heen,3000.0,3000.0
05.07.2022,Kurunegala,Gorosu,2000.0,1867.0
05.07.2022,Ratnapura,H-2,3100.0,3033.0
05.07.2022,Colombo,C-5,4600.0,4600.0
05.07.2022,Colombo,C-5 Sp,4800.0,4800.0
05.07.2022,Kalutara,C-5,3900.0,3890.0
05.07.2022,Kalutara,C-5 Sp,4000.0,3965.0
05.07.2022,Kalutara,Alba,4200.0,4190.0
05.07.2022,Gampaha,Gorosu,2500.0,2460.0
05.07.2022,Kalutara,C-4,3700.0,3670.0
05.07.2022,Gampaha,C-5,3200.0,3100.0
05.07.2022,Colombo,H-2,3800.0,3800.0
05.07.2022,Colombo,H-1,4000.0,4000.0
05.07.2022,Colombo,C-4,4200.0,4200.0
05.07.2022,Gampaha,C-4,2700.0,2600.0
12.07.2022,Matara,M-5,3900.0,3800.0
12.07.2022,Galle,C-5 Sp,4800.0,4750.0
12.07.2022,Galle,C-5,4100.0,4000.0
12.07.2022,Galle,C-4,3800.0,3750.0
12.07.2022,Galle,H-1,3650.0,3600.0
12.07.2022,Galle,H-2,3550.0,3500.0
12.07.2022,Matara,Alba,5600.0,5550.0
12.07.2022,Matara,C-5 Sp,5200.0,5000.0
12.07.2022,Matara,C-5,5000.0,4500.0
12.07.2022,Matara,C-4,4000.0,3867.0
12.07.2022,Matara,M-4,3800.0,3717.0
12.07.2022,Galle,Alba,5100.0,5000.0
12.07.2022,Matara,H-2,3600.0,3485.0
12.07.2022,Matara,H-Faq,3200.0,3100.0
12.07.2022,Hambantota,C-5,3900.0,3900.0
12.07.2022,Hambantota,C-4,3850.0,3825.0
12.07.2022,Hambantota,H-1,3700.0,3700.0
12.07.2022,Hambantota,H-2,3600.0,3600.0
12.07.2022,Monaragala,H-1,3000.0,2850.0
12.07.2022,Monaragala,H-2,2800.0,2750.0
12.07.2022,Monaragala,Heen,2000.0,1900.0
12.07.2022,Monaragala,Gorosu,1500.0,1425.0
12.07.2022,Matara,H-1,3700.0,3620.0
12.07.2022,Kalutara,H-2,2100.0,2100.0
12.07.2022,Kalutara,H-1,2700.0,2670.0
12.07.2022,Kalutara,M-4,3000.0,2980.0
12.07.2022,Ratnapura,Alba,5000.0,4950.0
12.07.2022,Ratnapura,C-5 Sp,4550.0,4300.0
12.07.2022,Ratnapura,C-5,4100.0,4000.0
12.07.2022,Ratnapura,C-4,4000.0,3866.0
12.07.2022,Ratnapura,M-5,3400.0,3300.0
12.07.2022,Ratnapura,M-4,3400.0,3300.0
12.07.2022,Ratnapura,H-2,3000.0,2950.0
12.07.2022,Badulla,Heen,3700.0,2683.0
12.07.2022,Badulla,Gorosu,3200.0,2050.0
12.07.2022,Kurunegala,Heen,3000.0,3000.0
12.07.2022,Ratnapura,H-1,3100.0,3100.0
12.07.2022,Colombo,H-1,3700.0,3700.0
12.07.2022,Kurunegala,Gorosu,2000.0,1867.0
12.07.2022,Kalutara,C-4,3700.0,3670.0
12.07.2022,Kalutara,C-5,3900.0,3890.0
12.07.2022,Kalutara,C-5 Sp,4000.0,3985.0
12.07.2022,Kalutara,Alba,4200.0,4190.0
12.07.2022,Kalutara,M-5,3500.0,3485.0
12.07.2022,Gampaha,C-4,2800.0,2675.0
12.07.2022,Gampaha,C-5,3200.0,3100.0
12.07.2022,Colombo,H-2,3600.0,3600.0
12.07.2022,Gampaha,Gorosu,2400.0,2225.0
19.07.2022,Matara,C-4,4000.0,3786.0
19.07.2022,Galle,Alba,5300.0,5200.0
19.07.2022,Galle,C-5 Sp,4500.0,4500.0
19.07.2022,Galle,C-5,4000.0,3900.0
19.07.2022,Galle,C-4,3750.0,3750.0
19.07.2022,Galle,H-1,3600.0,3550.0
19.07.2022,Galle,H-2,3500.0,3480.0
19.07.2022,Matara,Alba,5600.0,5525.0
19.07.2022,Matara,C-5 Sp,5250.0,4971.0
19.07.2022,Matara,C-5,5000.0,4500.0
19.07.2022,Matara,M-5,3800.0,3750.0
19.07.2022,Monaragala,Gorosu,1400.0,1350.0
19.07.2022,Matara,H-1,3700.0,3617.0
19.07.2022,Matara,H-2,3600.0,3421.0
19.07.2022,Matara,H-Faq,3200.0,3040.0
19.07.2022,Hambantota,C-5,3800.0,3750.0
19.07.2022,Hambantota,C-4,3700.0,3700.0
19.07.2022,Hambantota,H-1,3600.0,3550.0
19.07.2022,Hambantota,H-2,3400.0,3400.0
19.07.2022,Monaragala,H-1,3000.0,2850.0
19.07.2022,Monaragala,H-2,2700.0,2600.0
19.07.2022,Monaragala,Heen,2000.0,1900.0
19.07.2022,Kalutara,H-2,2900.0,2900.0
19.07.2022,Matara,M-4,3800.0,3717.0
19.07.2022,Kalutara,M-4,3500.0,3470.0
19.07.2022,Kalutara,H-1,3200.0,3165.0
19.07.2022,Ratnapura,Alba,5000.0,5000.0
19.07.2022,Kalutara,M-5,3700.0,3665.0
19.07.2022,Ratnapura,C-5 Sp,4550.0,4516.0
19.07.2022,Ratnapura,C-5,3950.0,3916.0
19.07.2022,Ratnapura,C-4,3650.0,3630.0
19.07.2022,Ratnapura,M-5,3600.0,3583.0
19.07.2022,Ratnapura,M-4,3600.0,3583.0
19.07.2022,Ratnapura,H-1,3300.0,3250.0
19.07.2022,Badulla,Heen,3800.0,2625.0
19.07.2022,Badulla,Gorosu,3150.0,2004.0
19.07.2022,Kurunegala,Heen,3000.0,3000.0
19.07.2022,Kurunegala,Gorosu,2000.0,1867.0
19.07.2022,Ratnapura,H-2,3000.0,2900.0
19.07.2022,Colombo,C-5,4600.0,4600.0
19.07.2022,Colombo,C-5 Sp,4800.0,4800.0
19.07.2022,Kalutara,C-5,4300.0,4290.0
19.07.2022,Kalutara,C-5 Sp,4500.0,4485.0
19.07.2022,Kalutara,Alba,4800.0,4770.0
19.07.2022,Gampaha,Gorosu,2500.0,2440.0
19.07.2022,Kalutara,C-4,4000.0,3970.0
19.07.2022,Gampaha,C-5,3200.0,3200.0
19.07.2022,Colombo,H-2,3600.0,3600.0
19.07.2022,Colombo,H-1,3700.0,3700.0
19.07.2022,Colombo,C-4,3800.0,3800.0
19.07.2022,Gampaha,C-4,2800.0,2700.0
26.07.2022,Matara,C-4,4000.0,3867.0
26.07.2022,Galle,Alba,5000.0,4950.0
26.07.2022,Galle,C-5 Sp,4800.0,4750.0
26.07.2022,Galle,C-5,4000.0,3900.0
26.07.2022,Galle,C-4,3800.0,3750.0
26.07.2022,Galle,H-1,3600.0,3580.0
26.07.2022,Galle,H-2,3550.0,3500.0
26.07.2022,Matara,Alba,5600.0,5567.0
26.07.2022,Matara,C-5 Sp,5200.0,5100.0
26.07.2022,Matara,C-5,4800.0,4550.0
26.07.2022,Matara,M-5,3850.0,3850.0
26.07.2022,Kalutara,H-2,3000.0,3000.0
26.07.2022,Matara,H-1,3750.0,3700.0
26.07.2022,Matara,H-2,3650.0,3586.0
26.07.2022,Matara,H-Faq,3200.0,2900.0
26.07.2022,Hambantota,C-5,4000.0,3900.0
26.07.2022,Hambantota,C-4,3850.0,3800.0
26.07.2022,Hambantota,H-1,3700.0,3650.0
26.07.2022,Hambantota,H-2,3600.0,3550.0
26.07.2022,Monaragala,H-1,3000.0,2950.0
26.07.2022,Monaragala,H-2,2800.0,2750.0
26.07.2022,Monaragala,Gorosu,1500.0,1400.0
26.07.2022,Monaragala,Heen,2000.0,1850.0
26.07.2022,Matara,M-4,3750.0,3750.0
26.07.2022,Kalutara,H-1,3200.0,3165.0
26.07.2022,Ratnapura,C-5 Sp,5000.0,4900.0
26.07.2022,Kalutara,M-5,3700.0,3665.0
26.07.2022,Ratnapura,Alba,5500.0,5366.0
26.07.2022,Ratnapura,C-5,4500.0,4450.0
26.07.2022,Ratnapura,C-4,3400.0,3350.0
26.07.2022,Ratnapura,M-5,3380.0,3343.0
26.07.2022,Ratnapura,M-4,3380.0,3343.0
26.07.2022,Ratnapura,H-1,3300.0,3250.0
26.07.2022,Ratnapura,H-2,3200.0,3150.0
26.07.2022,Badulla,Heen,3700.0,2708.0
26.07.2022,Badulla,Gorosu,3200.0,2175.0
26.07.2022,Kurunegala,Heen,2500.0,2500.0
26.07.2022,Kurunegala,Gorosu,1800.0,1800.0
26.07.2022,Kalutara,M-4,3500.0,3470.0
26.07.2022,Colombo,C-5,4600.0,4600.0
26.07.2022,Colombo,C-4,4500.0,4500.0
26.07.2022,Colombo,H-1,3700.0,3700.0
26.07.2022,Colombo,H-2,3500.0,3500.0
26.07.2022,Gampaha,C-5,3200.0,3150.0
26.07.2022,Gampaha,C-4,3000.0,2800.0
26.07.2022,Gampaha,Gorosu,2600.0,2400.0
26.07.2022,Kalutara,Alba,4800.0,4770.0
26.07.2022,Kalutara,C-5 Sp,4500.0,4485.0
26.07.2022,Kalutara,C-5,4300.0,4290.0
26.07.2022,Kalutara,C-4,4000.0,3970.0
26.07.2022,Colombo,C-5 Sp,4800.0,4800.0
02.08.2022,Matara,C-5 Sp,5200.0,4900.0
02.08.2022,Matara,Alba,5600.0,5550.0
02.08.2022,Galle,H-2,3550.0,3525.0
02.08.2022,Galle,H-1,3650.0,3625.0
02.08.2022,Kalutara,H-2,3000.0,3000.0
02.08.2022,Galle,C-5,4100.0,4050.0
02.08.2022,Galle,C-5 Sp,4500.0,4425.0
02.08.2022,Galle,Alba,5000.0,5000.0
02.08.2022,Matara,C-5,5000.0,4500.0
02.08.2022,Galle,C-4,3800.0,3775.0
02.08.2022,Matara,C-4,4100.0,3892.0
02.08.2022,Hambantota,C-5,4000.0,3950.0
02.08.2022,Matara,M-4,3800.0,3750.0
02.08.2022,Matara,H-1,3700.0,3662.0
02.08.2022,Matara,H-2,3750.0,3578.0
02.08.2022,Matara,H-Faq,3200.0,3075.0
02.08.2022,Hambantota,C-4,3900.0,3850.0
02.08.2022,Hambantota,H-1,3700.0,3675.0
02.08.2022,Hambantota,H-2,3600.0,3600.0
02.08.2022,Monaragala,H-1,3000.0,3000.0
02.08.2022,Monaragala,H-2,2800.0,2700.0
02.08.2022,Monaragala,Heen,2000.0,1800.0
02.08.2022,Kalutara,H-1,3200.0,3165.0
02.08.2022,Matara,M-5,3900.0,3817.0
02.08.2022,Kalutara,M-4,3500.0,3470.0
02.08.2022,Monaragala,Gorosu,1500.0,1425.0
02.08.2022,Kalutara,C-4,4000.0,3970.0
02.08.2022,Ratnapura,Alba,5300.0,5230.0
02.08.2022,Ratnapura,C-5 Sp,4500.0,4425.0
02.08.2022,Ratnapura,C-5,4200.0,4000.0
02.08.2022,Ratnapura,C-4,3500.0,3488.0
02.08.2022,Ratnapura,M-5,3400.0,3362.0
02.08.2022,Ratnapura,M-4,3400.0,3362.0
02.08.2022,Ratnapura,H-1,3300.0,3150.0
02.08.2022,Ratnapura,H-2,3000.0,2888.0
02.08.2022,Badulla,Heen,2700.0,2600.0
02.08.2022,Badulla,Gorosu,2000.0,1750.0
02.08.2022,Kurunegala,Heen,2500.0,2500.0
02.08.2022,Kalutara,M-5,3700.0,3665.0
02.08.2022,Colombo,C-5 Sp,4800.0,4800.0
02.08.2022,Colombo,C-5,4500.0,4500.0
02.08.2022,Colombo,C-4,4100.0,4100.0
02.08.2022,Colombo,H-1,3600.0,3600.0
02.08.2022,Colombo,H-2,3500.0,3500.0
02.08.2022,Gampaha,C-5,3500.0,3250.0
02.08.2022,Gampaha,C-4,3100.0,2950.0
02.08.2022,Gampaha,Gorosu,2600.0,2500.0
02.08.2022,Kalutara,Alba,4800.0,4770.0
02.08.2022,Kalutara,C-5 Sp,4500.0,4485.0
02.08.2022,Kalutara,C-5,4300.0,4290.0
02.08.2022,Kurunegala,Gorosu,1900.0,1833.0
09.08.2022,Matara,C-5 Sp,5200.0,4967.0
09.08.2022,Matara,Alba,5600.0,5562.0
09.08.2022,Galle,H-2,3500.0,3500.0
09.08.2022,Galle,H-1,3600.0,3600.0
09.08.2022,Kalutara,H-2,3000.0,3000.0
09.08.2022,Galle,C-5,3900.0,3850.0
09.08.2022,Galle,C-5 Sp,4400.0,4375.0
09.08.2022,Galle,Alba,5000.0,5000.0
09.08.2022,Matara,C-5,5000.0,4225.0
09.08.2022,Galle,C-4,3750.0,3725.0
09.08.2022,Matara,C-4,3900.0,3833.0
09.08.2022,Hambantota,C-5,3850.0,3825.0
09.08.2022,Matara,M-4,3700.0,3667.0
09.08.2022,Matara,H-1,3600.0,3525.0
09.08.2022,Matara,H-2,3600.0,3493.0
09.08.2022,Matara,H-Faq,3200.0,3000.0
09.08.2022,Hambantota,C-4,3800.0,3750.0
09.08.2022,Hambantota,H-1,3650.0,3575.0
09.08.2022,Hambantota,H-2,3600.0,3500.0
09.08.2022,Monaragala,H-1,2800.0,2700.0
09.08.2022,Monaragala,H-2,2600.0,2450.0
09.08.2022,Monaragala,Heen,2000.0,1800.0
09.08.2022,Kalutara,H-1,3200.0,3165.0
09.08.2022,Matara,M-5,3800.0,3767.0
09.08.2022,Monaragala,Gorosu,1500.0,1300.0
09.08.2022,Kalutara,M-4,3500.0,3470.0
09.08.2022,Kalutara,C-4,4000.0,3970.0
09.08.2022,Kalutara,M-5,3700.0,3665.0
09.08.2022,Ratnapura,Alba,5100.0,5033.0
09.08.2022,Ratnapura,C-5 Sp,4600.0,4533.0
09.08.2022,Ratnapura,C-5,4400.0,4400.0
09.08.2022,Ratnapura,C-4,3800.0,3666.0
09.08.2022,Ratnapura,M-5,3600.0,3550.0
09.08.2022,Ratnapura,M-4,3600.0,3550.0
09.08.2022,Ratnapura,H-2,2650.0,2583.0
09.08.2022,Badulla,Heen,3600.0,2733.0
09.08.2022,Badulla,Gorosu,3000.0,2166.0
09.08.2022,Kurunegala,Heen,2500.0,2500.0
09.08.2022,Ratnapura,H-1,3300.0,3250.0
09.08.2022,Colombo,C-5 Sp,4800.0,4800.0
09.08.2022,Kurunegala,Gorosu,1800.0,1800.0
09.08.2022,Kalutara,C-5 Sp,4500.0,4485.0
09.08.2022,Kalutara,Alba,4800.0,4780.0
09.08.2022,Gampaha,Gorosu,2600.0,2525.0
09.08.2022,Gampaha,C-4,3200.0,2965.0
09.08.2022,Kalutara,C-5,4300.0,4290.0
09.08.2022,Colombo,H-2,3500.0,3500.0
09.08.2022,Colombo,H-1,3700.0,3700.0
09.08.2022,Colombo,C-4,3800.0,3800.0
09.08.2022,Colombo,C-5,4200.0,4200.0
09.08.2022,Gampaha,C-5,3500.0,3300.0
16.08.2022,Matara,C-4,4000.0,3825.0
16.08.2022,Galle,Alba,5000.0,5000.0
16.08.2022,Galle,C-5 Sp,4400.0,4375.0
16.08.2022,Galle,C-5,3800.0,3775.0
16.08.2022,Galle,C-4,3700.0,3675.0
16.08.2022,Galle,H-1,3550.0,3525.0
16.08.2022,Galle,H-2,3450.0,3425.0
16.08.2022,Matara,Alba,5650.0,5562.0
16.08.2022,Matara,C-5 Sp,5300.0,4993.0
16.08.2022,Matara,C-5,5000.0,4112.0
16.08.2022,Matara,M-5,3750.0,3675.0
16.08.2022,Kalutara,H-2,3000.0,3000.0
16.08.2022,Matara,H-1,3600.0,3537.0
16.08.2022,Matara,H-2,3500.0,3414.0
16.08.2022,Matara,H-Faq,3200.0,2925.0
16.08.2022,Hambantota,C-5,3750.0,3725.0
16.08.2022,Hambantota,C-4,3700.0,3650.0
16.08.2022,Hambantota,H-1,3500.0,3500.0
16.08.2022,Hambantota,H-2,3400.0,3350.0
16.08.2022,Monaragala,H-1,2800.0,2700.0
16.08.2022,Monaragala,H-2,2500.0,2466.0
16.08.2022,Monaragala,Heen,2000.0,1950.0
16.08.2022,Monaragala,Gorosu,1500.0,1400.0
16.08.2022,Matara,M-4,3800.0,3667.0
16.08.2022,Kalutara,H-1,3200.0,3165.0
16.08.2022,Colombo,C-5,4500.0,4500.0
16.08.2022,Kalutara,M-5,3700.0,3670.0
16.08.2022,Ratnapura,C-5 Sp,4800.0,4850.0
16.08.2022,Ratnapura,C-5,4300.0,4250.0
16.08.2022,Ratnapura,C-4,3800.0,3750.0
16.08.2022,Ratnapura,M-5,3650.0,3566.0
16.08.2022,Ratnapura,M-4,3650.0,3566.0
16.08.2022,Ratnapura,H-1,3500.0,3483.0
16.08.2022,Ratnapura,H-2,3200.0,3033.0
16.08.2022,Badulla,Heen,3600.0,2700.0
16.08.2022,Badulla,Gorosu,3000.0,2166.0
16.08.2022,Kurunegala,Heen,3000.0,3000.0
16.08.2022,Kurunegala,Gorosu,2000.0,1867.0
16.08.2022,Ratnapura,Alba,5200.0,5166.0
16.08.2022,Kalutara,M-4,3500.0,3470.0
16.08.2022,Colombo,C-4,3700.0,3700.0
16.08.2022,Colombo,H-1,3500.0,3500.0
16.08.2022,Colombo,H-2,3400.0,3400.0
16.08.2022,Gampaha,C-5,3500.0,3275.0
16.08.2022,Gampaha,C-4,3200.0,2875.0
16.08.2022,Gampaha,Gorosu,2700.0,2600.0
16.08.2022,Kalutara,Alba,4800.0,4790.0
16.08.2022,Kalutara,C-5 Sp,4500.0,4485.0
16.08.2022,Kalutara,C-5,4300.0,4290.0
16.08.2022,Kalutara,C-4,4000.0,3970.0
16.08.2022,Colombo,C-5 Sp,4700.0,4700.0
23.08.2022,Matara,C-4,3850.0,3742.0
23.08.2022,Matara,C-5,5000.0,4150.0
23.08.2022,Matara,C-5 Sp,5200.0,4900.0
23.08.2022,Matara,Alba,5700.0,5550.0
23.08.2022,Galle,C-5 Sp,4100.0,4100.0
23.08.2022,Galle,H-1,3600.0,3510.0
23.08.2022,Galle,C-4,3700.0,3700.0
23.08.2022,Galle,C-5,3800.0,3800.0
23.08.2022,Matara,M-5,3750.0,3725.0
23.08.2022,Galle,H-2,3500.0,3475.0
23.08.2022,Matara,M-4,3700.0,3667.0
23.08.2022,Hambantota,H-1,3500.0,3500.0
23.08.2022,Matara,H-2,3550.0,3450.0
23.08.2022,Matara,H-Faq,3200.0,2800.0
23.08.2022,Hambantota,C-5,3800.0,3775.0
23.08.2022,Hambantota,C-4,3700.0,3700.0
23.08.2022,Hambantota,H-2,3400.0,3400.0
23.08.2022,Monaragala,H-1,3000.0,2800.0
23.08.2022,Monaragala,H-2,2600.0,2500.0
23.08.2022,Monaragala,Heen,1900.0,1800.0
23.08.2022,Monaragala,Gorosu,1400.0,1375.0
23.08.2022,Galle,Alba,5500.0,5500.0
23.08.2022,Matara,H-1,3650.0,3562.0
23.08.2022,Kalutara,H-2,3000.0,3000.0
23.08.2022,Kalutara,H-1,3200.0,3165.0
23.08.2022,Kalutara,M-4,3500.0,3475.0
23.08.2022,Ratnapura,Alba,5200.0,5166.0
23.08.2022,Ratnapura,C-5 Sp,4800.0,4733.0
23.08.2022,Ratnapura,C-5,4200.0,4133.0
23.08.2022,Ratnapura,C-4,3600.0,3516.0
23.08.2022,Ratnapura,H-1,3300.0,3266.0
23.08.2022,Ratnapura,H-2,3000.0,2900.0
23.08.2022,Badulla,Gorosu,3000.0,2250.0
23.08.2022,Kurunegala,Heen,2500.0,2500.0
23.08.2022,Kurunegala,Gorosu,1800.0,1800.0
23.08.2022,Colombo,C-5 Sp,4700.0,4700.0
23.08.2022,Colombo,C-5,4500.0,4500.0
23.08.2022,Badulla,Heen,3700.0,2783.0
23.08.2022,Colombo,H-1,3500.0,3500.0
23.08.2022,Colombo,C-4,3800.0,3800.0
23.08.2022,Kalutara,C-4,4000.0,3970.0
23.08.2022,Kalutara,C-5,4300.0,4290.0
23.08.2022,Kalutara,C-5 Sp,4500.0,4485.0
23.08.2022,Kalutara,Alba,4800.0,4790.0
23.08.2022,Kalutara,M-5,3700.0,3665.0
23.08.2022,Gampaha,C-4,2800.0,2725.0
23.08.2022,Gampaha,C-5,3200.0,3100.0
23.08.2022,Colombo,H-2,3400.0,3400.0
23.08.2022,Gampaha,Gorosu,2500.0,2300.0
30.08.2022,Matara,C-4,3800.0,3725.0
30.08.2022,Galle,Alba,5500.0,5400.0
30.08.2022,Galle,C-5 Sp,4200.0,4175.0
30.08.2022,Galle,C-5,3800.0,3775.0
30.08.2022,Galle,C-4,3700.0,3675.0
30.08.2022,Galle,H-1,3500.0,3450.0
30.08.2022,Galle,H-2,3300.0,3275.0
30.08.2022,Matara,Alba,5700.0,5575.0
30.08.2022,Matara,C-5 Sp,5000.0,4600.0
30.08.2022,Matara,C-5,4000.0,3862.0
30.08.2022,Matara,M-5,3750.0,3675.0
30.08.2022,Monaragala,Gorosu,1500.0,1400.0
30.08.2022,Matara,H-1,3500.0,3425.0
30.08.2022,Matara,H-2,3400.0,3375.0
30.08.2022,Matara,H-Faq,3000.0,2750.0
30.08.2022,Hambantota,C-5,3800.0,3775.0
30.08.2022,Hambantota,C-4,3700.0,3700.0
30.08.2022,Hambantota,H-1,3500.0,3475.0
30.08.2022,Hambantota,H-2,3400.0,3350.0
30.08.2022,Monaragala,H-1,2800.0,2650.0
30.08.2022,Monaragala,H-2,2600.0,2500.0
30.08.2022,Monaragala,Heen,1800.0,1738.0
30.08.2022,Kalutara,H-2,3000.0,3000.0
30.08.2022,Matara,M-4,3650.0,3583.0
30.08.2022,Kalutara,M-4,3500.0,3470.0
30.08.2022,Kalutara,H-1,3200.0,3170.0
30.08.2022,Kalutara,M-5,3700.0,3665.0
30.08.2022,Ratnapura,Alba,5100.0,5066.0
30.08.2022,Ratnapura,C-5 Sp,4500.0,4483.0
30.08.2022,Ratnapura,C-5,3700.0,3616.0
30.08.2022,Ratnapura,C-4,3550.0,3516.0
30.08.2022,Ratnapura,M-5,3400.0,3366.0
30.08.2022,Ratnapura,M-4,3400.0,3366.0
30.08.2022,Ratnapura,H-2,3000.0,2933.0
30.08.2022,Badulla,Heen,3800.0,2625.0
30.08.2022,Badulla,Gorosu,3100.0,1833.0
30.08.2022,Kurunegala,Heen,2500.0,2500.0
30.08.2022,Kurunegala,Gorosu,2000.0,1932.0
30.08.2022,Ratnapura,H-1,3300.0,3250.0
30.08.2022,Colombo,C-5,4000.0,4000.0
30.08.2022,Colombo,C-5 Sp,4200.0,4200.0
30.08.2022,Kalutara,C-5,4300.0,4290.0
30.08.2022,Kalutara,C-5 Sp,4500.0,4485.0
30.08.2022,Kalutara,Alba,4800.0,4790.0
30.08.2022,Gampaha,Gorosu,2200.0,2100.0
30.08.2022,Kalutara,C-4,4000.0,3980.0
30.08.2022,Gampaha,C-5,2700.0,2635.0
30.08.2022,Colombo,H-2,3200.0,3200.0
30.08.2022,Colombo,H-1,3400.0,3400.0
30.08.2022,Colombo,C-4,3600.0,3600.0
30.08.2022,Gampaha,C-4,2500.0,2450.0
06.09.2022,Matara,C-4,3900.0,3717.0
06.09.2022,Matara,C-5,5000.0,4100.0
06.09.2022,Matara,C-5 Sp,5200.0,4567.0
06.09.2022,Matara,Alba,5700.0,5575.0
06.09.2022,Galle,H-2,3400.0,3375.0
06.09.2022,Galle,C-5,3800.0,3800.0
06.09.2022,Galle,C-4,3750.0,3725.0
06.09.2022,Galle,C-5 Sp,4300.0,4250.0
06.09.2022,Galle,Alba,5500.0,5450.0
06.09.2022,Kalutara,H-2,3000.0,3000.0
06.09.2022,Galle,H-1,3500.0,3450.0
06.09.2022,Matara,M-5,3650.0,3625.0
06.09.2022,Kalutara,M-4,3500.0,3470.0
06.09.2022,Matara,H-1,3500.0,3500.0
06.09.2022,Matara,H-2,3450.0,3329.0
06.09.2022,Matara,H-Faq,3000.0,2625.0
06.09.2022,Hambantota,C-5,3800.0,3775.0
06.09.2022,Hambantota,C-4,3700.0,3650.0
06.09.2022,Hambantota,H-1,3400.0,3400.0
06.09.2022,Hambantota,H-2,3300.0,3300.0
06.09.2022,Monaragala,H-1,2800.0,2600.0
06.09.2022,Monaragala,H-2,2500.0,2450.0
06.09.2022,Monaragala,Heen,1800.0,1700.0
06.09.2022,Kalutara,H-1,3200.0,3165.0
06.09.2022,Matara,M-4,3600.0,3600.0
06.09.2022,Monaragala,Gorosu,1500.0,1400.0
06.09.2022,Gampaha,C-4,2700.0,2625.0
06.09.2022,Kalutara,C-4,4000.0,3970.0
06.09.2022,Ratnapura,Alba,5300.0,5216.0
06.09.2022,Ratnapura,C-5 Sp,4150.0,4083.0
06.09.2022,Ratnapura,C-5,3850.0,3816.0
06.09.2022,Ratnapura,C-4,3700.0,3650.0
06.09.2022,Ratnapura,M-5,3200.0,3150.0
06.09.2022,Ratnapura,M-4,3200.0,3150.0
06.09.2022,Kalutara,M-5,3700.0,3665.0
06.09.2022,Ratnapura,H-2,2850.0,2816.0
06.09.2022,Badulla,Heen,3700.0,2625.0
06.09.2022,Badulla,Gorosu,2600.0,1833.0
06.09.2022,Kurunegala,Heen,3000.0,3000.0
06.09.2022,Ratnapura,H-1,3050.0,3016.0
06.09.2022,Colombo,C-5 Sp,4200.0,4200.0
06.09.2022,Kurunegala,Gorosu,2000.0,1867.0
06.09.2022,Kalutara,C-5 Sp,4500.0,4485.0
06.09.2022,Kalutara,Alba,4800.0,4790.0
06.09.2022,Gampaha,Gorosu,2500.0,2375.0
06.09.2022,Kalutara,C-5,4300.0,4290.0
06.09.2022,Colombo,H-2,3100.0,3100.0
06.09.2022,Colombo,H-1,3300.0,3300.0
06.09.2022,Colombo,C-4,3650.0,3650.0
06.09.2022,Colombo,C-5,4000.0,4000.0
06.09.2022,Gampaha,C-5,3000.0,3000.0
13.09.2022,Matara,C-4,3900.0,3730.0
13.09.2022,Galle,Alba,5500.0,5400.0
13.09.2022,Galle,C-5 Sp,4500.0,4450.0
13.09.2022,Galle,C-5,3700.0,3650.0
13.09.2022,Galle,C-4,3600.0,3550.0
13.09.2022,Galle,H-1,3250.0,3225.0
13.09.2022,Galle,H-2,3150.0,3125.0
13.09.2022,Matara,Alba,6000.0,5675.0
13.09.2022,Matara,C-5 Sp,5000.0,4267.0
13.09.2022,Matara,C-5,4000.0,3800.0
13.09.2022,Matara,M-5,3700.0,3700.0
13.09.2022,Kalutara,H-2,2800.0,2800.0
13.09.2022,Matara,H-1,3500.0,3400.0
13.09.2022,Matara,H-2,3300.0,3175.0
13.09.2022,Matara,H-Faq,3000.0,2900.0
13.09.2022,Hambantota,C-5,3800.0,3775.0
13.09.2022,Hambantota,C-4,3700.0,3650.0
13.09.2022,Hambantota,H-1,3300.0,3300.0
13.09.2022,Hambantota,H-2,3200.0,3150.0
13.09.2022,Monaragala,H-1,2700.0,2600.0
13.09.2022,Monaragala,H-2,2500.0,2450.0
13.09.2022,Monaragala,Heen,1800.0,1700.0
13.09.2022,Monaragala,Gorosu,1500.0,1400.0
13.09.2022,Matara,M-4,3600.0,3600.0
13.09.2022,Kalutara,H-1,2900.0,2900.0
13.09.2022,Ratnapura,C-5 Sp,4600.0,4566.0
13.09.2022,Kalutara,M-5,3100.0,3070.0
13.09.2022,Kalutara,M-4,3000.0,2985.0
13.09.2022,Ratnapura,C-5,4250.0,4083.0
13.09.2022,Ratnapura,C-4,3900.0,3733.0
13.09.2022,Ratnapura,M-5,3600.0,3533.0
13.09.2022,Ratnapura,M-4,3600.0,3533.0
13.09.2022,Ratnapura,H-1,3200.0,3066.0
13.09.2022,Ratnapura,H-2,3000.0,2900.0
13.09.2022,Badulla,Heen,3800.0,2791.0
13.09.2022,Badulla,Gorosu,3100.0,2141.0
13.09.2022,Kurunegala,Heen,3500.0,3500.0
13.09.2022,Kurunegala,Gorosu,2000.0,1867.0
13.09.2022,Ratnapura,Alba,6000.0,5633.0
13.09.2022,Colombo,C-5,3800.0,3800.0
13.09.2022,Colombo,C-4,3400.0,3400.0
13.09.2022,Colombo,H-1,3200.0,3200.0
13.09.2022,Colombo,H-2,3000.0,3000.0
13.09.2022,Gampaha,C-5,3000.0,2760.0
13.09.2022,Gampaha,C-4,2500.0,2425.0
13.09.2022,Gampaha,Gorosu,2400.0,2100.0
13.09.2022,Kalutara,Alba,4800.0,4800.0
13.09.2022,Kalutara,C-5 Sp,4100.0,4070.0
13.09.2022,Kalutara,C-5,3500.0,3490.0
13.09.2022,Kalutara,C-4,3400.0,3390.0
13.09.2022,Colombo,C-5 Sp,4100.0,4100.0
20.09.2022,Matara,C-5 Sp,5000.0,4667.0
20.09.2022,Matara,Alba,5750.0,5538.0
20.09.2022,Galle,H-2,3100.0,3050.0
20.09.2022,Galle,H-1,3250.0,3200.0
20.09.2022,Kalutara,H-2,2800.0,2780.0
20.09.2022,Galle,C-5,3650.0,3625.0
20.09.2022,Galle,C-5 Sp,4450.0,4425.0
20.09.2022,Galle,Alba,5500.0,5400.0
20.09.2022,Matara,C-5,4200.0,3825.0
20.09.2022,Galle,C-4,3500.0,3500.0
20.09.2022,Matara,C-4,3700.0,3475.0
20.09.2022,Hambantota,C-5,3600.0,3590.0
20.09.2022,Matara,M-4,3300.0,3250.0
20.09.2022,Matara,H-1,3100.0,3060.0
20.09.2022,Matara,H-2,3000.0,2800.0
20.09.2022,Matara,H-Faq,2600.0,2325.0
20.09.2022,Hambantota,C-4,3500.0,3500.0
20.09.2022,Hambantota,H-1,3000.0,3000.0
20.09.2022,Hambantota,H-2,2800.0,2790.0
20.09.2022,Monaragala,H-1,2600.0,2500.0
20.09.2022,Monaragala,H-2,2300.0,2250.0
20.09.2022,Monaragala,Heen,1800.0,1700.0
20.09.2022,Kalutara,H-1,2900.0,2900.0
20.09.2022,Matara,M-5,3500.0,3450.0
20.09.2022,Kalutara,M-4,3000.0,2985.0
20.09.2022,Monaragala,Gorosu,1500.0,1425.0
20.09.2022,Kalutara,C-4,3400.0,3390.0
20.09.2022,Ratnapura,Alba,5250.0,5216.0
20.09.2022,Ratnapura,C-5 Sp,4400.0,4300.0
20.09.2022,Ratnapura,C-5,4000.0,3900.0
20.09.2022,Ratnapura,C-4,3500.0,3433.0
20.09.2022,Ratnapura,M-5,3300.0,3250.0
20.09.2022,Ratnapura,M-4,3300.0,3250.0
20.09.2022,Ratnapura,H-1,3050.0,3016.0
20.09.2022,Ratnapura,H-2,2800.0,2683.0
20.09.2022,Badulla,C-5,3600.0,3600.0
20.09.2022,Badulla,Heen,2800.0,2450.0
20.09.2022,Badulla,Gorosu,2000.0,1750.0
20.09.2022,Kurunegala,Heen,3500.0,3500.0
20.09.2022,Kalutara,M-5,3100.0,3070.0
20.09.2022,Colombo,C-5 Sp,4100.0,4100.0
20.09.2022,Colombo,C-5,3800.0,3800.0
20.09.2022,Colombo,C-4,3500.0,3500.0
20.09.2022,Colombo,H-1,3200.0,3200.0
20.09.2022,Colombo,H-2,3000.0,3000.0
20.09.2022,Gampaha,C-5,3000.0,2925.0
20.09.2022,Gampaha,C-4,2600.0,2550.0
20.09.2022,Gampaha,Gorosu,2200.0,2075.0
20.09.2022,Kalutara,Alba,4800.0,4790.0
20.09.2022,Kalutara,C-5 Sp,4100.0,4070.0
20.09.2022,Kalutara,C-5,3500.0,3485.0
20.09.2022,Kurunegala,Gorosu,2000.0,1867.0
27.09.2022,Matara,C-5 Sp,5200.0,5067.0
27.09.2022,Matara,Alba,6000.0,5775.0
27.09.2022,Galle,H-2,3000.0,3000.0
27.09.2022,Galle,H-1,3100.0,3050.0
27.09.2022,Kalutara,H-1,2900.0,2900.0
27.09.2022,Galle,C-5,3600.0,3525.0
27.09.2022,Galle,C-5 Sp,4900.0,4800.0
27.09.2022,Galle,Alba,5500.0,5450.0
27.09.2022,Kalutara,H-2,2700.0,2700.0
27.09.2022,Matara,C-5,4500.0,3900.0
27.09.2022,Galle,C-4,3500.0,3450.0
27.09.2022,Matara,C-4,3700.0,3608.0
27.09.2022,Hambantota,C-5,3850.0,3800.0
27.09.2022,Matara,M-4,3500.0,3367.0
27.09.2022,Matara,H-1,3300.0,3180.0
27.09.2022,Matara,H-2,3200.0,3013.0
27.09.2022,Matara,H-Faq,2800.0,2560.0
27.09.2022,Hambantota,C-4,3650.0,3625.0
27.09.2022,Hambantota,H-1,3200.0,3100.0
27.09.2022,Hambantota,H-2,3000.0,2950.0
27.09.2022,Monaragala,H-1,3000.0,3000.0
27.09.2022,Monaragala,H-2,2800.0,2750.0
27.09.2022,Monaragala,Heen,1800.0,1700.0
27.09.2022,Kalutara,M-4,3000.0,2995.0
27.09.2022,Matara,M-5,3600.0,3500.0
27.09.2022,Monaragala,Gorosu,1500.0,1425.0
27.09.2022,Kalutara,M-5,3100.0,3070.0
27.09.2022,Kalutara,C-5,3300.0,3250.0
27.09.2022,Kalutara,C-4,3200.0,3190.0
27.09.2022,Ratnapura,Alba,5200.0,5150.0
27.09.2022,Ratnapura,C-5 Sp,4500.0,4430.0
27.09.2022,Ratnapura,C-5,3950.0,3900.0
27.09.2022,Ratnapura,C-4,3600.0,3566.0
27.09.2022,Ratnapura,M-5,3200.0,3133.0
27.09.2022,Ratnapura,M-4,3200.0,3133.0
27.09.2022,Ratnapura,H-2,2700.0,2600.0
27.09.2022,Badulla,M-5,3500.0,3500.0
27.09.2022,Badulla,Heen,3000.0,2583.0
27.09.2022,Badulla,Gorosu,2000.0,1750.0
27.09.2022,Ratnapura,H-1,3200.0,3133.0
27.09.2022,Kurunegala,Gorosu,2000.0,1867.0
27.09.2022,Kurunegala,Heen,3000.0,3000.0
27.09.2022,Kalutara,Alba,4800.0,4790.0
27.09.2022,Gampaha,Gorosu,2200.0,2050.0
27.09.2022,Gampaha,C-4,2500.0,2450.0
27.09.2022,Gampaha,C-5,3000.0,2885.0
27.09.2022,Kalutara,C-5 Sp,4100.0,4065.0
27.09.2022,Colombo,H-1,3200.0,3200.0
27.09.2022,Colombo,C-4,3600.0,3600.0
27.09.2022,Colombo,C-5,3900.0,3900.0
27.09.2022,Colombo,C-5 Sp,4200.0,4200.0
27.09.2022,Colombo,H-2,3100.0,3100.0
04.10.2022,Matara,C-5,4200.0,3933.0
04.10.2022,Kalutara,H-2,2700.0,2700.0
04.10.2022,Galle,Alba,5500.0,5450.0
04.10.2022,Galle,C-5 Sp,4400.0,4350.0
04.10.2022,Galle,C-5,3800.0,3750.0
04.10.2022,Galle,C-4,3500.0,3450.0
04.10.2022,Galle,H-1,3200.0,3200.0
04.10.2022,Galle,H-2,3100.0,3050.0
04.10.2022,Matara,Alba,6000.0,5875.0
04.10.2022,Matara,C-5 Sp,5300.0,4767.0
04.10.2022,Matara,C-4,3750.0,3625.0
04.10.2022,Kalutara,H-1,2900.0,2900.0
04.10.2022,Matara,M-4,3500.0,3433.0
04.10.2022,Matara,H-1,3200.0,3178.0
04.10.2022,Matara,H-2,3200.0,3043.0
04.10.2022,Matara,H-Faq,2800.0,2625.0
04.10.2022,Hambantota,C-5,3750.0,3725.0
04.10.2022,Hambantota,C-4,3700.0,3650.0
04.10.2022,Hambantota,H-1,3250.0,3225.0
04.10.2022,Hambantota,H-2,3150.0,3125.0
04.10.2022,Monaragala,H-1,2800.0,2800.0
04.10.2022,Monaragala,H-2,2600.0,2550.0
04.10.2022,Monaragala,Heen,1800.0,1700.0
04.10.2022,Matara,M-5,3600.0,3533.0
04.10.2022,Kalutara,M-4,3000.0,2995.0
04.10.2022,Monaragala,Gorosu,1500.0,1425.0
04.10.2022,Kalutara,C-4,3200.0,3190.0
04.10.2022,Ratnapura,Alba,5500.0,5416.0
04.10.2022,Ratnapura,C-5 Sp,5000.0,4900.0
04.10.2022,Ratnapura,C-5,4500.0,4400.0
04.10.2022,Ratnapura,C-4,3800.0,3600.0
04.10.2022,Ratnapura,M-5,3300.0,3250.0
04.10.2022,Ratnapura,M-4,3300.0,3250.0
04.10.2022,Ratnapura,H-1,3000.0,2983.0
04.10.2022,Ratnapura,H-2,2900.0,2730.0
04.10.2022,Badulla,C-5,3600.0,3600.0
04.10.2022,Badulla,Heen,3400.0,2467.0
04.10.2022,Badulla,Gorosu,3000.0,1800.0
04.10.2022,Kurunegala,Heen,2800.0,2800.0
04.10.2022,Kalutara,M-5,3100.0,3070.0
04.10.2022,Colombo,C-5 Sp,4200.0,4200.0
04.10.2022,Kalutara,C-5,3300.0,3250.0
04.10.2022,Kalutara,C-5 Sp,4100.0,4065.0
04.10.2022,Kalutara,Alba,4800.0,4790.0
04.10.2022,Gampaha,Gorosu,2600.0,2450.0
04.10.2022,Gampaha,C-4,2800.0,2775.0
04.10.2022,Kurunegala,Gorosu,1800.0,1800.0
04.10.2022,Colombo,H-2,3100.0,3100.0
04.10.2022,Colombo,H-1,3200.0,3200.0
04.10.2022,Colombo,C-4,3500.0,3500.0
04.10.2022,Colombo,C-5,3800.0,3800.0
04.10.2022,Gampaha,C-5,3200.0,3100.0
11.10.2022,Matara,C-4,3700.0,3650.0
11.10.2022,Kalutara,H-2,2700.0,2700.0
11.10.2022,Galle,Alba,5700.0,5600.0
11.10.2022,Galle,C-5 Sp,4500.0,4450.0
11.10.2022,Galle,C-5,3800.0,3750.0
11.10.2022,Galle,H-1,3400.0,3350.0
11.10.2022,Galle,H-2,3100.0,3050.0
11.10.2022,Matara,Alba,6000.0,5875.0
11.10.2022,Matara,C-5 Sp,5200.0,4900.0
11.10.2022,Matara,C-5,4800.0,4133.0
11.10.2022,Matara,M-5,3600.0,3600.0
11.10.2022,Hambantota,C-4,3650.0,3625.0
11.10.2022,Matara,H-1,3300.0,3250.0
11.10.2022,Matara,H-2,3200.0,3121.0
11.10.2022,Matara,H-Faq,3000.0,2625.0
11.10.2022,Hambantota,C-5,3700.0,3700.0
11.10.2022,Kalutara,H-1,2900.0,2900.0
11.10.2022,Hambantota,H-1,3100.0,3100.0
11.10.2022,Hambantota,H-2,3000.0,3000.0
11.10.2022,Monaragala,H-1,2500.0,2450.0
11.10.2022,Monaragala,H-2,2300.0,2100.0
11.10.2022,Monaragala,Heen,1700.0,1600.0
11.10.2022,Monaragala,Gorosu,1400.0,1325.0
11.10.2022,Matara,M-4,3500.0,3450.0
11.10.2022,Kalutara,M-4,3000.0,2995.0
11.10.2022,Galle,C-4,3500.0,3450.0
11.10.2022,Kalutara,C-4,3200.0,3190.0
11.10.2022,Kalutara,M-5,3100.0,3070.0
11.10.2022,Ratnapura,C-5 Sp,4700.0,4600.0
11.10.2022,Ratnapura,C-5,4300.0,4200.0
11.10.2022,Ratnapura,C-4,3700.0,3650.0
11.10.2022,Ratnapura,M-5,3300.0,3250.0
11.10.2022,Ratnapura,M-4,3300.0,3250.0
11.10.2022,Ratnapura,H-1,3150.0,3050.0
11.10.2022,Ratnapura,H-2,3000.0,2900.0
11.10.2022,Badulla,C-5,3600.0,3600.0
11.10.2022,Badulla,Heen,3600.0,2600.0
11.10.2022,Badulla,Gorosu,3000.0,1884.0
11.10.2022,Kurunegala,Heen,2500.0,2500.0
11.10.2022,Ratnapura,Alba,6000.0,5766.0
11.10.2022,Colombo,C-5 Sp,4100.0,4100.0
11.10.2022,Kurunegala,Gorosu,1800.0,1800.0
11.10.2022,Kalutara,C-5 Sp,4100.0,4065.0
11.10.2022,Kalutara,Alba,4800.0,4790.0
11.10.2022,Gampaha,Gorosu,2600.0,2425.0
11.10.2022,Gampaha,C-4,2800.0,2700.0
11.10.2022,Kalutara,C-5,3300.0,3250.0
11.10.2022,Gampaha,C-5,3000.0,3000.0
11.10.2022,Colombo,H-2,3100.0,3100.0
11.10.2022,Colombo,H-1,3300.0,3300.0
11.10.2022,Colombo,C-4,3800.0,3800.0
11.10.2022,Colombo,C-5,4000.0,4000.0
18.10.2022,Matara,C-5,5000.0,4350.0
18.10.2022,Galle,Alba,5500.0,5400.0
18.10.2022,Galle,C-5 Sp,4500.0,4450.0
18.10.2022,Galle,C-5,3600.0,3550.0
18.10.2022,Monaragala,Gorosu,1500.0,1375.0
18.10.2022,Galle,H-1,3200.0,3150.0
18.10.2022,Galle,H-2,3050.0,3025.0
18.10.2022,Matara,Alba,6000.0,6000.0
18.10.2022,Matara,C-5 Sp,5400.0,5233.0
18.10.2022,Kalutara,H-2,2700.0,2700.0
18.10.2022,Matara,C-4,3750.0,3658.0
18.10.2022,Hambantota,C-5,3700.0,3700.0
18.10.2022,Matara,M-4,3400.0,3350.0
18.10.2022,Matara,H-1,3250.0,3175.0
18.10.2022,Matara,H-2,3250.0,3064.0
18.10.2022,Matara,H-Faq,2800.0,2625.0
18.10.2022,Hambantota,C-4,3650.0,3625.0
18.10.2022,Hambantota,H-1,3200.0,3150.0
18.10.2022,Hambantota,H-2,3100.0,3050.0
18.10.2022,Monaragala,H-1,2500.0,2400.0
18.10.2022,Monaragala,H-2,2200.0,2100.0
18.10.2022,Monaragala,Heen,1700.0,1650.0
18.10.2022,Kalutara,H-1,2900.0,2900.0
18.10.2022,Matara,M-5,3500.0,3450.0
18.10.2022,Kalutara,M-4,3000.0,2995.0
18.10.2022,Galle,C-4,3400.0,3380.0
18.10.2022,Kalutara,C-4,3200.0,3190.0
18.10.2022,Ratnapura,Alba,6000.0,5766.0
18.10.2022,Ratnapura,C-5 Sp,4800.0,4666.0
18.10.2022,Ratnapura,C-5,4100.0,3963.0
18.10.2022,Ratnapura,C-4,3650.0,3566.0
18.10.2022,Ratnapura,M-5,3300.0,3300.0
18.10.2022,Ratnapura,M-4,3283.0,3283.0
18.10.2022,Ratnapura,H-1,3100.0,3050.0
18.10.2022,Ratnapura,H-2,2900.0,2766.0
18.10.2022,Badulla,Heen,3500.0,2691.0
18.10.2022,Badulla,Gorosu,3000.0,2108.0
18.10.2022,Kurunegala,Heen,2500.0,2500.0
18.10.2022,Kalutara,M-5,3100.0,3070.0
18.10.2022,Colombo,C-5 Sp,4100.0,4100.0
18.10.2022,Kurunegala,Gorosu,1800.0,1800.0
18.10.2022,Kalutara,C-5 Sp,4100.0,4065.0
18.10.2022,Kalutara,Alba,4800.0,4790.0
18.10.2022,Gampaha,Gorosu,2600.0,2525.0
18.10.2022,Gampaha,C-4,2800.0,2735.0
18.10.2022,Kalutara,C-5,3300.0,3250.0
18.10.2022,Colombo,H-2,3000.0,3000.0
18.10.2022,Colombo,H-1,3100.0,3100.0
18.10.2022,Colombo,C-4,3600.0,3600.0
18.10.2022,Colombo,C-5,3900.0,3900.0
18.10.2022,Gampaha,C-5,3200.0,3100.0
25.10.2022,Matara,C-4,3800.0,3692.0
25.10.2022,Galle,Alba,5200.0,5100.0
25.10.2022,Galle,C-5 Sp,4400.0,4350.0
25.10.2022,Galle,C-5,3700.0,3650.0
25.10.2022,Galle,H-1,3200.0,3175.0
25.10.2022,Galle,H-2,3050.0,3025.0
25.10.2022,Matara,Alba,6100.0,6025.0
25.10.2022,Matara,C-5 Sp,5200.0,4967.0
25.10.2022,Matara,C-5,4800.0,4300.0
25.10.2022,Matara,M-5,3600.0,3600.0
25.10.2022,Hambantota,C-4,3650.0,3625.0
25.10.2022,Matara,H-1,3300.0,3213.0
25.10.2022,Matara,H-2,3200.0,3100.0
25.10.2022,Matara,H-Faq,3000.0,2625.0
25.10.2022,Hambantota,C-5,3700.0,3700.0
25.10.2022,Kalutara,H-2,2700.0,2700.0
25.10.2022,Hambantota,H-1,3150.0,3125.0
25.10.2022,Hambantota,H-2,3000.0,3000.0
25.10.2022,Monaragala,H-1,3000.0,2800.0
25.10.2022,Monaragala,H-2,2700.0,2600.0
25.10.2022,Monaragala,Heen,1900.0,1800.0
25.10.2022,Monaragala,Gorosu,1500.0,1425.0
25.10.2022,Matara,M-4,3500.0,3500.0
25.10.2022,Kalutara,H-1,2900.0,2900.0
25.10.2022,Galle,C-4,3500.0,3450.0
25.10.2022,Kalutara,M-4,3000.0,2995.0
25.10.2022,Kalutara,M-5,3100.0,3090.0
25.10.2022,Ratnapura,Alba,6000.0,5500.0
25.10.2022,Ratnapura,C-5 Sp,5000.0,4725.0
25.10.2022,Ratnapura,C-5,4500.0,4375.0
25.10.2022,Ratnapura,C-4,3500.0,3400.0
25.10.2022,Ratnapura,M-5,3150.0,3087.0
25.10.2022,Ratnapura,M-4,3150.0,3087.0
25.10.2022,Ratnapura,H-2,2600.0,2500.0
25.10.2022,Badulla,Heen,3500.0,2500.0
25.10.2022,Badulla,Gorosu,3000.0,1975.0
25.10.2022,Kurunegala,Heen,2500.0,2500.0
25.10.2022,Kurunegala,Gorosu,2000.0,1933.0
25.10.2022,Ratnapura,H-1,2700.0,2600.0
25.10.2022,Colombo,C-5,4300.0,4300.0
25.10.2022,Colombo,C-5 Sp,4500.0,4500.0
25.10.2022,Kalutara,C-5,3300.0,3285.0
25.10.2022,Kalutara,C-5 Sp,4100.0,4080.0
25.10.2022,Kalutara,Alba,4800.0,4795.0
25.10.2022,Gampaha,Gorosu,2600.0,2500.0
25.10.2022,Kalutara,C-4,3200.0,3195.0
25.10.2022,Gampaha,C-5,3000.0,2900.0
25.10.2022,Colombo,H-2,3000.0,3000.0
25.10.2022,Colombo,H-1,3100.0,3100.0
25.10.2022,Colombo,C-4,3800.0,3800.0
25.10.2022,Gampaha,C-4,2800.0,2700.0
01.11.2022,Matara,C-5,5100.0,4300.0
01.11.2022,Kalutara,H-2,2700.0,2700.0
01.11.2022,Galle,Alba,6000.0,5750.0
01.11.2022,Galle,C-5 Sp,4300.0,4250.0
01.11.2022,Galle,C-5,3800.0,3750.0
01.11.2022,Galle,C-4,3650.0,3625.0
01.11.2022,Galle,H-1,3100.0,3075.0
01.11.2022,Galle,H-2,3000.0,3000.0
01.11.2022,Matara,Alba,6200.0,6075.0
01.11.2022,Matara,C-5 Sp,5800.0,5267.0
01.11.2022,Matara,C-4,3900.0,3693.0
01.11.2022,Kalutara,H-1,2900.0,2900.0
01.11.2022,Matara,M-4,3500.0,3350.0
01.11.2022,Matara,H-1,3150.0,3113.0
01.11.2022,Matara,H-2,3200.0,3081.0
01.11.2022,Matara,H-Faq,2500.0,2375.0
01.11.2022,Hambantota,C-5,3800.0,3750.0
01.11.2022,Hambantota,C-4,3700.0,3650.0
01.11.2022,Hambantota,H-1,3200.0,3150.0
01.11.2022,Hambantota,H-2,3050.0,3025.0
01.11.2022,Monaragala,H-1,2800.0,2600.0
01.11.2022,Monaragala,H-2,2500.0,2400.0
01.11.2022,Monaragala,Heen,1900.0,1750.0
01.11.2022,Matara,M-5,3650.0,3475.0
01.11.2022,Monaragala,Gorosu,1500.0,1375.0
01.11.2022,Kalutara,M-5,3100.0,3090.0
01.11.2022,Kalutara,C-4,3200.0,3195.0
01.11.2022,Ratnapura,Alba,5500.0,5333.0
01.11.2022,Ratnapura,C-5 Sp,4700.0,4683.0
01.11.2022,Ratnapura,C-5,4150.0,4083.0
01.11.2022,Ratnapura,C-4,3450.0,3433.0
01.11.2022,Ratnapura,M-5,3100.0,3083.0
01.11.2022,Ratnapura,M-4,3100.0,3083.0
01.11.2022,Ratnapura,H-1,3000.0,2966.0
01.11.2022,Ratnapura,H-2,2600.0,2533.0
01.11.2022,Badulla,Heen,3500.0,2542.0
01.11.2022,Badulla,Gorosu,3000.0,1967.0
01.11.2022,Kurunegala,Heen,2500.0,2500.0
01.11.2022,Kalutara,M-4,3000.0,2995.0
01.11.2022,Colombo,C-5 Sp,4400.0,4400.0
01.11.2022,Kurunegala,Gorosu,2000.0,1967.0
01.11.2022,Kalutara,C-5 Sp,4100.0,4080.0
01.11.2022,Kalutara,Alba,4800.0,4795.0
01.11.2022,Gampaha,Gorosu,2500.0,2400.0
01.11.2022,Gampaha,C-4,2700.0,2650.0
01.11.2022,Kalutara,C-5,3300.0,3285.0
01.11.2022,Colombo,H-2,3000.0,3000.0
01.11.2022,Colombo,H-1,3100.0,3100.0
01.11.2022,Colombo,C-4,3800.0,3800.0
01.11.2022,Colombo,C-5,4200.0,4200.0
01.11.2022,Gampaha,C-5,3200.0,3100.0
08.11.2022,Matara,C-4,3750.0,3658.0
08.11.2022,Galle,Alba,6000.0,5750.0
08.11.2022,Galle,C-5 Sp,4800.0,4600.0
08.11.2022,Galle,C-5,4000.0,3900.0
08.11.2022,Galle,H-1,3150.0,3125.0
08.11.2022,Galle,H-2,3100.0,3050.0
08.11.2022,Matara,Alba,6200.0,6100.0
08.11.2022,Matara,C-5 Sp,5000.0,4767.0
08.11.2022,Matara,C-5,4200.0,4000.0
08.11.2022,Matara,M-5,3600.0,3567.0
08.11.2022,Hambantota,C-4,3650.0,3625.0
08.11.2022,Matara,H-1,3300.0,3200.0
08.11.2022,Matara,H-2,3100.0,3029.0
08.11.2022,Matara,H-Faq,2900.0,2675.0
08.11.2022,Hambantota,C-5,3800.0,3775.0
08.11.2022,Kalutara,H-2,2700.0,2700.0
08.11.2022,Hambantota,H-1,3200.0,3150.0
08.11.2022,Hambantota,H-2,3050.0,3037.0
08.11.2022,Monaragala,H-1,3000.0,3000.0
08.11.2022,Monaragala,H-2,2800.0,2700.0
08.11.2022,Monaragala,Heen,1800.0,1750.0
08.11.2022,Monaragala,Gorosu,1500.0,1425.0
08.11.2022,Matara,M-4,3500.0,3433.0
08.11.2022,Kalutara,H-1,2900.0,2900.0
08.11.2022,Galle,C-4,3700.0,3675.0
08.11.2022,Kalutara,M-4,3000.0,2995.0
08.11.2022,Kalutara,M-5,3100.0,3090.0
08.11.2022,Ratnapura,Alba,6100.0,5800.0
08.11.2022,Ratnapura,C-5 Sp,5000.0,4675.0
08.11.2022,Ratnapura,C-5,4000.0,3800.0
08.11.2022,Ratnapura,C-4,3700.0,3550.0
08.11.2022,Ratnapura,M-5,3300.0,3238.0
08.11.2022,Ratnapura,M-4,3300.0,3238.0
08.11.2022,Ratnapura,H-2,2700.0,2550.0
08.11.2022,Badulla,Heen,3500.0,2467.0
08.11.2022,Badulla,Gorosu,3000.0,1975.0
08.11.2022,Kurunegala,Heen,2300.0,2300.0
08.11.2022,Kurunegala,Gorosu,2000.0,1867.0
08.11.2022,Ratnapura,H-1,3200.0,3100.0
08.11.2022,Colombo,C-5,4300.0,4300.0
08.11.2022,Colombo,C-5 Sp,4500.0,4500.0
08.11.2022,Kalutara,C-5,3300.0,3285.0
08.11.2022,Kalutara,C-5 Sp,4100.0,4080.0
08.11.2022,Kalutara,Alba,4800.0,4795.0
08.11.2022,Gampaha,Gorosu,2500.0,2400.0
08.11.2022,Kalutara,C-4,3200.0,3195.0
08.11.2022,Gampaha,C-5,3200.0,3100.0
08.11.2022,Colombo,H-2,3000.0,3000.0
08.11.2022,Colombo,H-1,3100.0,3100.0
08.11.2022,Colombo,C-4,3800.0,3800.0
08.11.2022,Gampaha,C-4,2800.0,2775.0
15.11.2022,Matara,C-5,3850.0,3817.0
15.11.2022,Kalutara,H-2,2700.0,2700.0
15.11.2022,Galle,Alba,6000.0,5750.0
15.11.2022,Galle,C-5 Sp,4500.0,4450.0
15.11.2022,Galle,C-5,4000.0,3900.0
15.11.2022,Galle,C-4,3650.0,3625.0
15.11.2022,Galle,H-1,3200.0,3175.0
15.11.2022,Galle,H-2,3100.0,3100.0
15.11.2022,Matara,Alba,6300.0,6275.0
15.11.2022,Matara,C-5 Sp,4500.0,4333.0
15.11.2022,Matara,C-4,3750.0,3650.0
15.11.2022,Kalutara,H-1,2900.0,2900.0
15.11.2022,Matara,M-4,3500.0,3450.0
15.11.2022,Matara,H-1,3500.0,3300.0
15.11.2022,Matara,H-2,3200.0,3131.0
15.11.2022,Matara,H-Faq,2900.0,2625.0
15.11.2022,Hambantota,C-5,3850.0,3775.0
15.11.2022,Hambantota,C-4,3750.0,3675.0
15.11.2022,Hambantota,H-2,3250.0,3225.0
15.11.2022,Hambantota,Gorosu,3200.0,3150.0
15.11.2022,Monaragala,H-1,2800.0,2600.0
15.11.2022,Monaragala,H-2,2500.0,2400.0
15.11.2022,Monaragala,Heen,1800.0,1700.0
15.11.2022,Matara,M-5,3600.0,3600.0
15.11.2022,Monaragala,Gorosu,1500.0,1400.0
15.11.2022,Kalutara,M-4,3000.0,2995.0
15.11.2022,Kalutara,C-4,3400.0,3370.0
15.11.2022,Ratnapura,Alba,5500.0,5333.0
15.11.2022,Ratnapura,C-5 Sp,4800.0,4666.0
15.11.2022,Ratnapura,C-5,4100.0,4033.0
15.11.2022,Ratnapura,C-4,3800.0,3783.0
15.11.2022,Ratnapura,M-5,3100.0,3050.0
15.11.2022,Ratnapura,M-4,3100.0,3050.0
15.11.2022,Ratnapura,H-1,2800.0,2750.0
15.11.2022,Ratnapura,H-2,2500.0,2450.0
15.11.2022,Badulla,Heen,2500.0,2200.0
15.11.2022,Badulla,Gorosu,2000.0,1467.0
15.11.2022,Kurunegala,Heen,3000.0,3000.0
15.11.2022,Kalutara,M-5,3100.0,3070.0
15.11.2022,Colombo,C-5 Sp,4400.0,4400.0
15.11.2022,Colombo,C-5,4250.0,4250.0
15.11.2022,Colombo,C-4,3800.0,3800.0
15.11.2022,Colombo,H-1,3000.0,3000.0
15.11.2022,Colombo,H-2,2900.0,2900.0
15.11.2022,Gampaha,C-5,3500.0,3300.0
15.11.2022,Gampaha,C-4,3100.0,2975.0
15.11.2022,Gampaha,Gorosu,2500.0,2360.0
15.11.2022,Kalutara,Alba,4800.0,4795.0
15.11.2022,Kalutara,C-5 Sp,4100.0,4080.0
15.11.2022,Kalutara,C-5,3500.0,3465.0
15.11.2022,Kurunegala,Gorosu,2000.0,1867.0
22.11.2022,Matara,C-5 Sp,5500.0,5000.0
22.11.2022,Matara,Alba,6500.0,6367.0
22.11.2022,Galle,H-2,3050.0,3025.0
22.11.2022,Galle,H-1,3200.0,3050.0
22.11.2022,Kalutara,H-2,2700.0,2700.0
22.11.2022,Galle,C-5,3800.0,3750.0
22.11.2022,Galle,C-5 Sp,4100.0,4050.0
22.11.2022,Galle,Alba,5500.0,5350.0
22.11.2022,Matara,C-5,4500.0,4250.0
22.11.2022,Galle,C-4,3650.0,3625.0
22.11.2022,Matara,C-4,3800.0,3675.0
22.11.2022,Hambantota,C-5,3750.0,3725.0
22.11.2022,Matara,M-4,3500.0,3475.0
22.11.2022,Matara,H-1,3400.0,3233.0
22.11.2022,Matara,H-2,3250.0,3143.0
22.11.2022,Matara,H-Faq,2800.0,2500.0
22.11.2022,Hambantota,C-4,3650.0,3625.0
22.11.2022,Hambantota,H-1,3300.0,3275.0
22.11.2022,Hambantota,H-2,3250.0,3200.0
22.11.2022,Monaragala,H-1,3000.0,2850.0
22.11.2022,Monaragala,H-2,2800.0,2700.0
22.11.2022,Monaragala,Heen,1900.0,1800.0
22.11.2022,Kalutara,H-1,2900.0,2900.0
22.11.2022,Matara,M-5,3700.0,3550.0
22.11.2022,Monaragala,Gorosu,1500.0,1425.0
22.11.2022,Kalutara,M-4,3000.0,2995.0
22.11.2022,Kalutara,C-4,3400.0,3370.0
22.11.2022,Kalutara,M-5,3100.0,3070.0
22.11.2022,Ratnapura,Alba,6300.0,6166.0
22.11.2022,Ratnapura,C-5 Sp,5100.0,5030.0
22.11.2022,Ratnapura,C-5,4500.0,4266.0
22.11.2022,Ratnapura,C-4,3850.0,3816.0
22.11.2022,Ratnapura,M-5,3300.0,3250.0
22.11.2022,Ratnapura,M-4,3300.0,3250.0
22.11.2022,Ratnapura,H-2,2900.0,2800.0
22.11.2022,Badulla,Heen,2500.0,2200.0
22.11.2022,Badulla,Gorosu,2000.0,1468.0
22.11.2022,Kurunegala,Heen,3000.0,3000.0
22.11.2022,Ratnapura,H-1,3200.0,3166.0
22.11.2022,Colombo,C-5 Sp,4500.0,4500.0
22.11.2022,Kurunegala,Gorosu,2000.0,1867.0
22.11.2022,Kalutara,C-5 Sp,4100.0,4080.0
22.11.2022,Kalutara,Alba,4800.0,4795.0
22.11.2022,Gampaha,Gorosu,2700.0,2600.0
22.11.2022,Gampaha,C-4,3000.0,2850.0
22.11.2022,Kalutara,C-5,3500.0,3465.0
22.11.2022,Colombo,H-2,3000.0,3000.0
22.11.2022,Colombo,H-1,3200.0,3200.0
22.11.2022,Colombo,C-4,3700.0,3700.0
22.11.2022,Colombo,C-5,4300.0,4300.0
22.11.2022,Gampaha,C-5,3500.0,3300.0
29.11.2022,Matara,C-4,3650.0,3625.0
29.11.2022,Galle,Alba,5200.0,5000.0
29.11.2022,Galle,C-5 Sp,4400.0,4300.0
29.11.2022,Galle,C-5,3700.0,3650.0
29.11.2022,Galle,C-4,3550.0,3525.0
29.11.2022,Galle,H-1,3200.0,3150.0
29.11.2022,Galle,H-2,3000.0,3000.0
29.11.2022,Matara,Alba,6500.0,6375.0
29.11.2022,Matara,C-5 Sp,5500.0,4867.0
29.11.2022,Matara,C-5,3800.0,3733.0
29.11.2022,Matara,M-5,3600.0,3500.0
29.11.2022,Kalutara,H-2,2700.0,2700.0
29.11.2022,Matara,H-1,3200.0,3100.0
29.11.2022,Matara,H-2,3000.0,2958.0
29.11.2022,Matara,H-Faq,2500.0,2425.0
29.11.2022,Hambantota,C-5,3700.0,3700.0
29.11.2022,Hambantota,C-4,3650.0,3625.0
29.11.2022,Hambantota,H-1,3300.0,3275.0
29.11.2022,Hambantota,H-2,3250.0,3200.0
29.11.2022,Monaragala,H-1,2500.0,2460.0
29.11.2022,Monaragala,H-2,2300.0,2260.0
29.11.2022,Monaragala,Heen,1900.0,1870.0
29.11.2022,Monaragala,Gorosu,1500.0,1420.0
29.11.2022,Matara,M-4,3500.0,3400.0
29.11.2022,Kalutara,H-1,2900.0,2900.0
29.11.2022,Badulla,Gorosu,2500.0,1675.0
29.11.2022,Kalutara,M-5,3100.0,3070.0
29.11.2022,Ratnapura,C-5 Sp,4950.0,4850.0
29.11.2022,Ratnapura,C-5,4100.0,4050.0
29.11.2022,Ratnapura,C-4,3800.0,3700.0
29.11.2022,Ratnapura,M-5,3300.0,3250.0
29.11.2022,Ratnapura,M-4,3300.0,3250.0
29.11.2022,Ratnapura,H-1,2850.0,2800.0
29.11.2022,Ratnapura,H-2,2500.0,2400.0
29.11.2022,Badulla,Heen,3500.0,2550.0
29.11.2022,Kalutara,M-4,3000.0,2995.0
29.11.2022,Kurunegala,Heen,2500.0,2500.0
29.11.2022,Kurunegala,Gorosu,1800.0,1600.0
29.11.2022,Ratnapura,Alba,6150.0,6000.0
29.11.2022,Colombo,C-5,4250.0,4250.0
29.11.2022,Colombo,C-4,3750.0,3750.0
29.11.2022,Colombo,H-1,3100.0,3100.0
29.11.2022,Colombo,H-2,3000.0,3000.0
29.11.2022,Gampaha,C-5,3000.0,2900.0
29.11.2022,Gampaha,C-4,2700.0,2600.0
29.11.2022,Gampaha,Gorosu,2500.0,2300.0
29.11.2022,Kalutara,Alba,4800.0,4795.0
29.11.2022,Kalutara,C-5 Sp,4100.0,4080.0
29.11.2022,Kalutara,C-5,3500.0,3480.0
29.11.2022,Kalutara,C-4,3400.0,3370.0
29.11.2022,Colombo,C-5 Sp,4500.0,4500.0
05.12.2022,Matara,C-5 Sp,5200.0,4633.0
05.12.2022,Matara,Alba,6500.0,6350.0
05.12.2022,Galle,H-2,3000.0,2950.0
05.12.2022,Galle,H-1,3050.0,3025.0
05.12.2022,Kalutara,H-2,2700.0,2700.0
05.12.2022,Galle,C-5,3800.0,3700.0
05.12.2022,Galle,C-5 Sp,4500.0,4500.0
05.12.2022,Galle,Alba,6000.0,6000.0
05.12.2022,Matara,C-5,4000.0,3967.0
05.12.2022,Galle,C-4,3500.0,3500.0
05.12.2022,Matara,C-4,3700.0,3633.0
05.12.2022,Hambantota,C-5,3600.0,3600.0
05.12.2022,Matara,M-4,3400.0,3350.0
05.12.2022,Matara,H-1,3200.0,3183.0
05.12.2022,Matara,H-2,3000.0,2933.0
05.12.2022,Matara,H-Faq,2700.0,2467.0
05.12.2022,Hambantota,C-4,3400.0,3400.0
05.12.2022,Hambantota,H-1,3000.0,2950.0
05.12.2022,Hambantota,H-2,2800.0,2800.0
05.12.2022,Monaragala,H-1,2800.0,2800.0
05.12.2022,Monaragala,H-2,2600.0,2400.0
05.12.2022,Monaragala,Heen,1800.0,1600.0
05.12.2022,Kalutara,H-1,2900.0,2900.0
05.12.2022,Matara,M-5,3500.0,3500.0
05.12.2022,Kalutara,M-4,3000.0,2995.0
05.12.2022,Monaragala,Gorosu,1500.0,1425.0
05.12.2022,Kalutara,C-4,3400.0,3370.0
05.12.2022,Ratnapura,Alba,6500.0,6100.0
05.12.2022,Ratnapura,C-5 Sp,5000.0,4766.0
05.12.2022,Ratnapura,C-5,4400.0,4200.0
05.12.2022,Ratnapura,C-4,3900.0,3733.0
05.12.2022,Ratnapura,M-5,3200.0,3183.0
05.12.2022,Ratnapura,M-4,3200.0,3183.0
05.12.2022,Ratnapura,H-1,3150.0,3083.0
05.12.2022,Ratnapura,H-2,2900.0,2833.0
05.12.2022,Badulla,Heen,3500.0,2650.0
05.12.2022,Badulla,Gorosu,2000.0,1800.0
05.12.2022,Kurunegala,Heen,3000.0,3000.0
05.12.2022,Kalutara,M-5,3100.0,3070.0
05.12.2022,Colombo,C-5 Sp,4700.0,4700.0
05.12.2022,Colombo,C-5,4500.0,4500.0
05.12.2022,Colombo,C-4,4200.0,4200.0
05.12.2022,Colombo,H-1,3200.0,3200.0
05.12.2022,Colombo,H-2,3000.0,3000.0
05.12.2022,Gampaha,C-5,3100.0,3025.0
05.12.2022,Gampaha,C-4,2800.0,2675.0
05.12.2022,Gampaha,Gorosu,2400.0,2125.0
05.12.2022,Kalutara,Alba,4800.0,4795.0
05.12.2022,Kalutara,C-5 Sp,4100.0,4080.0
05.12.2022,Kalutara,C-5,3500.0,3465.0
05.12.2022,Kurunegala,Gorosu,2000.0,1867.0
13.12.2022,Matara,C-5 Sp,5000.0,4600.0
13.12.2022,Matara,Alba,6300.0,6300.0
13.12.2022,Galle,H-2,3000.0,2950.0
13.12.2022,Galle,H-1,3050.0,3050.0
13.12.2022,Kalutara,H-2,2700.0,2700.0
13.12.2022,Galle,C-5,3800.0,3650.0
13.12.2022,Galle,C-5 Sp,4600.0,4550.0
13.12.2022,Galle,Alba,6000.0,6000.0
13.12.2022,Matara,C-5,4000.0,3725.0
13.12.2022,Galle,C-4,3500.0,3500.0
13.12.2022,Matara,C-4,3750.0,3508.0
13.12.2022,Hambantota,C-5,3600.0,3600.0
13.12.2022,Matara,M-4,3300.0,3267.0
13.12.2022,Matara,H-1,3200.0,3125.0
13.12.2022,Matara,H-2,3000.0,2857.0
13.12.2022,Matara,H-Faq,2500.0,2250.0
13.12.2022,Hambantota,C-4,3400.0,3400.0
13.12.2022,Hambantota,H-1,2900.0,2800.0
13.12.2022,Hambantota,H-2,2600.0,2550.0
13.12.2022,Monaragala,H-1,2800.0,2700.0
13.12.2022,Monaragala,H-2,2600.0,2450.0
13.12.2022,Monaragala,Heen,1900.0,1800.0
13.12.2022,Kalutara,H-1,2900.0,2900.0
13.12.2022,Matara,M-5,3500.0,3400.0
13.12.2022,Monaragala,Gorosu,1500.0,1325.0
13.12.2022,Kalutara,M-4,3000.0,2995.0
13.12.2022,Kalutara,C-4,3400.0,3370.0
13.12.2022,Kalutara,M-5,3100.0,3070.0
13.12.2022,Ratnapura,Alba,6000.0,5760.0
13.12.2022,Ratnapura,C-5 Sp,5000.0,4480.0
13.12.2022,Ratnapura,C-5,4500.0,4240.0
13.12.2022,Ratnapura,C-4,3200.0,3130.0
13.12.2022,Ratnapura,M-5,3150.0,3050.0
13.12.2022,Ratnapura,M-4,3050.0,3050.0
13.12.2022,Ratnapura,H-2,2200.0,2050.0
13.12.2022,Badulla,Heen,2900.0,2400.0
13.12.2022,Badulla,Gorosu,1800.0,1600.0
13.12.2022,Kurunegala,Heen,3000.0,3000.0
13.12.2022,Ratnapura,H-1,3000.0,2640.0
13.12.2022,Colombo,C-5 Sp,4100.0,4100.0
13.12.2022,Kurunegala,Gorosu,2000.0,1933.0
13.12.2022,Kalutara,C-5 Sp,4100.0,4080.0
13.12.2022,Kalutara,Alba,4800.0,4795.0
13.12.2022,Gampaha,Gorosu,2200.0,2000.0
13.12.2022,Gampaha,C-4,2600.0,2500.0
13.12.2022,Kalutara,C-5,3500.0,3465.0
13.12.2022,Colombo,H-2,2800.0,2800.0
13.12.2022,Colombo,H-1,3000.0,3000.0
13.12.2022,Colombo,C-4,3700.0,3700.0
13.12.2022,Colombo,C-5,3900.0,3900.0
13.12.2022,Gampaha,C-5,3000.0,3000.0
20.12.2022,Matara,C-5,4000.0,3825.0
20.12.2022,Kalutara,H-2,2700.0,2700.0
20.12.2022,Galle,Alba,5800.0,5650.0
20.12.2022,Galle,C-5 Sp,4400.0,4350.0
20.12.2022,Galle,C-5,3700.0,3650.0
20.12.2022,Galle,C-4,3400.0,3300.0
20.12.2022,Galle,H-1,2800.0,2750.0
20.12.2022,Galle,H-2,2700.0,2650.0
20.12.2022,Matara,Alba,6400.0,6300.0
20.12.2022,Matara,C-5 Sp,5500.0,4933.0
20.12.2022,Matara,C-4,3700.0,3620.0
20.12.2022,Kalutara,H-1,2900.0,2900.0
20.12.2022,Matara,M-4,3300.0,3300.0
20.12.2022,Matara,H-1,3200.0,3125.0
20.12.2022,Matara,H-2,3000.0,2883.0
20.12.2022,Matara,H-Faq,2500.0,2175.0
20.12.2022,Hambantota,C-5,3500.0,3500.0
20.12.2022,Hambantota,C-4,3400.0,3400.0
20.12.2022,Hambantota,H-1,3000.0,2950.0
20.12.2022,Hambantota,H-2,2800.0,2750.0
20.12.2022,Monaragala,H-1,2700.0,2700.0
20.12.2022,Monaragala,H-2,2500.0,2400.0
20.12.2022,Monaragala,Heen,1800.0,1600.0
20.12.2022,Matara,M-5,3500.0,3400.0
20.12.2022,Kalutara,M-4,3000.0,2995.0
20.12.2022,Monaragala,Gorosu,1500.0,1300.0
20.12.2022,Kalutara,C-4,3400.0,3370.0
20.12.2022,Ratnapura,Alba,6300.0,6238.0
20.12.2022,Ratnapura,C-5 Sp,5100.0,5000.0
20.12.2022,Ratnapura,C-5,4100.0,4062.0
20.12.2022,Ratnapura,C-4,3800.0,3775.0
20.12.2022,Ratnapura,M-5,3300.0,3212.0
20.12.2022,Ratnapura,M-4,3300.0,3212.0
20.12.2022,Ratnapura,H-1,3100.0,3025.0
20.12.2022,Ratnapura,H-2,2800.0,2762.0
20.12.2022,Badulla,Heen,3500.0,2708.0
20.12.2022,Badulla,Gorosu,2500.0,1925.0
20.12.2022,Kurunegala,Heen,3500.0,3500.0
20.12.2022,Kalutara,M-5,3100.0,3070.0
20.12.2022,Colombo,C-5 Sp,4300.0,4300.0
20.12.2022,Kurunegala,Gorosu,2500.0,2167.0
20.12.2022,Kalutara,C-5 Sp,4100.0,4080.0
20.12.2022,Kalutara,Alba,4800.0,4795.0
20.12.2022,Gampaha,Gorosu,2100.0,2025.0
20.12.2022,Gampaha,C-4,2600.0,2475.0
20.12.2022,Kalutara,C-5,3500.0,3465.0
20.12.2022,Colombo,H-2,2800.0,2800.0
20.12.2022,Colombo,H-1,3100.0,3100.0
20.12.2022,Colombo,C-4,3700.0,3700.0
20.12.2022,Colombo,C-5,3800.0,3800.0
20.12.2022,Gampaha,C-5,3500.0,3250.0
27.12.2022,Matara,C-4,3700.0,3633.0
27.12.2022,Galle,Alba,5800.0,5700.0
27.12.2022,Galle,C-5 Sp,4500.0,4450.0
27.12.2022,Galle,C-5,3600.0,3600.0
27.12.2022,Galle,H-1,3000.0,2850.0
27.12.2022,Galle,H-2,2800.0,2700.0
27.12.2022,Matara,Alba,6400.0,6320.0
27.12.2022,Matara,C-5 Sp,5500.0,4833.0
27.12.2022,Matara,C-5,4000.0,3850.0
27.12.2022,Matara,M-5,3650.0,3550.0
27.12.2022,Hambantota,C-4,3600.0,3550.0
27.12.2022,Matara,H-1,3300.0,3180.0
27.12.2022,Matara,H-2,3100.0,2925.0
27.12.2022,Matara,H-Faq,2500.0,2260.0
27.12.2022,Hambantota,C-5,3700.0,3650.0
27.12.2022,Kalutara,H-2,2700.0,2700.0
27.12.2022,Hambantota,H-1,3100.0,3050.0
27.12.2022,Hambantota,H-2,3000.0,2900.0
27.12.2022,Monaragala,H-1,2600.0,2500.0
27.12.2022,Monaragala,H-2,2400.0,2300.0
27.12.2022,Monaragala,Heen,1800.0,1700.0
27.12.2022,Monaragala,Gorosu,1500.0,1425.0
27.12.2022,Matara,M-4,3600.0,3300.0
27.12.2022,Kalutara,H-1,2900.0,2900.0
27.12.2022,Galle,C-4,3500.0,3450.0
27.12.2022,Kalutara,M-4,3000.0,2995.0
27.12.2022,Kalutara,M-5,3100.0,3070.0
27.12.2022,Ratnapura,Alba,6100.0,5866.0
27.12.2022,Ratnapura,C-5 Sp,5000.0,4800.0
27.12.2022,Ratnapura,C-5,4500.0,4366.0
27.12.2022,Ratnapura,C-4,3500.0,3450.0
27.12.2022,Ratnapura,M-5,3200.0,3183.0
27.12.2022,Ratnapura,M-4,3200.0,3183.0
27.12.2022,Ratnapura,H-2,2500.0,2433.0
27.12.2022,Badulla,Heen,3500.0,2708.0
27.12.2022,Badulla,Gorosu,2500.0,1925.0
27.12.2022,Kurunegala,Heen,3000.0,3000.0
27.12.2022,Kurunegala,Gorosu,2000.0,1867.0
27.12.2022,Ratnapura,H-1,3000.0,2833.0
27.12.2022,Colombo,C-5,3700.0,3700.0
27.12.2022,Colombo,C-5 Sp,4200.0,4200.0
27.12.2022,Kalutara,C-5,3500.0,3465.0
27.12.2022,Kalutara,C-5 Sp,4100.0,4080.0
27.12.2022,Kalutara,Alba,4800.0,4795.0
27.12.2022,Gampaha,Gorosu,2600.0,2225.0
27.12.2022,Kalutara,C-4,3400.0,3370.0
27.12.2022,Gampaha,C-5,3300.0,3200.0
27.12.2022,Colombo,H-2,2800.0,2800.0
27.12.2022,Colombo,H-1,3000.0,3000.0
27.12.2022,Colombo,C-4,3600.0,3600.0
27.12.2022,Gampaha,C-4,2800.0,2675.0
03.01.2023,Matara,C-5,5500.0,4150.0
03.01.2023,Kalutara,H-2,2700.0,2700.0
03.01.2023,Galle,Alba,6000.0,5900.0
03.01.2023,Galle,C-5 Sp,4600.0,4550.0
03.01.2023,Galle,C-5,3800.0,3775.0
03.01.2023,Galle,C-4,3450.0,3425.0
03.01.2023,Galle,H-1,3050.0,3025.0
03.01.2023,Galle,H-2,2900.0,2850.0
03.01.2023,Matara,Alba,6400.0,6325.0
03.01.2023,Matara,C-5 Sp,6000.0,5433.0
03.01.2023,Matara,C-4,3800.0,3636.0
03.01.2023,Kalutara,H-1,2900.0,2900.0
03.01.2023,Matara,M-4,3500.0,3350.0
03.01.2023,Matara,H-1,3300.0,3110.0
03.01.2023,Matara,H-2,3100.0,2856.0
03.01.2023,Matara,H-Faq,2500.0,2400.0
03.01.2023,Hambantota,C-5,3700.0,3650.0
03.01.2023,Hambantota,C-4,3600.0,3550.0
03.01.2023,Hambantota,H-1,3100.0,3050.0
03.01.2023,Hambantota,H-2,3000.0,2950.0
03.01.2023,Monaragala,H-1,2500.0,2400.0
03.01.2023,Monaragala,H-2,2300.0,2100.0
03.01.2023,Monaragala,Heen,1800.0,1750.0
03.01.2023,Matara,M-5,3600.0,3525.0
03.01.2023,Monaragala,Gorosu,1500.0,1425.0
03.01.2023,Kalutara,M-4,3000.0,2995.0
03.01.2023,Kalutara,C-4,3400.0,3370.0
03.01.2023,Ratnapura,Alba,6300.0,6200.0
03.01.2023,Ratnapura,C-5 Sp,5500.0,5333.0
03.01.2023,Ratnapura,C-5,4800.0,4600.0
03.01.2023,Ratnapura,C-4,3500.0,3400.0
03.01.2023,Ratnapura,M-5,3150.0,3083.0
03.01.2023,Ratnapura,M-4,3150.0,3083.0
03.01.2023,Ratnapura,H-1,3000.0,2833.0
03.01.2023,Ratnapura,H-2,2500.0,2333.0
03.01.2023,Badulla,Heen,3500.0,2708.0
03.01.2023,Badulla,Gorosu,2500.0,1925.0
03.01.2023,Kurunegala,Heen,3000.0,3000.0
03.01.2023,Kalutara,M-5,3100.0,3070.0
03.01.2023,Colombo,C-5 Sp,4300.0,4300.0
03.01.2023,Colombo,C-5,3800.0,3800.0
03.01.2023,Colombo,C-4,3700.0,3700.0
03.01.2023,Colombo,H-1,3000.0,3000.0
03.01.2023,Colombo,H-2,2800.0,2800.0
03.01.2023,Gampaha,C-5,3000.0,3000.0
03.01.2023,Gampaha,C-4,2700.0,2650.0
03.01.2023,Gampaha,Gorosu,2400.0,2200.0
03.01.2023,Kalutara,Alba,4900.0,4900.0
03.01.2023,Kalutara,C-5 Sp,4100.0,4080.0
03.01.2023,Kalutara,C-5,3500.0,3465.0
03.01.2023,Kurunegala,Gorosu,2000.0,1867.0
10.01.2023,Matara,C-5 Sp,5400.0,4800.0
10.01.2023,Matara,Alba,6400.0,6350.0
10.01.2023,Galle,H-2,2900.0,2850.0
10.01.2023,Galle,H-1,3050.0,3025.0
10.01.2023,Kalutara,H-2,2700.0,2700.0
10.01.2023,Galle,C-5,3800.0,3775.0
10.01.2023,Galle,C-5 Sp,4600.0,4550.0
10.01.2023,Galle,Alba,6000.0,5900.0
10.01.2023,Matara,C-5,4200.0,3930.0
10.01.2023,Galle,C-4,3450.0,3425.0
10.01.2023,Matara,C-4,2800.0,2636.0
10.01.2023,Hambantota,C-5,3700.0,3650.0
10.01.2023,Matara,M-4,3400.0,3375.0
10.01.2023,Matara,H-1,3200.0,3140.0
10.01.2023,Matara,H-2,3100.0,2922.0
10.01.2023,Matara,H-Faq,2700.0,2580.0
10.01.2023,Hambantota,C-4,3600.0,3550.0
10.01.2023,Hambantota,H-1,3100.0,3050.0
10.01.2023,Hambantota,H-2,3000.0,2950.0
10.01.2023,Monaragala,H-1,2000.0,1900.0
10.01.2023,Monaragala,H-2,1700.0,1600.0
10.01.2023,Monaragala,Heen,1500.0,1400.0
10.01.2023,Kalutara,H-1,2900.0,2900.0
10.01.2023,Matara,M-5,3600.0,3525.0
10.01.2023,Monaragala,Gorosu,1300.0,1250.0
10.01.2023,Kalutara,M-4,3000.0,2995.0
10.01.2023,Kalutara,C-4,3400.0,3370.0
10.01.2023,Kalutara,M-5,3100.0,3070.0
10.01.2023,Ratnapura,Alba,6500.0,6266.0
10.01.2023,Ratnapura,C-5 Sp,5500.0,5266.0
10.01.2023,Ratnapura,C-5,4600.0,4533.0
10.01.2023,Ratnapura,C-4,3500.0,3450.0
10.01.2023,Ratnapura,M-5,3100.0,3050.0
10.01.2023,Ratnapura,M-4,3100.0,3050.0
10.01.2023,Ratnapura,H-2,2500.0,2300.0
10.01.2023,Badulla,Heen,3000.0,2541.0
10.01.2023,Badulla,Gorosu,2500.0,1841.0
10.01.2023,Kurunegala,Heen,2800.0,2800.0
10.01.2023,Ratnapura,H-1,2800.0,2750.0
10.01.2023,Colombo,C-5 Sp,4400.0,4400.0
10.01.2023,Kurunegala,Gorosu,2000.0,1867.0
10.01.2023,Kalutara,C-5 Sp,4100.0,4080.0
10.01.2023,Kalutara,Alba,4900.0,4900.0
10.01.2023,Gampaha,Gorosu,2200.0,2100.0
10.01.2023,Gampaha,C-4,2700.0,2625.0
10.01.2023,Kalutara,C-5,3500.0,3465.0
10.01.2023,Colombo,H-2,2900.0,2900.0
10.01.2023,Colombo,H-1,3100.0,3100.0
10.01.2023,Colombo,C-4,3700.0,3700.0
10.01.2023,Colombo,C-5,3900.0,3900.0
10.01.2023,Gampaha,C-5,3200.0,3100.0
17.01.2023,Matara,C-5,4200.0,3890.0
17.01.2023,Kalutara,H-2,2700.0,2700.0
17.01.2023,Galle,Alba,6000.0,5900.0
17.01.2023,Galle,C-5 Sp,4800.0,4700.0
17.01.2023,Galle,C-5,4000.0,3900.0
17.01.2023,Galle,C-4,3600.0,3550.0
17.01.2023,Galle,H-1,3050.0,3025.0
17.01.2023,Galle,H-2,2900.0,2850.0
17.01.2023,Matara,Alba,6500.0,6475.0
17.01.2023,Monaragala,Gorosu,1400.0,1300.0
17.01.2023,Matara,C-4,3750.0,3642.0
17.01.2023,Kalutara,H-1,2900.0,2900.0
17.01.2023,Matara,M-4,3400.0,3313.0
17.01.2023,Matara,H-1,3300.0,3190.0
17.01.2023,Matara,H-2,3150.0,2894.0
17.01.2023,Matara,H-Faq,2700.0,2475.0
17.01.2023,Hambantota,C-5,3800.0,3750.0
17.01.2023,Hambantota,C-4,3700.0,3650.0
17.01.2023,Hambantota,H-1,3200.0,3150.0
17.01.2023,Hambantota,H-2,3100.0,3100.0
17.01.2023,Monaragala,H-1,2500.0,2480.0
17.01.2023,Monaragala,H-2,2300.0,2260.0
17.01.2023,Monaragala,Heen,1800.0,1680.0
17.01.2023,Matara,M-5,3600.0,3500.0
17.01.2023,Kalutara,M-4,3000.0,2995.0
17.01.2023,Matara,C-5 Sp,5500.0,4933.0
17.01.2023,Kalutara,C-4,3400.0,3370.0
17.01.2023,Ratnapura,Alba,6500.0,6288.0
17.01.2023,Ratnapura,C-5 Sp,5500.0,5250.0
17.01.2023,Ratnapura,C-5,5000.0,4675.0
17.01.2023,Ratnapura,C-4,4000.0,3700.0
17.01.2023,Ratnapura,M-5,3100.0,3000.0
17.01.2023,Ratnapura,M-4,3100.0,3000.0
17.01.2023,Ratnapura,H-1,3050.0,2925.0
17.01.2023,Ratnapura,H-2,2500.0,2475.0
17.01.2023,Badulla,Heen,3500.0,2616.0
17.01.2023,Badulla,Gorosu,2500.0,1975.0
17.01.2023,Kurunegala,Heen,2500.0,2500.0
17.01.2023,Kalutara,M-5,3100.0,3070.0
17.01.2023,Colombo,C-5 Sp,4500.0,4500.0
17.01.2023,Colombo,C-5,3900.0,3900.0
17.01.2023,Colombo,C-4,3750.0,3750.0
17.01.2023,Colombo,H-1,3000.0,3000.0
17.01.2023,Colombo,H-2,2900.0,2900.0
17.01.2023,Gampaha,C-5,3200.0,3100.0
17.01.2023,Gampaha,C-4,2700.0,2650.0
17.01.2023,Gampaha,Gorosu,2200.0,2075.0
17.01.2023,Kalutara,Alba,4900.0,4900.0
17.01.2023,Kalutara,C-5 Sp,4100.0,4080.0
17.01.2023,Kalutara,C-5,3500.0,3465.0
17.01.2023,Kurunegala,Gorosu,1800.0,1800.0
24.01.2023,Matara,C-5,4000.0,3860.0
24.01.2023,Matara,C-5 Sp,5500.0,4833.0
24.01.2023,Matara,Alba,6500.0,6475.0
24.01.2023,Galle,H-2,2900.0,2850.0
24.01.2023,Galle,Alba,6000.0,5900.0
24.01.2023,Galle,C-4,3600.0,3550.0
24.01.2023,Galle,C-5,4000.0,3900.0
24.01.2023,Galle,C-5 Sp,4800.0,4700.0
24.01.2023,Matara,C-4,3750.0,3650.0
24.01.2023,Galle,H-1,3050.0,3025.0
24.01.2023,Matara,M-5,3700.0,3525.0
24.01.2023,Hambantota,C-4,3700.0,3675.0
24.01.2023,Matara,H-1,3400.0,3260.0
24.01.2023,Matara,H-2,3200.0,2981.0
24.01.2023,Matara,H-Faq,2900.0,2425.0
24.01.2023,Hambantota,C-5,3800.0,3775.0
24.01.2023,Hambantota,H-1,3250.0,3225.0
24.01.2023,Hambantota,H-2,3200.0,3200.0
24.01.2023,Monaragala,H-1,2700.0,2620.0
24.01.2023,Monaragala,H-2,2500.0,2450.0
24.01.2023,Monaragala,Heen,1600.0,1450.0
24.01.2023,Monaragala,Gorosu,1300.0,1200.0
24.01.2023,Kalutara,H-2,2700.0,2700.0
24.01.2023,Matara,M-4,3600.0,3400.0
24.01.2023,Kalutara,H-1,2900.0,2900.0
24.01.2023,Kalutara,M-4,3000.0,2995.0
24.01.2023,Kalutara,M-5,3100.0,3070.0
24.01.2023,Ratnapura,C-5 Sp,5500.0,5350.0
24.01.2023,Ratnapura,C-5,4200.0,4125.0
24.01.2023,Ratnapura,C-4,4000.0,3800.0
24.01.2023,Ratnapura,M-5,3300.0,3175.0
24.01.2023,Ratnapura,M-4,3300.0,3175.0
24.01.2023,Ratnapura,H-1,3200.0,3050.0
24.01.2023,Ratnapura,H-2,2900.0,2729.0
24.01.2023,Badulla,Heen,3500.0,2666.0
24.01.2023,Badulla,Gorosu,2600.0,2000.0
24.01.2023,Kurunegala,Heen,2500.0,2500.0
24.01.2023,Kurunegala,Gorosu,2000.0,1867.0
24.01.2023,Ratnapura,Alba,6400.0,6312.0
24.01.2023,Colombo,C-5,3900.0,3900.0
24.01.2023,Colombo,C-4,3700.0,3700.0
24.01.2023,Colombo,H-1,3000.0,3000.0
24.01.2023,Colombo,H-2,2900.0,2900.0
24.01.2023,Gampaha,C-5,3300.0,3150.0
24.01.2023,Gampaha,C-4,2900.0,2772.0
24.01.2023,Gampaha,Gorosu,2500.0,2300.0
24.01.2023,Kalutara,Alba,4900.0,4900.0
24.01.2023,Kalutara,C-5 Sp,4100.0,4080.0
24.01.2023,Kalutara,C-5,3500.0,3465.0
24.01.2023,Kalutara,C-4,3400.0,3370.0
24.01.2023,Colombo,C-5 Sp,4500.0,4500.0
31.01.2023,Matara,C-5,4200.0,3940.0
31.01.2023,Matara,C-5 Sp,5500.0,5067.0
31.01.2023,Matara,Alba,6500.0,6475.0
31.01.2023,Galle,H-2,3000.0,2950.0
31.01.2023,Kalutara,H-2,2700.0,2700.0
31.01.2023,Galle,C-4,3600.0,3550.0
31.01.2023,Galle,C-5,4000.0,3900.0
31.01.2023,Galle,C-5 Sp,4800.0,4700.0
31.01.2023,Matara,C-4,3800.0,3707.0
31.01.2023,Galle,H-1,3100.0,3050.0
31.01.2023,Matara,M-5,3600.0,3550.0
31.01.2023,Hambantota,C-4,3750.0,3700.0
31.01.2023,Matara,H-1,3300.0,3230.0
31.01.2023,Matara,H-2,3200.0,2967.0
31.01.2023,Matara,H-Faq,2800.0,2500.0
31.01.2023,Hambantota,C-5,3850.0,3800.0
31.01.2023,Hambantota,H-1,3250.0,3225.0
31.01.2023,Hambantota,H-2,3200.0,3200.0
31.01.2023,Monaragala,H-1,2900.0,2825.0
31.01.2023,Monaragala,H-2,2700.0,2575.0
31.01.2023,Monaragala,Heen,2000.0,1925.0
31.01.2023,Monaragala,Gorosu,1500.0,1425.0
31.01.2023,Kalutara,H-1,2900.0,2900.0
31.01.2023,Matara,M-4,3500.0,3388.0
31.01.2023,Kalutara,M-4,3000.0,2995.0
31.01.2023,Galle,Alba,6000.0,5950.0
31.01.2023,Kalutara,C-4,3400.0,3370.0
31.01.2023,Kalutara,M-5,3100.0,3070.0
31.01.2023,Ratnapura,Alba,6500.0,6500.0
31.01.2023,Ratnapura,C-5 Sp,6200.0,5900.0
31.01.2023,Ratnapura,C-5,4500.0,4500.0
31.01.2023,Ratnapura,C-4,4000.0,3866.0
31.01.2023,Ratnapura,M-5,3150.0,3100.0
31.01.2023,Ratnapura,M-4,3150.0,3100.0
31.01.2023,Ratnapura,H-2,2800.0,2600.0
31.01.2023,Badulla,Heen,3500.0,2666.0
31.01.2023,Badulla,Gorosu,2500.0,1975.0
31.01.2023,Kurunegala,Heen,3200.0,3200.0
31.01.2023,Kurunegala,Gorosu,2100.0,1967.0
31.01.2023,Ratnapura,H-1,3100.0,3033.0
31.01.2023,Colombo,C-5,4200.0,4200.0
31.01.2023,Colombo,C-5 Sp,4600.0,4600.0
31.01.2023,Kalutara,C-5 Sp,4100.0,4080.0
31.01.2023,Kalutara,Alba,4900.0,4900.0
31.01.2023,Gampaha,Gorosu,2500.0,2325.0
31.01.2023,Gampaha,C-4,3000.0,2900.0
31.01.2023,Kalutara,C-5,3500.0,3465.0
31.01.2023,Colombo,H-2,3100.0,3100.0
31.01.2023,Colombo,H-1,3300.0,3300.0
31.01.2023,Colombo,C-4,4000.0,4000.0
31.01.2023,Gampaha,C-5,3400.0,3275.0
07.02.2023,Matara,C-5 Sp,5300.0,4900.0
07.02.2023,Kalutara,M-4,3000.0,2995.0
07.02.2023,Kalutara,H-1,2900.0,2900.0
07.02.2023,Kalutara,H-2,2700.0,2700.0
07.02.2023,Galle,Alba,6000.0,5950.0
07.02.2023,Galle,C-5 Sp,4800.0,4700.0
07.02.2023,Galle,C-5,4500.0,4400.0
07.02.2023,Galle,C-4,3600.0,3550.0
07.02.2023,Galle,H-1,3100.0,3050.0
07.02.2023,Galle,H-2,3000.0,2950.0
07.02.2023,Matara,Alba,6500.0,6325.0
07.02.2023,Matara,C-5,4100.0,3938.0
07.02.2023,Monaragala,Heen,1900.0,1800.0
07.02.2023,Matara,M-5,3700.0,3567.0
07.02.2023,Matara,M-4,3600.0,3425.0
07.02.2023,Matara,H-1,3400.0,3230.0
07.02.2023,Matara,H-2,3200.0,3000.0
07.02.2023,Matara,H-Faq,2900.0,2580.0
07.02.2023,Hambantota,C-5,3850.0,3850.0
07.02.2023,Hambantota,C-4,3750.0,3700.0
07.02.2023,Hambantota,H-1,3250.0,3225.0
07.02.2023,Hambantota,H-2,3200.0,3200.0
07.02.2023,Monaragala,H-1,2800.0,2700.0
07.02.2023,Monaragala,H-2,2500.0,2400.0
07.02.2023,Monaragala,Gorosu,1500.0,1375.0
07.02.2023,Matara,C-4,3800.0,3736.0
07.02.2023,Kalutara,C-4,3400.0,3370.0
07.02.2023,Kalutara,M-5,3100.0,3070.0
07.02.2023,Kalutara,C-5 Sp,4100.0,4090.0
07.02.2023,Kalutara,C-5,3500.0,3470.0
07.02.2023,Ratnapura,Alba,6500.0,6450.0
07.02.2023,Ratnapura,C-5 Sp,5000.0,4900.0
07.02.2023,Ratnapura,C-5,4200.0,4150.0
07.02.2023,Ratnapura,C-4,3900.0,3833.0
07.02.2023,Ratnapura,M-5,3300.0,3200.0
07.02.2023,Ratnapura,M-4,3300.0,3200.0
07.02.2023,Ratnapura,H-2,2900.0,2816.0
07.02.2023,Badulla,C-5,3800.0,3800.0
07.02.2023,Badulla,C-4,3500.0,3500.0
07.02.2023,Badulla,H-1,3000.0,3000.0
07.02.2023,Badulla,H-2,2800.0,2800.0
07.02.2023,Ratnapura,H-1,3100.0,3033.0
07.02.2023,Badulla,Gorosu,2200.0,1400.0
07.02.2023,Badulla,Heen,2500.0,2050.0
07.02.2023,Gampaha,Gorosu,2600.0,2475.0
07.02.2023,Gampaha,C-4,3000.0,2975.0
07.02.2023,Gampaha,C-5,3500.0,3400.0
07.02.2023,Colombo,H-2,3100.0,3100.0
07.02.2023,Colombo,H-1,3200.0,3200.0
07.02.2023,Kalutara,Alba,4900.0,4900.0
07.02.2023,Colombo,C-5,4200.0,4200.0
07.02.2023,Colombo,C-5 Sp,4500.0,4500.0
07.02.2023,Kurunegala,Gorosu,2500.0,2167.0
07.02.2023,Kurunegala,Heen,4000.0,3400.0
07.02.2023,Colombo,C-4,4000.0,4000.0
14.02.2023,Matara,C-5,4000.0,3933.0
14.02.2023,Matara,C-5 Sp,5500.0,4967.0
14.02.2023,Matara,Alba,6500.0,6200.0
14.02.2023,Galle,H-2,3100.0,3050.0
14.02.2023,Galle,H-1,3300.0,3200.0
14.02.2023,Galle,C-5 Sp,4200.0,4100.0
14.02.2023,Galle,C-5,3800.0,3750.0
14.02.2023,Galle,Alba,6000.0,5750.0
14.02.2023,Kalutara,H-2,2700.0,2700.0
14.02.2023,Kalutara,H-1,2900.0,2900.0
14.02.2023,Galle,C-4,3600.0,3550.0
14.02.2023,Matara,C-4,3750.0,3692.0
14.02.2023,Kalutara,M-4,3000.0,2995.0
14.02.2023,Matara,M-4,3400.0,3367.0
14.02.2023,Matara,H-1,3300.0,3263.0
14.02.2023,Matara,H-2,3200.0,3020.0
14.02.2023,Matara,H-Faq,2800.0,2475.0
14.02.2023,Hambantota,C-5,3800.0,3750.0
14.02.2023,Monaragala,Gorosu,1400.0,1320.0
14.02.2023,Hambantota,C-4,3600.0,3600.0
14.02.2023,Hambantota,H-1,3250.0,3225.0
14.02.2023,Hambantota,H-2,3150.0,3125.0
14.02.2023,Monaragala,H-1,2300.0,2200.0
14.02.2023,Monaragala,H-2,2100.0,1960.0
14.02.2023,Monaragala,Heen,1700.0,1660.0
14.02.2023,Matara,M-5,3600.0,3567.0
14.02.2023,Kalutara,M-5,3100.0,3070.0
14.02.2023,Ratnapura,H-1,3200.0,3100.0
14.02.2023,Kalutara,C-5,3500.0,3465.0
14.02.2023,Ratnapura,Alba,6500.0,6400.0
14.02.2023,Ratnapura,C-5 Sp,5700.0,5633.0
14.02.2023,Ratnapura,C-5,4500.0,4500.0
14.02.2023,Ratnapura,C-4,4000.0,3700.0
14.02.2023,Ratnapura,M-5,3300.0,3250.0
14.02.2023,Ratnapura,M-4,3300.0,3250.0
14.02.2023,Ratnapura,H-2,2900.0,2833.0
14.02.2023,Badulla,C-5,3800.0,3800.0
14.02.2023,Badulla,C-4,3500.0,3500.0
14.02.2023,Badulla,H-1,3000.0,3000.0
14.02.2023,Badulla,H-2,2800.0,2800.0
14.02.2023,Badulla,Heen,2500.0,2500.0
14.02.2023,Kalutara,C-4,3400.0,3370.0
14.02.2023,Kurunegala,Heen,3500.0,3233.0
14.02.2023,Kalutara,C-5 Sp,4100.0,4080.0
14.02.2023,Kalutara,Alba,4950.0,4950.0
14.02.2023,Gampaha,Gorosu,3000.0,2625.0
14.02.2023,Badulla,Gorosu,2000.0,2000.0
14.02.2023,Gampaha,C-5,3700.0,3600.0
14.02.2023,Gampaha,C-4,3200.0,2950.0
14.02.2023,Colombo,H-1,3300.0,3300.0
14.02.2023,Colombo,C-4,4000.0,4000.0
14.02.2023,Colombo,C-5,4200.0,4200.0
14.02.2023,Colombo,C-5 Sp,4700.0,4700.0
14.02.2023,Kurunegala,Gorosu,2000.0,1933.0
14.02.2023,Colombo,H-2,3100.0,3100.0
21.02.2023,Matara,C-5,3800.0,3625.0
21.02.2023,Matara,C-5 Sp,5000.0,4933.0
21.02.2023,Matara,Alba,6300.0,6100.0
21.02.2023,Galle,H-2,3000.0,2925.0
21.02.2023,Kalutara,H-2,2700.0,2700.0
21.02.2023,Galle,C-4,3600.0,3550.0
21.02.2023,Galle,C-5,3800.0,3750.0
21.02.2023,Galle,C-5 Sp,4300.0,4150.0
21.02.2023,Galle,Alba,6000.0,5750.0
21.02.2023,Matara,C-4,3700.0,3520.0
21.02.2023,Galle,H-1,3100.0,3050.0
21.02.2023,Matara,M-5,3650.0,3483.0
21.02.2023,Hambantota,H-1,3000.0,3000.0
21.02.2023,Matara,H-1,3300.0,3138.0
21.02.2023,Matara,H-2,3200.0,2929.0
21.02.2023,Matara,H-Faq,2800.0,2533.0
21.02.2023,Hambantota,C-5,3800.0,3775.0
21.02.2023,Hambantota,C-4,3700.0,3700.0
21.02.2023,Hambantota,H-2,2900.0,2900.0
21.02.2023,Monaragala,C-4,3500.0,3500.0
21.02.2023,Monaragala,H-1,3000.0,2900.0
21.02.2023,Monaragala,H-2,2700.0,2650.0
21.02.2023,Monaragala,Heen,2200.0,2150.0
21.02.2023,Monaragala,Gorosu,1900.0,1850.0
21.02.2023,Kalutara,H-1,2900.0,2900.0
21.02.2023,Matara,M-4,3600.0,3367.0
21.02.2023,Kalutara,M-4,3000.0,2995.0
21.02.2023,Kalutara,M-5,3100.0,3070.0
21.02.2023,Ratnapura,Alba,6200.0,6100.0
21.02.2023,Kalutara,C-4,3400.0,3370.0
21.02.2023,Ratnapura,C-5 Sp,5000.0,4800.0
21.02.2023,Ratnapura,C-5,3600.0,3550.0
21.02.2023,Ratnapura,C-4,3400.0,3300.0
21.02.2023,Ratnapura,M-5,3050.0,3016.0
21.02.2023,Ratnapura,M-4,3050.0,3016.0
21.02.2023,Ratnapura,H-1,3000.0,2950.0
21.02.2023,Badulla,C-5,3800.0,3800.0
21.02.2023,Badulla,C-4,3500.0,3500.0
21.02.2023,Badulla,H-1,3000.0,3000.0
21.02.2023,Badulla,H-2,2800.0,2800.0
21.02.2023,Badulla,Heen,2500.0,2300.0
21.02.2023,Badulla,Gorosu,2000.0,1508.0
21.02.2023,Ratnapura,H-2,2900.0,2816.0
21.02.2023,Kurunegala,Gorosu,2000.0,1933.0
21.02.2023,Kurunegala,Heen,3000.0,3000.0
21.02.2023,Kalutara,C-5 Sp,4100.0,4080.0
21.02.2023,Kalutara,Alba,4950.0,4950.0
21.02.2023,Gampaha,Gorosu,2600.0,2500.0
21.02.2023,Gampaha,C-4,3300.0,3200.0
21.02.2023,Gampaha,C-5,3700.0,3700.0
21.02.2023,Kalutara,C-5,3500.0,3465.0
21.02.2023,Colombo,H-1,3000.0,3000.0
21.02.2023,Colombo,C-4,3800.0,3800.0
21.02.2023,Colombo,C-5,4000.0,4000.0
21.02.2023,Colombo,C-5 Sp,4400.0,4400.0
21.02.2023,Colombo,H-2,2900.0,2900.0
28.02.2023,Matara,C-4,3500.0,3360.0
28.02.2023,Matara,C-5,4200.0,3625.0
28.02.2023,Matara,C-5 Sp,4600.0,4533.0
28.02.2023,Matara,Alba,6200.0,6050.0
28.02.2023,Galle,H-2,3000.0,2925.0
28.02.2023,Galle,H-1,3100.0,3050.0
28.02.2023,Galle,C-5 Sp,4300.0,4150.0
28.02.2023,Galle,C-5,3800.0,3750.0
28.02.2023,Galle,Alba,6000.0,5750.0
28.02.2023,Kalutara,H-2,2700.0,2700.0
28.02.2023,Kalutara,H-1,2900.0,2900.0
28.02.2023,Galle,C-4,3600.0,3550.0
28.02.2023,Matara,M-5,3350.0,3217.0
28.02.2023,Kalutara,M-4,3000.0,2995.0
28.02.2023,Matara,H-1,3100.0,3000.0
28.02.2023,Matara,H-2,3000.0,2814.0
28.02.2023,Matara,H-Faq,2500.0,2233.0
28.02.2023,Hambantota,C-5,3400.0,3400.0
28.02.2023,Hambantota,C-4,3300.0,3250.0
28.02.2023,Hambantota,H-1,3000.0,2950.0
28.02.2023,Hambantota,H-2,2700.0,2700.0
28.02.2023,Monaragala,C-4,3500.0,3500.0
28.02.2023,Monaragala,H-1,2900.0,2850.0
28.02.2023,Monaragala,H-2,2500.0,2440.0
28.02.2023,Monaragala,Heen,2000.0,2933.0
28.02.2023,Monaragala,Gorosu,1800.0,1766.0
28.02.2023,Matara,M-4,3100.0,3050.0
28.02.2023,Kalutara,M-5,3100.0,3080.0
28.02.2023,Ratnapura,Alba,5550.0,5516.0
28.02.2023,Kalutara,C-5,3500.0,3470.0
28.02.2023,Kalutara,C-4,3400.0,3370.0
28.02.2023,Ratnapura,C-5 Sp,4600.0,4533.0
28.02.2023,Ratnapura,C-5,4200.0,4183.0
28.02.2023,Ratnapura,C-4,3600.0,3533.0
28.02.2023,Ratnapura,M-5,3250.0,3150.0
28.02.2023,Ratnapura,M-4,3250.0,3150.0
28.02.2023,Ratnapura,H-1,3100.0,2900.0
28.02.2023,Badulla,C-5,3500.0,3500.0
28.02.2023,Badulla,C-4,3000.0,3000.0
28.02.2023,Badulla,H-1,2800.0,2800.0
28.02.2023,Badulla,H-2,2500.0,2500.0
28.02.2023,Badulla,Heen,2500.0,2083.0
28.02.2023,Ratnapura,H-2,2800.0,2700.0
28.02.2023,Kurunegala,Heen,3200.0,2833.0
28.02.2023,Kalutara,C-5 Sp,4100.0,4080.0
28.02.2023,Badulla,Gorosu,2000.0,1516.0
28.02.2023,Kalutara,Alba,4950.0,4950.0
28.02.2023,Gampaha,Gorosu,2500.0,2300.0
28.02.2023,Gampaha,C-4,3200.0,3000.0
28.02.2023,Colombo,H-2,2800.0,2800.0
28.02.2023,Gampaha,C-5,3800.0,3800.0
28.02.2023,Colombo,C-4,3300.0,3300.0
28.02.2023,Colombo,C-5,4000.0,4000.0
28.02.2023,Colombo,C-5 Sp,4500.0,4500.0
28.02.2023,Kurunegala,Gorosu,2000.0,1767.0
28.02.2023,Colombo,H-1,3000.0,3000.0
07.03.2023,Galle,H-2,2600.0,2550.0
07.03.2023,Matara,C-5,3500.0,3433.0
07.03.2023,Matara,C-5 Sp,4500.0,4300.0
07.03.2023,Matara,Alba,6200.0,5567.0
07.03.2023,Galle,H-1,2700.0,2650.0
07.03.2023,Kalutara,H-1,2900.0,2900.0
07.03.2023,Galle,C-5,3200.0,3190.0
07.03.2023,Galle,C-5 Sp,3700.0,3650.0
07.03.2023,Galle,Alba,5400.0,5200.0
07.03.2023,Kalutara,H-2,2700.0,2700.0
07.03.2023,Matara,C-4,3400.0,3175.0
07.03.2023,Galle,C-4,3100.0,3050.0
07.03.2023,Matara,M-5,3200.0,2950.0
07.03.2023,Monaragala,Heen,1800.0,1750.0
07.03.2023,Matara,H-1,3100.0,2838.0
07.03.2023,Monaragala,Gorosu,1500.0,1400.0
07.03.2023,Matara,H-2,3000.0,2533.0
07.03.2023,Matara,H-Faq,2000.0,1867.0
07.03.2023,Hambantota,C-5,3000.0,3000.0
07.03.2023,Hambantota,C-4,2800.0,2800.0
07.03.2023,Hambantota,H-1,2600.0,2600.0
07.03.2023,Hambantota,H-2,2500.0,2500.0
07.03.2023,Monaragala,C-4,3000.0,3000.0
07.03.2023,Monaragala,H-1,2500.0,2400.0
07.03.2023,Monaragala,H-2,2300.0,2200.0
07.03.2023,Kalutara,M-4,3000.0,2995.0
07.03.2023,Matara,M-4,3100.0,2850.0
07.03.2023,Kalutara,M-5,3100.0,3085.0
07.03.2023,Badulla,H-1,2800.0,2800.0
07.03.2023,Kalutara,C-5,3500.0,3470.0
07.03.2023,Kalutara,C-4,3400.0,3370.0
07.03.2023,Ratnapura,Alba,4000.0,4000.0
07.03.2023,Ratnapura,C-5 Sp,3500.0,3500.0
07.03.2023,Ratnapura,C-5,3400.0,3350.0
07.03.2023,Ratnapura,C-4,3000.0,3000.0
07.03.2023,Ratnapura,M-5,3000.0,2950.0
07.03.2023,Ratnapura,M-4,3000.0,2950.0
07.03.2023,Ratnapura,H-2,1900.0,1900.0
07.03.2023,Badulla,C-5,3500.0,3500.0
07.03.2023,Badulla,C-4,3000.0,3000.0
07.03.2023,Badulla,H-2,2500.0,2500.0
07.03.2023,Badulla,Heen,2500.0,2350.0
07.03.2023,Ratnapura,H-1,2500.0,2200.0
07.03.2023,Kurunegala,Heen,2800.0,2800.0
07.03.2023,Badulla,Gorosu,2000.0,1583.0
07.03.2023,Kalutara,Alba,4950.0,4950.0
07.03.2023,Gampaha,Gorosu,2600.0,2575.0
07.03.2023,Gampaha,C-4,2900.0,2850.0
07.03.2023,Gampaha,C-5,3000.0,3000.0
07.03.2023,Colombo,H-2,2800.0,2800.0
07.03.2023,Kalutara,C-5 Sp,4100.0,4080.0
07.03.2023,Colombo,C-4,3200.0,3200.0
07.03.2023,Colombo,C-5,4000.0,4000.0
07.03.2023,Colombo,C-5 Sp,4400.0,4400.0
07.03.2023,Kurunegala,Gorosu,2000.0,2000.0
07.03.2023,Colombo,H-1,3000.0,3000.0
14.03.2023,Matara,C-5,3500.0,3233.0
14.03.2023,Matara,C-5 Sp,4500.0,4000.0
14.03.2023,Matara,Alba,5500.0,5500.0
14.03.2023,Galle,H-2,2400.0,2350.0
14.03.2023,Galle,H-1,2500.0,2500.0
14.03.2023,Galle,C-4,3000.0,2950.0
14.03.2023,Galle,Alba,5500.0,5500.0
14.03.2023,Galle,C-5 Sp,4900.0,4900.0
14.03.2023,Kalutara,H-2,2700.0,2700.0
14.03.2023,Kalutara,H-1,2900.0,2900.0
14.03.2023,Kalutara,M-4,3000.0,2995.0
14.03.2023,Galle,C-5,3500.0,3400.0
14.03.2023,Matara,C-4,3100.0,2929.0
14.03.2023,Monaragala,Gorosu,1500.0,1425.0
14.03.2023,Matara,M-4,2900.0,2667.0
14.03.2023,Matara,H-1,2700.0,2525.0
14.03.2023,Matara,H-2,2600.0,2338.0
14.03.2023,Matara,H-Faq,1800.0,1800.0
14.03.2023,Hambantota,C-5,3000.0,3000.0
14.03.2023,Hambantota,C-4,2800.0,2800.0
14.03.2023,Hambantota,H-1,2500.0,2500.0
14.03.2023,Hambantota,H-2,2450.0,2450.0
14.03.2023,Monaragala,C-4,3000.0,3000.0
14.03.2023,Monaragala,H-1,2500.0,2400.0
14.03.2023,Monaragala,Heen,1800.0,1600.0
14.03.2023,Kalutara,M-5,3100.0,3070.0
14.03.2023,Matara,M-5,3000.0,2800.0
14.03.2023,Kalutara,C-4,3400.0,3380.0
14.03.2023,Monaragala,H-2,2200.0,2000.0
14.03.2023,Kalutara,C-5 Sp,4100.0,4080.0
14.03.2023,Kalutara,C-5,3500.0,3470.0
14.03.2023,Ratnapura,C-5 Sp,4500.0,4166.0
14.03.2023,Ratnapura,C-5,3800.0,3533.0
14.03.2023,Ratnapura,C-4,3100.0,3066.0
14.03.2023,Ratnapura,M-5,2900.0,2850.0
14.03.2023,Ratnapura,M-4,2900.0,2850.0
14.03.2023,Ratnapura,H-1,2700.0,2633.0
14.03.2023,Ratnapura,H-2,2550.0,2500.0
14.03.2023,Badulla,C-5,3000.0,3000.0
14.03.2023,Badulla,C-4,2600.0,2600.0
14.03.2023,Badulla,H-1,2500.0,2500.0
14.03.2023,Badulla,H-2,2200.0,2200.0
14.03.2023,Badulla,Heen,2100.0,1983.0
14.03.2023,Ratnapura,Alba,5550.0,5516.0
14.03.2023,Kurunegala,Heen,3000.0,2333.0
14.03.2023,Badulla,Gorosu,2000.0,1600.0
14.03.2023,Kalutara,Alba,4950.0,4950.0
14.03.2023,Gampaha,H-2,2500.0,2500.0
14.03.2023,Gampaha,H-1,2600.0,2600.0
14.03.2023,Gampaha,C-4,3000.0,2800.0
14.03.2023,Gampaha,C-5,3300.0,3150.0
14.03.2023,Gampaha,Gorosu,2600.0,2400.0
14.03.2023,Colombo,H-1,2500.0,2500.0
14.03.2023,Colombo,C-4,3000.0,3000.0
14.03.2023,Colombo,C-5,3200.0,3200.0
14.03.2023,Colombo,C-5 Sp,3500.0,3500.0
14.03.2023,Kurunegala,Gorosu,2000.0,1767.0
14.03.2023,Colombo,H-2,2000.0,2000.0
21.03.2023,Matara,C-5 Sp,4300.0,4250.0
21.03.2023,Matara,Alba,5500.0,5233.0
21.03.2023,Galle,H-2,2400.0,2350.0
21.03.2023,Galle,H-1,2500.0,2500.0
21.03.2023,Galle,C-5 Sp,4000.0,3900.0
21.03.2023,Galle,C-5,3400.0,3350.0
21.03.2023,Galle,Alba,4900.0,4850.0
21.03.2023,Kalutara,H-2,2700.0,2700.0
21.03.2023,Kalutara,H-1,2900.0,2865.0
21.03.2023,Matara,C-5,3700.0,3650.0
21.03.2023,Galle,C-4,3100.0,3050.0
21.03.2023,Matara,C-4,3600.0,3300.0
21.03.2023,Hambantota,C-4,3000.0,3000.0
21.03.2023,Matara,M-4,3200.0,2950.0
21.03.2023,Matara,H-1,3100.0,2925.0
21.03.2023,Matara,H-2,3000.0,2543.0
21.03.2023,Matara,H-Faq,2000.0,1767.0
21.03.2023,Hambantota,C-5,3200.0,3150.0
21.03.2023,Hambantota,H-1,2800.0,2800.0
21.03.2023,Hambantota,H-2,2600.0,2600.0
21.03.2023,Monaragala,C-4,2500.0,2500.0
21.03.2023,Monaragala,H-1,2200.0,2100.0
21.03.2023,Monaragala,H-2,1800.0,1750.0
21.03.2023,Monaragala,Heen,1600.0,1500.0
21.03.2023,Kalutara,M-4,3000.0,3000.0
21.03.2023,Monaragala,Gorosu,1300.0,1250.0
21.03.2023,Matara,M-5,3300.0,3200.0
21.03.2023,Kalutara,M-5,3100.0,3070.0
21.03.2023,Kalutara,C-5 Sp,4000.0,4000.0
21.03.2023,Kalutara,C-5,3500.0,3500.0
21.03.2023,Kalutara,C-4,3350.0,3320.0
21.03.2023,Ratnapura,C-5 Sp,4300.0,4166.0
21.03.2023,Ratnapura,C-5,3600.0,3566.0
21.03.2023,Ratnapura,C-4,3500.0,3366.0
21.03.2023,Ratnapura,M-5,3100.0,3033.0
21.03.2023,Ratnapura,M-4,3100.0,3033.0
21.03.2023,Ratnapura,H-1,3000.0,2933.0
21.03.2023,Ratnapura,H-2,2900.0,2733.0
21.03.2023,Badulla,C-5,3500.0,3500.0
21.03.2023,Badulla,C-4,3000.0,3000.0
21.03.2023,Badulla,H-1,2800.0,2800.0
21.03.2023,Badulla,H-2,2500.0,2500.0
21.03.2023,Ratnapura,Alba,5500.0,5333.0
21.03.2023,Badulla,Gorosu,2000.0,1466.0
21.03.2023,Badulla,Heen,2400.0,2400.0
21.03.2023,Gampaha,Gorosu,1600.0,1500.0
21.03.2023,Gampaha,C-4,2800.0,2700.0
21.03.2023,Gampaha,C-5,3000.0,3000.0
21.03.2023,Colombo,H-2,2600.0,2600.0
21.03.2023,Kalutara,Alba,4900.0,4900.0
21.03.2023,Colombo,C-4,3000.0,3000.0
21.03.2023,Colombo,C-5,3300.0,3300.0
21.03.2023,Colombo,C-5 Sp,3500.0,3500.0
21.03.2023,Kurunegala,Gorosu,2000.0,1933.0
21.03.2023,Kurunegala,Heen,3000.0,2567.0
21.03.2023,Colombo,H-1,2700.0,2700.0
28.03.2023,Matara,C-5,4500.0,3900.0
28.03.2023,Matara,C-5 Sp,5000.0,4667.0
28.03.2023,Matara,Alba,5500.0,5300.0
28.03.2023,Galle,H-2,2300.0,2250.0
28.03.2023,Galle,C-4,3300.0,3200.0
28.03.2023,Galle,C-5,4000.0,3900.0
28.03.2023,Galle,C-5 Sp,4500.0,4400.0
28.03.2023,Galle,Alba,5300.0,5150.0
28.03.2023,Matara,C-4,3500.0,3350.0
28.03.2023,Galle,H-1,2700.0,2600.0
28.03.2023,Matara,M-5,3300.0,3300.0
28.03.2023,Hambantota,H-1,2650.0,2625.0
28.03.2023,Matara,H-1,3100.0,2950.0
28.03.2023,Matara,H-2,3000.0,2614.0
28.03.2023,Matara,H-Faq,2200.0,2067.0
28.03.2023,Hambantota,C-5,3400.0,3400.0
28.03.2023,Hambantota,C-4,3200.0,3200.0
28.03.2023,Monaragala,C-4,2800.0,2750.0
28.03.2023,Monaragala,H-1,2300.0,2250.0
28.03.2023,Monaragala,H-2,2000.0,1950.0
28.03.2023,Monaragala,Heen,1800.0,1750.0
28.03.2023,Monaragala,Gorosu,1500.0,1450.0
28.03.2023,Kalutara,H-2,1500.0,1500.0
28.03.2023,Matara,M-4,3200.0,3150.0
28.03.2023,Kalutara,H-1,2000.0,2000.0
28.03.2023,Hambantota,H-2,2500.0,2450.0
28.03.2023,Kalutara,M-5,2500.0,2365.0
28.03.2023,Ratnapura,Alba,5000.0,5000.0
28.03.2023,Ratnapura,C-5 Sp,4500.0,4500.0
28.03.2023,Ratnapura,C-5,4000.0,4000.0
28.03.2023,Ratnapura,C-4,3500.0,3333.0
28.03.2023,Ratnapura,M-5,3000.0,2950.0
28.03.2023,Kalutara,M-4,2400.0,2270.0
28.03.2023,Ratnapura,M-4,3000.0,2950.0
28.03.2023,Ratnapura,H-2,2100.0,1866.0
28.03.2023,Badulla,Heen,2500.0,2233.0
28.03.2023,Badulla,Gorosu,2000.0,1600.0
28.03.2023,Kurunegala,Heen,2800.0,2500.0
28.03.2023,Kurunegala,Gorosu,2000.0,1933.0
28.03.2023,Ratnapura,H-1,2300.0,2166.0
28.03.2023,Colombo,C-5,3500.0,3500.0
28.03.2023,Colombo,C-5 Sp,3800.0,3800.0
28.03.2023,Kalutara,C-5,3500.0,3400.0
28.03.2023,Kalutara,C-5 Sp,4000.0,3835.0
28.03.2023,Kalutara,Alba,5000.0,4500.0
28.03.2023,Gampaha,Gorosu,2600.0,2525.0
28.03.2023,Kalutara,C-4,3000.0,3000.0
28.03.2023,Gampaha,C-5,3500.0,3500.0
28.03.2023,Colombo,H-2,2500.0,2500.0
28.03.2023,Colombo,H-1,2700.0,2700.0
28.03.2023,Colombo,C-4,3000.0,3000.0
28.03.2023,Gampaha,C-4,3000.0,3000.0
03.04.2023,Matara,C-5,4200.0,3700.0
03.04.2023,Matara,C-5 Sp,4500.0,4333.0
03.04.2023,Matara,Alba,5500.0,5450.0
03.04.2023,Galle,H-2,2700.0,2650.0
03.04.2023,Galle,H-1,3000.0,2950.0
03.04.2023,Galle,C-5,3800.0,3675.0
03.04.2023,Galle,C-5 Sp,4500.0,4500.0
03.04.2023,Galle,Alba,5300.0,5250.0
03.04.2023,Kalutara,H-2,1500.0,1500.0
03.04.2023,Matara,C-4,3600.0,3421.0
03.04.2023,Galle,C-4,3400.0,3350.0
03.04.2023,Matara,M-5,3300.0,3233.0
03.04.2023,Monaragala,Gorosu,1900.0,1875.0
03.04.2023,Matara,H-1,3100.0,2883.0
03.04.2023,Matara,H-2,3000.0,2650.0
03.04.2023,Matara,H-Faq,2500.0,2067.0
03.04.2023,Hambantota,C-5,3500.0,3400.0
03.04.2023,Hambantota,C-4,3200.0,3200.0
03.04.2023,Hambantota,H-1,3000.0,3000.0
03.04.2023,Hambantota,H-2,2900.0,2800.0
03.04.2023,Monaragala,C-4,3000.0,3000.0
03.04.2023,Monaragala,H-1,2600.0,2575.0
03.04.2023,Monaragala,H-2,2400.0,2325.0
03.04.2023,Monaragala,Heen,2200.0,2100.0
03.04.2023,Kalutara,H-1,2000.0,2000.0
03.04.2023,Matara,M-4,3100.0,3067.0
03.04.2023,Kalutara,M-4,2300.0,2150.0
03.04.2023,Kalutara,M-5,2500.0,2250.0
03.04.2023,Kalutara,C-4,3100.0,3000.0
03.04.2023,Ratnapura,C-5 Sp,4500.0,4400.0
03.04.2023,Ratnapura,C-5,3900.0,3750.0
03.04.2023,Ratnapura,C-4,3400.0,3350.0
03.04.2023,Ratnapura,M-5,3200.0,3150.0
03.04.2023,Ratnapura,M-4,3200.0,3150.0
03.04.2023,Ratnapura,H-1,3000.0,2950.0
03.04.2023,Ratnapura,H-2,2800.0,2733.0
03.04.2023,Badulla,C-5,3500.0,3500.0
03.04.2023,Badulla,C-4,3000.0,3000.0
03.04.2023,Badulla,H-1,2800.0,2800.0
03.04.2023,Badulla,H-2,2500.0,2500.0
03.04.2023,Badulla,Heen,2500.0,2233.0
03.04.2023,Ratnapura,Alba,5700.0,5600.0
03.04.2023,Kurunegala,Heen,3000.0,2500.0
03.04.2023,Kalutara,C-5,3800.0,3500.0
03.04.2023,Kalutara,C-5 Sp,4000.0,3500.0
03.04.2023,Kalutara,Alba,5000.0,4500.0
03.04.2023,Badulla,Gorosu,2000.0,1600.0
03.04.2023,Gampaha,C-4,3000.0,3000.0
03.04.2023,Gampaha,Gorosu,2500.0,2400.0
03.04.2023,Colombo,H-1,2300.0,2300.0
03.04.2023,Colombo,C-4,3000.0,3000.0
03.04.2023,Colombo,C-5,3500.0,3500.0
03.04.2023,Colombo,C-5 Sp,4000.0,4000.0
03.04.2023,Kurunegala,Gorosu,1800.0,1600.0
03.04.2023,Colombo,H-2,2000.0,2000.0
10.04.2023,Matara,C-5,4600.0,3925.0
10.04.2023,Matara,C-5 Sp,5000.0,4800.0
10.04.2023,Matara,Alba,5700.0,5625.0
10.04.2023,Galle,H-2,2800.0,2750.0
10.04.2023,Galle,Alba,5500.0,5400.0
10.04.2023,Galle,C-4,3300.0,3250.0
10.04.2023,Galle,C-5,3500.0,3450.0
10.04.2023,Galle,C-5 Sp,4700.0,4650.0
10.04.2023,Monaragala,Gorosu,1900.0,1875.0
10.04.2023,Matara,C-4,3600.0,3457.0
10.04.2023,Galle,H-1,3000.0,3000.0
10.04.2023,Matara,M-5,3500.0,3450.0
10.04.2023,Hambantota,C-4,3500.0,3500.0
10.04.2023,Matara,H-1,3200.0,3100.0
10.04.2023,Matara,H-2,3000.0,2836.0
10.04.2023,Matara,H-Faq,2400.0,2025.0
10.04.2023,Hambantota,C-5,4000.0,3950.0
10.04.2023,Hambantota,H-1,3000.0,3000.0
10.04.2023,Hambantota,H-2,2900.0,2900.0
10.04.2023,Monaragala,C-4,3000.0,3000.0
10.04.2023,Monaragala,H-1,2600.0,2575.0
10.04.2023,Monaragala,H-2,2400.0,2375.0
10.04.2023,Monaragala,Heen,2200.0,2125.0
10.04.2023,Kalutara,M-4,2600.0,2300.0
10.04.2023,Matara,M-4,3500.0,3350.0
10.04.2023,Kalutara,M-5,3000.0,2850.0
10.04.2023,Gampaha,Gorosu,2500.0,2400.0
10.04.2023,Kalutara,C-5,4000.0,3750.0
10.04.2023,Ratnapura,C-5 Sp,4500.0,4433.0
10.04.2023,Ratnapura,C-5,4000.0,3766.0
10.04.2023,Ratnapura,C-4,3400.0,3200.0
10.04.2023,Ratnapura,M-5,3100.0,3033.0
10.04.2023,Ratnapura,M-4,3100.0,3033.0
10.04.2023,Ratnapura,H-1,2600.0,2500.0
10.04.2023,Ratnapura,H-2,2400.0,2233.0
10.04.2023,Badulla,C-5,3000.0,3000.0
10.04.2023,Badulla,C-4,2600.0,2600.0
10.04.2023,Badulla,H-1,2200.0,2200.0
10.04.2023,Badulla,H-2,2000.0,2000.0
10.04.2023,Ratnapura,Alba,5200.0,5100.0
10.04.2023,Badulla,Gorosu,2000.0,1883.0
10.04.2023,Badulla,Heen,2500.0,1416.0
10.04.2023,Kalutara,C-5 Sp,4500.0,3250.0
10.04.2023,Kalutara,Alba,5500.0,4900.0
10.04.2023,Gampaha,C-4,3000.0,2800.0
10.04.2023,Colombo,H-2,2700.0,2700.0
10.04.2023,Kalutara,C-4,3200.0,3133.0
10.04.2023,Colombo,C-4,3300.0,3300.0
10.04.2023,Colombo,C-5,3500.0,3500.0
10.04.2023,Colombo,C-5 Sp,3800.0,3800.0
10.04.2023,Kurunegala,Gorosu,2200.0,1833.0
10.04.2023,Kurunegala,Heen,2700.0,2233.0
10.04.2023,Colombo,H-1,2900.0,2900.0
18.04.2023,Galle,C-5,3500.0,3450.0
18.04.2023,Galle,C-4,3300.0,3250.0
18.04.2023,Galle,H-1,3000.0,3000.0
18.04.2023,Galle,H-2,2800.0,2750.0
18.04.2023,Matara,Alba,5700.0,5575.0
18.04.2023,Matara,C-5 Sp,4500.0,4500.0
18.04.2023,Matara,C-5,4200.0,3800.0
18.04.2023,Matara,C-4,3600.0,3520.0
18.04.2023,Matara,M-5,3500.0,3333.0
18.04.2023,Matara,M-4,3300.0,3200.0
18.04.2023,Matara,H-Faq,2500.0,2433.0
18.04.2023,Matara,H-2,3100.0,2900.0
18.04.2023,Hambantota,C-5,3500.0,3500.0
18.04.2023,Hambantota,C-4,3400.0,3400.0
18.04.2023,Hambantota,H-1,3000.0,3000.0
18.04.2023,Monaragala,C-4,3000.0,2900.0
18.04.2023,Monaragala,H-1,2600.0,2560.0
18.04.2023,Monaragala,H-2,2400.0,2380.0
18.04.2023,Monaragala,Heen,2200.0,2180.0
18.04.2023,Monaragala,Gorosu,1500.0,1475.0
18.04.2023,Galle,C-5 Sp,4700.0,4650.0
18.04.2023,Matara,H-1,3200.0,3075.0
18.04.2023,Hambantota,H-2,2900.0,2900.0
18.04.2023,Galle,Alba,5500.0,5400.0
18.04.2023,Kalutara,H-1,2000.0,1900.0
18.04.2023,Kalutara,H-2,1500.0,1500.0
18.04.2023,Badulla,C-5,3500.0,3500.0
18.04.2023,Badulla,C-4,3000.0,3000.0
18.04.2023,Badulla,H-1,2800.0,2800.0
18.04.2023,Badulla,H-2,2500.0,2500.0
18.04.2023,Badulla,Gorosu,2000.0,1833.0
18.04.2023,Kurunegala,Heen,3000.0,2567.0
18.04.2023,Kurunegala,Gorosu,2100.0,2000.0
18.04.2023,Colombo,C-5 Sp,4000.0,4000.0
18.04.2023,Colombo,C-5,3800.0,3800.0
18.04.2023,Badulla,Heen,2500.0,2200.0
18.04.2023,Colombo,H-1,2800.0,2800.0
18.04.2023,Colombo,H-2,2600.0,2600.0
18.04.2023,Gampaha,C-4,3000.0,3000.0
18.04.2023,Gampaha,Gorosu,2500.0,2400.0
18.04.2023,Kalutara,Alba,5000.0,4500.0
18.04.2023,Kalutara,C-5 Sp,4000.0,3500.0
18.04.2023,Kalutara,C-5,3800.0,3725.0
18.04.2023,Kalutara,C-4,3200.0,3100.0
18.04.2023,Kalutara,M-5,3000.0,3000.0
18.04.2023,Colombo,C-4,3100.0,3100.0
18.04.2023,Kalutara,M-4,2500.0,2500.0
02.05.2023,Matara,C-5 Sp,5000.0,4767.0
02.05.2023,Matara,Alba,5700.0,5575.0
02.05.2023,Galle,H-2,2950.0,2925.0
02.05.2023,Galle,H-1,3050.0,3025.0
02.05.2023,Galle,C-4,3350.0,3325.0
02.05.2023,Kalutara,H-2,1500.0,1500.0
02.05.2023,Galle,C-5 Sp,4200.0,4100.0
02.05.2023,Galle,Alba,5000.0,4900.0
02.05.2023,Kalutara,M-4,2500.0,2485.0
02.05.2023,Matara,C-5,4700.0,3840.0
02.05.2023,Galle,C-5,3450.0,3425.0
02.05.2023,Matara,C-4,3600.0,3533.0
02.05.2023,Monaragala,Heen,2200.0,2100.0
02.05.2023,Matara,M-4,3300.0,3267.0
02.05.2023,Matara,H-1,3250.0,3140.0
02.05.2023,Matara,H-2,3100.0,3000.0
02.05.2023,Hambantota,C-5,3500.0,3500.0
02.05.2023,Hambantota,C-4,3400.0,3400.0
02.05.2023,Hambantota,H-1,3050.0,3025.0
02.05.2023,Hambantota,H-2,3000.0,3000.0
02.05.2023,Monaragala,C-4,3500.0,3500.0
02.05.2023,Monaragala,H-1,2900.0,2800.0
02.05.2023,Monaragala,H-2,2600.0,2550.0
02.05.2023,Monaragala,Gorosu,1800.0,1750.0
02.05.2023,Kalutara,M-5,3000.0,2990.0
02.05.2023,Matara,M-5,3400.0,3400.0
02.05.2023,Kalutara,C-4,3200.0,3185.0
02.05.2023,Kalutara,H-1,2000.0,1998.0
02.05.2023,Kalutara,C-5 Sp,4500.0,4465.0
02.05.2023,Ratnapura,C-5 Sp,4700.0,4533.0
02.05.2023,Ratnapura,C-5,4000.0,3700.0
02.05.2023,Ratnapura,C-4,3600.0,3433.0
02.05.2023,Ratnapura,M-5,3300.0,3250.0
02.05.2023,Ratnapura,M-4,3300.0,3250.0
02.05.2023,Ratnapura,H-1,3000.0,2933.0
02.05.2023,Ratnapura,H-2,2700.0,2533.0
02.05.2023,Badulla,C-5,3800.0,3800.0
02.05.2023,Badulla,C-4,3500.0,3500.0
02.05.2023,Badulla,H-1,3000.0,3000.0
02.05.2023,Badulla,H-2,2800.0,2800.0
02.05.2023,Badulla,Heen,2500.0,2333.0
02.05.2023,Ratnapura,Alba,5700.0,5500.0
02.05.2023,Kurunegala,Heen,3000.0,2567.0
02.05.2023,Kalutara,Alba,5000.0,4980.0
02.05.2023,Kalutara,C-5,4000.0,3940.0
02.05.2023,Gampaha,Gorosu,2500.0,2400.0
02.05.2023,Badulla,Gorosu,2000.0,1833.0
02.05.2023,Gampaha,C-5,3500.0,3300.0
02.05.2023,Gampaha,C-4,3000.0,2900.0
02.05.2023,Colombo,H-1,2800.0,2800.0
02.05.2023,Colombo,C-4,3200.0,3200.0
02.05.2023,Colombo,C-5,3800.0,3800.0
02.05.2023,Colombo,C-5 Sp,4100.0,4100.0
02.05.2023,Kurunegala,Gorosu,2000.0,1933.0
02.05.2023,Colombo,H-2,2600.0,2600.0
09.05.2023,Matara,C-5 Sp,4500.0,4400.0
09.05.2023,Matara,Alba,5500.0,5500.0
09.05.2023,Galle,H-2,2900.0,2850.0
09.05.2023,Galle,H-1,3000.0,3000.0
09.05.2023,Kalutara,H-1,2000.0,1990.0
09.05.2023,Galle,C-5,3500.0,3450.0
09.05.2023,Galle,C-5 Sp,4300.0,4150.0
09.05.2023,Galle,Alba,5300.0,5050.0
09.05.2023,Kalutara,H-2,1500.0,1500.0
09.05.2023,Matara,C-5,3600.0,3510.0
09.05.2023,Galle,C-4,3300.0,3250.0
09.05.2023,Matara,C-4,3550.0,3371.0
09.05.2023,Hambantota,C-4,3400.0,3400.0
09.05.2023,Matara,M-4,3200.0,3150.0
09.05.2023,Matara,H-1,3100.0,3075.0
09.05.2023,Matara,H-2,3000.0,2831.0
09.05.2023,Matara,H-Faq,2000.0,2000.0
09.05.2023,Hambantota,C-5,3500.0,3500.0
09.05.2023,Hambantota,H-1,3000.0,3000.0
09.05.2023,Hambantota,H-2,2900.0,2900.0
09.05.2023,Monaragala,C-4,3500.0,3500.0
09.05.2023,Monaragala,H-1,2800.0,2750.0
09.05.2023,Monaragala,Heen,2200.0,2100.0
09.05.2023,Monaragala,Gorosu,1900.0,1800.0
09.05.2023,Kalutara,M-4,2500.0,2485.0
09.05.2023,Matara,M-5,3400.0,3275.0
09.05.2023,Kalutara,M-5,3000.0,2990.0
09.05.2023,Monaragala,H-2,2600.0,2500.0
09.05.2023,Kalutara,C-5,4000.0,3940.0
09.05.2023,Ratnapura,Alba,5000.0,4950.0
09.05.2023,Ratnapura,C-5,4200.0,4000.0
09.05.2023,Ratnapura,C-4,3900.0,3800.0
09.05.2023,Ratnapura,M-5,3200.0,3100.0
09.05.2023,Ratnapura,M-4,3200.0,3100.0
09.05.2023,Ratnapura,H-1,2800.0,2600.0
09.05.2023,Ratnapura,H-2,2500.0,2225.0
09.05.2023,Badulla,C-5,3800.0,3800.0
09.05.2023,Badulla,C-4,3400.0,3400.0
09.05.2023,Badulla,H-1,3000.0,3000.0
09.05.2023,Badulla,H-2,2800.0,2800.0
09.05.2023,Badulla,Heen,3000.0,2566.0
09.05.2023,Ratnapura,C-5 Sp,4600.0,4500.0
09.05.2023,Kurunegala,Heen,3000.0,2600.0
09.05.2023,Badulla,Gorosu,2500.0,2016.0
09.05.2023,Kalutara,C-5 Sp,4500.0,4465.0
09.05.2023,Kalutara,Alba,5000.0,4990.0
09.05.2023,Gampaha,Gorosu,2500.0,2350.0
09.05.2023,Gampaha,C-4,3000.0,2800.0
09.05.2023,Gampaha,C-5,3300.0,3250.0
09.05.2023,Kalutara,C-4,3200.0,3185.0
09.05.2023,Colombo,H-1,3000.0,3000.0
09.05.2023,Colombo,C-4,4000.0,4000.0
09.05.2023,Colombo,C-5,4200.0,4200.0
09.05.2023,Colombo,H-2,2900.0,2900.0
09.05.2023,Colombo,C-5 Sp,4500.0,4500.0
09.05.2023,Kurunegala,Gorosu,2100.0,1967.0
16.05.2023,Matara,C-5,3650.0,3450.0
16.05.2023,Matara,C-5 Sp,4500.0,4333.0
16.05.2023,Matara,Alba,5500.0,5450.0
16.05.2023,Galle,H-2,2900.0,2850.0
16.05.2023,Galle,C-4,3300.0,3250.0
16.05.2023,Matara,C-4,3400.0,3316.0
16.05.2023,Galle,C-5,3500.0,3450.0
16.05.2023,Galle,C-5 Sp,4300.0,4150.0
16.05.2023,Galle,Alba,5300.0,5050.0
16.05.2023,Kalutara,H-2,1500.0,1500.0
16.05.2023,Galle,H-1,3000.0,3000.0
16.05.2023,Matara,M-5,3300.0,3275.0
16.05.2023,Matara,H-2,3000.0,2843.0
16.05.2023,Matara,H-1,3100.0,3070.0
16.05.2023,Matara,H-Faq,2000.0,2000.0
16.05.2023,Hambantota,C-5,3400.0,3350.0
16.05.2023,Hambantota,C-4,3300.0,3250.0
16.05.2023,Hambantota,H-2,3000.0,2950.0
16.05.2023,Monaragala,C-4,3500.0,3300.0
16.05.2023,Monaragala,H-1,2900.0,2800.0
16.05.2023,Monaragala,H-2,2500.0,2650.0
16.05.2023,Monaragala,Heen,2200.0,2000.0
16.05.2023,Kalutara,H-1,2000.0,1990.0
16.05.2023,Monaragala,Gorosu,1800.0,1700.0
16.05.2023,Matara,M-4,3200.0,3200.0
16.05.2023,Hambantota,H-1,3100.0,3050.0
16.05.2023,Kalutara,M-4,2500.0,2485.0
16.05.2023,Kalutara,C-4,3200.0,3195.0
16.05.2023,Kalutara,M-5,3000.0,2990.0
16.05.2023,Ratnapura,Alba,5500.0,5333.0
16.05.2023,Ratnapura,C-5 Sp,4300.0,4283.0
16.05.2023,Ratnapura,C-5,3400.0,3350.0
16.05.2023,Ratnapura,C-4,3300.0,3200.0
16.05.2023,Ratnapura,M-5,3100.0,3000.0
16.05.2023,Ratnapura,H-1,3050.0,2900.0
16.05.2023,Ratnapura,H-2,2800.0,2633.0
16.05.2023,Badulla,Heen,3000.0,2566.0
16.05.2023,Badulla,Gorosu,2500.0,1950.0
16.05.2023,Kurunegala,Heen,3000.0,2667.0
16.05.2023,Ratnapura,M-4,3100.0,3000.0
16.05.2023,Colombo,C-5 Sp,4400.0,4400.0
16.05.2023,Kalutara,C-5,3800.0,3790.0
16.05.2023,Kurunegala,Gorosu,2200.0,2033.0
16.05.2023,Kalutara,C-5 Sp,4500.0,4465.0
16.05.2023,Kalutara,Alba,5000.0,4980.0
16.05.2023,Gampaha,C-4,3000.0,2750.0
16.05.2023,Gampaha,Gorosu,2500.0,2250.0
16.05.2023,Colombo,H-2,2700.0,2700.0
16.05.2023,Colombo,H-1,2900.0,2900.0
16.05.2023,Colombo,C-4,3500.0,3500.0
16.05.2023,Colombo,C-5,3900.0,3900.0
16.05.2023,Gampaha,C-5,3500.0,3400.0
23.05.2023,Matara,C-5 Sp,4500.0,4300.0
23.05.2023,Galle,H-1,3000.0,2950.0
23.05.2023,Matara,Alba,5600.0,5325.0
23.05.2023,Galle,H-2,2900.0,2850.0
23.05.2023,Galle,C-4,3300.0,3250.0
23.05.2023,Kalutara,H-1,2000.0,1990.0
23.05.2023,Galle,C-5 Sp,3850.0,3800.0
23.05.2023,Galle,Alba,5300.0,5100.0
23.05.2023,Kalutara,H-2,1500.0,1500.0
23.05.2023,Matara,C-5,3800.0,3488.0
23.05.2023,Galle,C-5,3500.0,3450.0
23.05.2023,Matara,C-4,3500.0,3342.0
23.05.2023,Monaragala,Heen,2000.0,1900.0
23.05.2023,Matara,M-4,3200.0,3100.0
23.05.2023,Matara,H-1,3100.0,3000.0
23.05.2023,Matara,H-2,3000.0,2729.0
23.05.2023,Matara,H-Faq,2500.0,2367.0
23.05.2023,Hambantota,C-5,3300.0,3300.0
23.05.2023,Hambantota,C-4,3100.0,3075.0
23.05.2023,Hambantota,H-1,3000.0,2950.0
23.05.2023,Hambantota,H-2,2800.0,2800.0
23.05.2023,Monaragala,C-4,3000.0,3000.0
23.05.2023,Monaragala,H-1,2800.0,2600.0
23.05.2023,Monaragala,H-2,2400.0,2300.0
23.05.2023,Kalutara,M-4,2500.0,2485.0
23.05.2023,Matara,M-5,3300.0,3167.0
23.05.2023,Kalutara,M-5,3000.0,2990.0
23.05.2023,Monaragala,Gorosu,1700.0,1650.0
23.05.2023,Kalutara,C-5,3800.0,3790.0
23.05.2023,Kalutara,C-4,3200.0,3185.0
23.05.2023,Ratnapura,C-5 Sp,4500.0,4333.0
23.05.2023,Ratnapura,C-5,3800.0,3716.0
23.05.2023,Ratnapura,C-4,3300.0,3250.0
23.05.2023,Ratnapura,M-5,3200.0,3050.0
23.05.2023,Ratnapura,M-4,3200.0,3050.0
23.05.2023,Ratnapura,H-1,3000.0,2800.0
23.05.2023,Ratnapura,H-2,2800.0,2633.0
23.05.2023,Badulla,C-5,3500.0,3500.0
23.05.2023,Badulla,C-4,3500.0,3000.0
23.05.2023,Badulla,H-1,2800.0,2800.0
23.05.2023,Badulla,H-2,2500.0,2500.0
23.05.2023,Badulla,Heen,3000.0,2566.0
23.05.2023,Ratnapura,Alba,5500.0,5450.0
23.05.2023,Kurunegala,Heen,2800.0,2467.0
23.05.2023,Kalutara,C-5 Sp,4500.0,4465.0
23.05.2023,Kalutara,Alba,5000.0,4980.0
23.05.2023,Gampaha,Gorosu,2000.0,1950.0
23.05.2023,Badulla,Gorosu,2500.0,1950.0
23.05.2023,Gampaha,C-5,3100.0,3050.0
23.05.2023,Gampaha,C-4,2600.0,2525.0
23.05.2023,Colombo,H-1,2900.0,2900.0
23.05.2023,Colombo,C-4,3200.0,3200.0
23.05.2023,Colombo,C-5,3400.0,3400.0
23.05.2023,Colombo,C-5 Sp,3800.0,3800.0
23.05.2023,Kurunegala,Gorosu,2500.0,2133.0
23.05.2023,Colombo,H-2,2700.0,2700.0
30.05.2023,Matara,C-5 Sp,4300.0,3867.0
30.05.2023,Matara,Alba,5200.0,5000.0
30.05.2023,Galle,H-2,2500.0,2475.0
30.05.2023,Galle,H-1,2600.0,2550.0
30.05.2023,Kalutara,H-2,1500.0,1500.0
30.05.2023,Galle,C-5,2900.0,2875.0
30.05.2023,Galle,C-5 Sp,4000.0,3750.0
30.05.2023,Galle,Alba,5000.0,5000.0
30.05.2023,Matara,C-5,3800.0,3238.0
30.05.2023,Galle,C-4,2800.0,2775.0
30.05.2023,Matara,C-4,3000.0,2900.0
30.05.2023,Hambantota,H-2,2500.0,2500.0
30.05.2023,Matara,H-2,2600.0,2500.0
30.05.2023,Matara,H-Faq,2000.0,1933.0
30.05.2023,Hambantota,C-5,3200.0,3150.0
30.05.2023,Hambantota,C-4,3000.0,2950.0
30.05.2023,Hambantota,H-1,2700.0,2650.0
30.05.2023,Monaragala,C-4,3000.0,3000.0
30.05.2023,Monaragala,H-1,2800.0,2700.0
30.05.2023,Monaragala,H-2,2500.0,2400.0
30.05.2023,Monaragala,Heen,2000.0,1900.0
30.05.2023,Monaragala,Gorosu,2700.0,1600.0
30.05.2023,Kalutara,H-1,2000.0,1990.0
30.05.2023,Matara,H-1,2800.0,2625.0
30.05.2023,Kalutara,M-4,2500.0,2485.0
30.05.2023,Kalutara,M-5,3000.0,2990.0
30.05.2023,Kalutara,C-4,3200.0,3185.0
30.05.2023,Ratnapura,Alba,5000.0,4800.0
30.05.2023,Ratnapura,C-5 Sp,4300.0,4200.0
30.05.2023,Ratnapura,C-5,3900.0,3800.0
30.05.2023,Ratnapura,C-4,3200.0,3100.0
30.05.2023,Ratnapura,M-5,3000.0,2900.0
30.05.2023,Ratnapura,M-4,3000.0,2900.0
30.05.2023,Ratnapura,H-2,2100.0,2050.0
30.05.2023,Badulla,Heen,2000.0,1933.0
30.05.2023,Badulla,Gorosu,1500.0,1333.0
30.05.2023,Kurunegala,Heen,2800.0,2500.0
30.05.2023,Kurunegala,Gorosu,2200.0,2033.0
30.05.2023,Ratnapura,H-1,2500.0,2400.0
30.05.2023,Colombo,C-5,3700.0,3700.0
30.05.2023,Colombo,C-4,3500.0,3500.0
30.05.2023,Colombo,H-1,3100.0,3100.0
30.05.2023,Colombo,H-2,3000.0,3000.0
30.05.2023,Gampaha,C-5,3000.0,3000.0
30.05.2023,Gampaha,C-4,2800.0,2750.0
30.05.2023,Gampaha,Gorosu,2500.0,2425.0
30.05.2023,Kalutara,Alba,5000.0,4995.0
30.05.2023,Kalutara,C-5 Sp,4500.0,4470.0
30.05.2023,Kalutara,C-5,3600.0,3590.0
30.05.2023,Colombo,C-5 Sp,4100.0,4100.0
06.06.2023,Matara,C-5 Sp,4000.0,3933.0
06.06.2023,Matara,Alba,5200.0,4925.0
06.06.2023,Galle,H-2,2500.0,2475.0
06.06.2023,Galle,H-1,2600.0,2550.0
06.06.2023,Galle,C-4,3000.0,3000.0
06.06.2023,Monaragala,Gorosu,1500.0,1425.0
06.06.2023,Galle,C-5 Sp,4000.0,3900.0
06.06.2023,Galle,Alba,5000.0,5000.0
06.06.2023,Kalutara,H-2,1500.0,1500.0
06.06.2023,Matara,C-5,3500.0,3238.0
06.06.2023,Galle,C-5,3500.0,3400.0
06.06.2023,Matara,C-4,3150.0,2975.0
06.06.2023,Monaragala,H-2,2200.0,2100.0
06.06.2023,Matara,M-4,2800.0,2667.0
06.06.2023,Matara,H-1,2800.0,2670.0
06.06.2023,Matara,H-2,2750.0,2500.0
06.06.2023,Matara,H-Faq,2200.0,2067.0
06.06.2023,Hambantota,C-5,3500.0,3450.0
06.06.2023,Hambantota,C-4,3000.0,3000.0
06.06.2023,Hambantota,H-1,2800.0,2775.0
06.06.2023,Hambantota,H-2,2750.0,2675.0
06.06.2023,Monaragala,C-4,3000.0,3000.0
06.06.2023,Monaragala,H-1,2500.0,2400.0
06.06.2023,Kalutara,M-4,2400.0,2390.0
06.06.2023,Monaragala,Heen,1800.0,1700.0
06.06.2023,Matara,M-5,2800.0,2767.0
06.06.2023,Kalutara,M-5,3000.0,2985.0
06.06.2023,Kalutara,H-1,2000.0,1975.0
06.06.2023,Kalutara,C-5,3500.0,3485.0
06.06.2023,Ratnapura,Alba,5200.0,4866.0
06.06.2023,Ratnapura,C-5 Sp,4200.0,4066.0
06.06.2023,Ratnapura,C-5,3500.0,3283.0
06.06.2023,Ratnapura,C-4,3200.0,3000.0
06.06.2023,Ratnapura,M-5,2750.0,2710.0
06.06.2023,Ratnapura,M-4,2750.0,2716.0
06.06.2023,Ratnapura,H-1,2700.0,2600.0
06.06.2023,Ratnapura,H-2,2400.0,2300.0
06.06.2023,Badulla,C-5,3000.0,3000.0
06.06.2023,Badulla,C-4,2600.0,2600.0
06.06.2023,Badulla,H-1,2200.0,2200.0
06.06.2023,Badulla,H-2,2000.0,2000.0
06.06.2023,Badulla,Heen,2500.0,2250.0
06.06.2023,Kalutara,C-4,3100.0,3090.0
06.06.2023,Kurunegala,Heen,2000.0,2000.0
06.06.2023,Badulla,Gorosu,2000.0,1550.0
06.06.2023,Kalutara,C-5 Sp,4400.0,4390.0
06.06.2023,Kalutara,Alba,4800.0,4790.0
06.06.2023,Gampaha,Gorosu,2500.0,2475.0
06.06.2023,Gampaha,C-5,3200.0,3100.0
06.06.2023,Gampaha,C-4,2900.0,2800.0
06.06.2023,Colombo,H-1,2800.0,2800.0
06.06.2023,Colombo,C-4,3200.0,3200.0
06.06.2023,Colombo,C-5,3400.0,3400.0
06.06.2023,Colombo,C-5 Sp,3600.0,3600.0
06.06.2023,Kurunegala,Gorosu,1800.0,1633.0
06.06.2023,Colombo,H-2,2600.0,2600.0
13.06.2023,Galle,H-1,2600.0,2550.0
13.06.2023,Matara,C-5 Sp,4500.0,4167.0
13.06.2023,Matara,Alba,5200.0,5110.0
13.06.2023,Galle,H-2,2500.0,2475.0
13.06.2023,Galle,C-4,3000.0,3000.0
13.06.2023,Kalutara,M-4,2400.0,2390.0
13.06.2023,Galle,C-5 Sp,4000.0,3900.0
13.06.2023,Galle,Alba,5000.0,5000.0
13.06.2023,Kalutara,H-2,1500.0,1500.0
13.06.2023,Kalutara,H-1,3000.0,2975.0
13.06.2023,Matara,C-5,3500.0,3338.0
13.06.2023,Galle,C-5,3500.0,3300.0
13.06.2023,Matara,C-4,3250.0,3170.0
13.06.2023,Hambantota,C-5,3400.0,3350.0
13.06.2023,Matara,M-4,2900.0,2900.0
13.06.2023,Matara,H-1,3000.0,2867.0
13.06.2023,Matara,H-2,2950.0,2586.0
13.06.2023,Matara,H-Faq,2600.0,2250.0
13.06.2023,Hambantota,C-4,3200.0,3200.0
13.06.2023,Hambantota,H-1,2900.0,2850.0
13.06.2023,Hambantota,H-2,2800.0,2750.0
13.06.2023,Monaragala,C-4,2500.0,2500.0
13.06.2023,Monaragala,H-1,2200.0,2100.0
13.06.2023,Monaragala,H-2,2000.0,1900.0
13.06.2023,Monaragala,Heen,1700.0,1600.0
13.06.2023,Kalutara,M-5,2700.0,2685.0
13.06.2023,Matara,M-5,3100.0,3050.0
13.06.2023,Monaragala,Gorosu,1400.0,1375.0
13.06.2023,Kalutara,C-4,3000.0,2995.0
13.06.2023,Kalutara,C-5 Sp,4400.0,4385.0
13.06.2023,Kalutara,C-5,3400.0,3390.0
13.06.2023,Ratnapura,Alba,5100.0,4975.0
13.06.2023,Ratnapura,C-5 Sp,4500.0,4250.0
13.06.2023,Ratnapura,C-5,3900.0,3575.0
13.06.2023,Ratnapura,C-4,3500.0,3025.0
13.06.2023,Ratnapura,M-5,2800.0,2738.0
13.06.2023,Ratnapura,M-4,2800.0,2738.0
13.06.2023,Ratnapura,H-2,2700.0,2550.0
13.06.2023,Badulla,C-5,3000.0,3000.0
13.06.2023,Badulla,C-4,2600.0,2600.0
13.06.2023,Badulla,H-1,2000.0,2000.0
13.06.2023,Badulla,H-2,2200.0,2200.0
13.06.2023,Ratnapura,H-1,2800.0,2625.0
13.06.2023,Badulla,Gorosu,1500.0,1300.0
13.06.2023,Kalutara,Alba,4800.0,4790.0
13.06.2023,Badulla,Heen,2000.0,2000.0
13.06.2023,Gampaha,Gorosu,2500.0,2400.0
13.06.2023,Gampaha,C-4,2700.0,2650.0
13.06.2023,Gampaha,C-5,3200.0,3100.0
13.06.2023,Colombo,H-1,2700.0,2700.0
13.06.2023,Colombo,H-2,2400.0,2400.0
13.06.2023,Colombo,C-5,3400.0,3400.0
13.06.2023,Colombo,C-5 Sp,3700.0,3700.0
13.06.2023,Kurunegala,Gorosu,1850.0,1683.0
13.06.2023,Kurunegala,Heen,2200.0,2067.0
13.06.2023,Colombo,C-4,3200.0,3200.0
20.06.2023,Galle,H-2,2900.0,2850.0
20.06.2023,Matara,C-5,3500.0,2525.0
20.06.2023,Matara,C-5 Sp,4000.0,3933.0
20.06.2023,Matara,Alba,5200.0,5075.0
20.06.2023,Galle,H-1,3000.0,2950.0
20.06.2023,Kalutara,H-1,2000.0,1975.0
20.06.2023,Galle,C-5,4300.0,3750.0
20.06.2023,Galle,C-5 Sp,4400.0,4000.0
20.06.2023,Galle,Alba,4800.0,4750.0
20.06.2023,Kalutara,H-2,1500.0,1500.0
20.06.2023,Matara,C-4,3300.0,3157.0
20.06.2023,Galle,C-4,3100.0,3100.0
20.06.2023,Matara,M-5,3200.0,3200.0
20.06.2023,Monaragala,Heen,2000.0,1900.0
20.06.2023,Matara,H-1,3000.0,2900.0
20.06.2023,Matara,H-2,2850.0,2650.0
20.06.2023,Matara,H-Faq,2300.0,2075.0
20.06.2023,Hambantota,C-5,3400.0,3350.0
20.06.2023,Hambantota,C-4,3200.0,3200.0
20.06.2023,Hambantota,H-1,3000.0,2950.0
20.06.2023,Hambantota,H-2,2800.0,2750.0
20.06.2023,Monaragala,C-4,3500.0,3250.0
20.06.2023,Monaragala,Gorosu,1700.0,1600.0
20.06.2023,Monaragala,H-1,2700.0,2600.0
20.06.2023,Monaragala,H-2,2400.0,2250.0
20.06.2023,Kalutara,M-4,2400.0,2390.0
20.06.2023,Matara,M-4,3100.0,3100.0
20.06.2023,Kalutara,M-5,2700.0,2685.0
20.06.2023,Ratnapura,C-4,3200.0,3066.0
20.06.2023,Kalutara,C-5,3400.0,3390.0
20.06.2023,Ratnapura,Alba,5200.0,4900.0
20.06.2023,Ratnapura,C-5 Sp,4300.0,4100.0
20.06.2023,Ratnapura,C-5,3400.0,3300.0
20.06.2023,Ratnapura,M-5,3000.0,2866.0
20.06.2023,Ratnapura,M-4,3000.0,2866.0
20.06.2023,Ratnapura,H-1,2800.0,2566.0
20.06.2023,Ratnapura,H-2,2300.0,2250.0
20.06.2023,Badulla,C-5,3200.0,3200.0
20.06.2023,Badulla,C-4,3000.0,3000.0
20.06.2023,Badulla,H-1,2800.0,2800.0
20.06.2023,Badulla,H-2,2300.0,2300.0
20.06.2023,Badulla,Heen,2500.0,2234.0
20.06.2023,Kalutara,C-4,3000.0,2985.0
20.06.2023,Kurunegala,Heen,2500.0,2233.0
20.06.2023,Kalutara,C-5 Sp,4400.0,4385.0
20.06.2023,Kalutara,Alba,4800.0,4790.0
20.06.2023,Gampaha,Gorosu,2500.0,2225.0
20.06.2023,Badulla,Gorosu,2000.0,1634.0
20.06.2023,Gampaha,C-5,3200.0,3100.0
20.06.2023,Gampaha,C-4,2800.0,2750.0
20.06.2023,Colombo,H-1,2500.0,2500.0
20.06.2023,Colombo,C-4,3200.0,3200.0
20.06.2023,Colombo,C-5,3500.0,3500.0
20.06.2023,Colombo,C-5 Sp,4000.0,4000.0
20.06.2023,Kurunegala,Gorosu,1800.0,1700.0
20.06.2023,Colombo,H-2,2400.0,2400.0
27.06.2023,Matara,C-5,3500.0,3317.0
27.06.2023,Matara,C-5 Sp,4600.0,4033.0
27.06.2023,Matara,Alba,5200.0,5100.0
27.06.2023,Galle,H-2,2700.0,2700.0
27.06.2023,Kalutara,H-2,1500.0,1500.0
27.06.2023,Galle,C-4,3100.0,3100.0
27.06.2023,Galle,C-5,3500.0,3500.0
27.06.2023,Galle,C-5 Sp,4300.0,4150.0
27.06.2023,Galle,Alba,5100.0,5050.0
27.06.2023,Matara,C-4,3250.0,3158.0
27.06.2023,Galle,H-1,2850.0,2825.0
27.06.2023,Matara,M-5,3100.0,3100.0
27.06.2023,Hambantota,H-1,2900.0,2900.0
27.06.2023,Matara,H-1,2900.0,2875.0
27.06.2023,Matara,H-2,2850.0,2650.0
27.06.2023,Matara,H-Faq,2300.0,2100.0
27.06.2023,Hambantota,C-5,3400.0,3350.0
27.06.2023,Hambantota,C-4,3200.0,3200.0
27.06.2023,Hambantota,H-2,2800.0,2800.0
27.06.2023,Monaragala,C-4,3000.0,3000.0
27.06.2023,Monaragala,H-1,2500.0,2400.0
27.06.2023,Monaragala,H-2,2200.0,2100.0
27.06.2023,Monaragala,Heen,1900.0,1800.0
27.06.2023,Monaragala,Gorosu,1600.0,1400.0
27.06.2023,Kalutara,H-1,2000.0,1975.0
27.06.2023,Matara,M-4,3000.0,3000.0
27.06.2023,Kalutara,M-4,2400.0,2390.0
27.06.2023,Kalutara,M-5,2700.0,2685.0
27.06.2023,Ratnapura,Alba,5200.0,4800.0
27.06.2023,Kalutara,C-4,3000.0,2985.0
27.06.2023,Ratnapura,C-5 Sp,4400.0,4133.0
27.06.2023,Ratnapura,C-5,3900.0,3550.0
27.06.2023,Ratnapura,C-4,3000.0,2900.0
27.06.2023,Ratnapura,M-5,2850.0,2816.0
27.06.2023,Ratnapura,M-4,2850.0,2816.0
27.06.2023,Ratnapura,H-1,2650.0,2550.0
27.06.2023,Badulla,C-5,4000.0,4000.0
27.06.2023,Badulla,C-4,3200.0,3200.0
27.06.2023,Badulla,H-1,2800.0,2800.0
27.06.2023,Badulla,H-2,2500.0,2500.0
27.06.2023,Badulla,Heen,2500.0,2333.0
27.06.2023,Badulla,Gorosu,2300.0,1666.0
27.06.2023,Ratnapura,H-2,2200.0,2100.0
27.06.2023,Kurunegala,Gorosu,2000.0,1867.0
27.06.2023,Kurunegala,Heen,2800.0,2367.0
27.06.2023,Kalutara,C-5 Sp,4400.0,4385.0
27.06.2023,Kalutara,Alba,4800.0,4790.0
27.06.2023,Gampaha,Gorosu,2200.0,2050.0
27.06.2023,Gampaha,C-4,2600.0,2550.0
27.06.2023,Gampaha,C-5,3000.0,3000.0
27.06.2023,Kalutara,C-5,3400.0,3390.0
27.06.2023,Colombo,H-1,3000.0,3000.0
27.06.2023,Colombo,C-4,3100.0,3100.0
27.06.2023,Colombo,C-5,3300.0,3300.0
27.06.2023,Colombo,C-5 Sp,4000.0,4000.0
27.06.2023,Colombo,H-2,2800.0,2800.0
04.07.2023,Matara,C-4,3400.0,3150.0
04.07.2023,Matara,C-5,3800.0,3338.0
04.07.2023,Matara,C-5 Sp,4500.0,3967.0
04.07.2023,Matara,Alba,5000.0,5000.0
04.07.2023,Galle,H-2,2750.0,2725.0
04.07.2023,Galle,H-1,2850.0,2825.0
04.07.2023,Galle,C-5 Sp,4300.0,4200.0
04.07.2023,Galle,C-5,3500.0,3500.0
04.07.2023,Galle,Alba,5100.0,5050.0
04.07.2023,Kalutara,H-2,1500.0,1500.0
04.07.2023,Kalutara,H-1,2000.0,1975.0
04.07.2023,Galle,C-4,3100.0,3100.0
04.07.2023,Matara,M-5,3300.0,2983.0
04.07.2023,Kalutara,M-4,2400.0,2390.0
04.07.2023,Matara,H-1,3000.0,2840.0
04.07.2023,Matara,H-2,2800.0,2529.0
04.07.2023,Matara,H-Faq,2300.0,1950.0
04.07.2023,Hambantota,C-5,3400.0,3350.0
04.07.2023,Hambantota,C-4,3100.0,3100.0
04.07.2023,Hambantota,H-1,2900.0,2900.0
04.07.2023,Hambantota,H-2,2800.0,2800.0
04.07.2023,Monaragala,C-4,3500.0,3500.0
04.07.2023,Monaragala,H-1,2900.0,2800.0
04.07.2023,Monaragala,H-2,2600.0,2500.0
04.07.2023,Monaragala,Heen,2200.0,2100.0
04.07.2023,Monaragala,Gorosu,1900.0,1800.0
04.07.2023,Matara,M-4,3100.0,2900.0
04.07.2023,Kalutara,M-5,2700.0,2685.0
04.07.2023,Ratnapura,Alba,4800.0,4600.0
04.07.2023,Kalutara,C-5,3400.0,3390.0
04.07.2023,Kalutara,C-4,3000.0,2985.0
04.07.2023,Ratnapura,C-5 Sp,4000.0,4000.0
04.07.2023,Ratnapura,C-5,3800.0,3733.0
04.07.2023,Ratnapura,C-4,3000.0,2933.0
04.07.2023,Ratnapura,M-5,2800.0,2750.0
04.07.2023,Ratnapura,M-4,2800.0,2750.0
04.07.2023,Ratnapura,H-1,2600.0,2533.0
04.07.2023,Badulla,M-5,3800.0,3800.0
04.07.2023,Badulla,M-4,3200.0,3200.0
04.07.2023,Badulla,H-1,2800.0,2800.0
04.07.2023,Badulla,H-2,2500.0,2500.0
04.07.2023,Badulla,Heen,2000.0,2000.0
04.07.2023,Ratnapura,H-2,2400.0,2300.0
04.07.2023,Kurunegala,Heen,2800.0,2367.0
04.07.2023,Kalutara,C-5 Sp,4400.0,4385.0
04.07.2023,Badulla,Gorosu,1800.0,1533.0
04.07.2023,Kalutara,Alba,4800.0,4790.0
04.07.2023,Gampaha,Gorosu,2100.0,2025.0
04.07.2023,Gampaha,C-4,2700.0,2550.0
04.07.2023,Colombo,H-2,2700.0,2700.0
04.07.2023,Gampaha,C-5,3000.0,3000.0
04.07.2023,Colombo,C-4,3100.0,3100.0
04.07.2023,Colombo,C-5,3300.0,3300.0
04.07.2023,Colombo,C-5 Sp,4000.0,4000.0
04.07.2023,Kurunegala,Gorosu,2000.0,1867.0
04.07.2023,Colombo,H-1,2900.0,2900.0
11.07.2023,Galle,H-2,2750.0,2725.0
11.07.2023,Matara,C-5,3400.0,3275.0
11.07.2023,Matara,C-5 Sp,4200.0,3900.0
11.07.2023,Matara,Alba,5000.0,4900.0
11.07.2023,Galle,H-1,2850.0,2825.0
11.07.2023,Kalutara,H-1,2000.0,1975.0
11.07.2023,Galle,C-5,3500.0,3350.0
11.07.2023,Galle,C-5 Sp,4300.0,4000.0
11.07.2023,Galle,Alba,5100.0,5000.0
11.07.2023,Kalutara,H-2,1500.0,1500.0
11.07.2023,Matara,C-4,3200.0,3108.0
11.07.2023,Galle,C-4,3100.0,3100.0
11.07.2023,Matara,M-5,3100.0,2950.0
11.07.2023,Monaragala,Gorosu,1600.0,1450.0
11.07.2023,Matara,H-1,2900.0,2830.0
11.07.2023,Matara,H-2,2800.0,2633.0
11.07.2023,Matara,H-Faq,2700.0,2367.0
11.07.2023,Hambantota,C-5,3400.0,3350.0
11.07.2023,Hambantota,C-4,3100.0,3100.0
11.07.2023,Hambantota,H-1,2850.0,2825.0
11.07.2023,Hambantota,H-2,2750.0,2725.0
11.07.2023,Monaragala,C-4,3000.0,2900.0
11.07.2023,Monaragala,H-1,2500.0,2400.0
11.07.2023,Monaragala,H-2,2200.0,2100.0
11.07.2023,Monaragala,Heen,1800.0,1700.0
11.07.2023,Kalutara,M-4,2400.0,2390.0
11.07.2023,Matara,M-4,3000.0,2900.0
11.07.2023,Kalutara,M-5,2700.0,2685.0
11.07.2023,Kalutara,C-5,3400.0,3290.0
11.07.2023,Ratnapura,Alba,4800.0,4766.0
11.07.2023,Kalutara,C-4,3000.0,2985.0
11.07.2023,Ratnapura,C-5 Sp,4200.0,4000.0
11.07.2023,Ratnapura,C-5,3300.0,3250.0
11.07.2023,Ratnapura,C-4,3050.0,3016.0
11.07.2023,Ratnapura,M-5,2900.0,2833.0
11.07.2023,Ratnapura,M-4,2900.0,2833.0
11.07.2023,Ratnapura,H-1,2700.0,2600.0
11.07.2023,Badulla,C-5,4000.0,4000.0
11.07.2023,Badulla,C-4,3200.0,3200.0
11.07.2023,Badulla,H-1,3000.0,3000.0
11.07.2023,Badulla,H-2,2900.0,2900.0
11.07.2023,Badulla,Heen,2500.0,2250.0
11.07.2023,Ratnapura,H-2,2500.0,2400.0
11.07.2023,Kurunegala,Heen,3800.0,3800.0
11.07.2023,Kalutara,C-5 Sp,4400.0,4385.0
11.07.2023,Badulla,Gorosu,2000.0,1633.0
11.07.2023,Kalutara,Alba,4800.0,4790.0
11.07.2023,Gampaha,Gorosu,2200.0,2100.0
11.07.2023,Gampaha,C-4,2700.0,2625.0
11.07.2023,Colombo,H-2,2600.0,2600.0
11.07.2023,Gampaha,C-5,3200.0,3100.0
11.07.2023,Colombo,C-4,3000.0,3000.0
11.07.2023,Colombo,C-5,3500.0,3500.0
11.07.2023,Colombo,C-5 Sp,4000.0,4000.0
11.07.2023,Kurunegala,Gorosu,2500.0,2167.0
11.07.2023,Colombo,H-1,2800.0,2800.0
18.07.2023,Galle,C-4,3100.0,3050.0
18.07.2023,Matara,Alba,5000.0,4900.0
18.07.2023,Galle,H-2,2750.0,2725.0
18.07.2023,Galle,H-1,2850.0,2825.0
18.07.2023,Galle,C-5,3500.0,3350.0
18.07.2023,Kalutara,M-4,2400.0,2390.0
18.07.2023,Galle,Alba,4600.0,4550.0
18.07.2023,Kalutara,H-2,1500.0,1500.0
18.07.2023,Kalutara,H-1,2000.0,1975.0
18.07.2023,Matara,C-5 Sp,4000.0,3900.0
18.07.2023,Galle,C-5 Sp,4000.0,3900.0
18.07.2023,Matara,C-5,3400.0,3333.0
18.07.2023,Monaragala,Gorosu,1600.0,1500.0
18.07.2023,Matara,M-5,3100.0,2967.0
18.07.2023,Matara,M-4,3050.0,2917.0
18.07.2023,Matara,H-1,2900.0,2817.0
18.07.2023,Matara,H-2,2800.0,2593.0
18.07.2023,Matara,H-Faq,2200.0,2175.0
18.07.2023,Hambantota,C-4,3100.0,3100.0
18.07.2023,Hambantota,H-1,2900.0,2850.0
18.07.2023,Hambantota,H-2,2750.0,2725.0
18.07.2023,Monaragala,H-1,3000.0,3000.0
18.07.2023,Monaragala,H-2,2800.0,2600.0
18.07.2023,Monaragala,Heen,2000.0,1800.0
18.07.2023,Kalutara,M-5,2700.0,2685.0
18.07.2023,Matara,C-4,3200.0,3107.0
18.07.2023,Kalutara,C-4,3000.0,2985.0
18.07.2023,Hambantota,C-5,3300.0,3250.0
18.07.2023,Kalutara,C-5 Sp,4400.0,4395.0
18.07.2023,Kalutara,C-5,3400.0,3390.0
18.07.2023,Ratnapura,C-5 Sp,4000.0,3933.0
18.07.2023,Ratnapura,C-5,3600.0,3433.0
18.07.2023,Ratnapura,C-4,2900.0,2866.0
18.07.2023,Ratnapura,M-5,2500.0,2450.0
18.07.2023,Ratnapura,M-4,2500.0,2450.0
18.07.2023,Ratnapura,H-1,2200.0,2133.0
18.07.2023,Ratnapura,H-2,2000.0,1933.0
18.07.2023,Badulla,C-5,4000.0,4000.0
18.07.2023,Badulla,C-4,3500.0,3500.0
18.07.2023,Badulla,H-1,2800.0,2800.0
18.07.2023,Badulla,H-2,2500.0,2500.0
18.07.2023,Ratnapura,Alba,4500.0,4466.0
18.07.2023,Badulla,Gorosu,2000.0,1850.0
18.07.2023,Badulla,Heen,2200.0,2100.0
18.07.2023,Gampaha,Gorosu,2600.0,2525.0
18.07.2023,Gampaha,C-4,2800.0,2750.0
18.07.2023,Gampaha,C-5,3300.0,3250.0
18.07.2023,Colombo,H-1,2600.0,2600.0
18.07.2023,Colombo,H-2,2400.0,2400.0
18.07.2023,Colombo,C-5,3100.0,3100.0
18.07.2023,Colombo,C-5 Sp,3500.0,3500.0
18.07.2023,Kurunegala,Gorosu,2000.0,1867.0
18.07.2023,Kurunegala,Heen,2500.0,2500.0
18.07.2023,Colombo,C-4,3000.0,3000.0
18.07.2023,Kalutara,Alba,4800.0,4790.0
25.07.2023,Matara,C-5 Sp,4200.0,3278.0
25.07.2023,Galle,H-1,2850.0,2825.0
25.07.2023,Matara,Alba,5000.0,4950.0
25.07.2023,Galle,H-2,2750.0,2725.0
25.07.2023,Kalutara,H-2,1500.0,1500.0
25.07.2023,Galle,C-5,3500.0,3350.0
25.07.2023,Galle,C-5 Sp,4000.0,3900.0
25.07.2023,Galle,Alba,4600.0,4550.0
25.07.2023,Matara,C-5,3750.0,3367.0
25.07.2023,Kalutara,H-1,2000.0,1975.0
25.07.2023,Galle,C-4,3100.0,3050.0
25.07.2023,Matara,C-4,3100.0,3100.0
25.07.2023,Hambantota,C-5,3300.0,3250.0
25.07.2023,Matara,M-4,2900.0,2900.0
25.07.2023,Matara,H-1,2900.0,2840.0
25.07.2023,Matara,H-2,2800.0,2625.0
25.07.2023,Matara,H-Faq,2400.0,2133.0
25.07.2023,Hambantota,C-4,3100.0,3100.0
25.07.2023,Hambantota,H-1,2900.0,2850.0
25.07.2023,Hambantota,H-2,2750.0,2725.0
25.07.2023,Monaragala,H-1,2500.0,2400.0
25.07.2023,Monaragala,H-2,2200.0,2100.0
25.07.2023,Monaragala,Heen,1900.0,1750.0
25.07.2023,Kalutara,M-4,2400.0,2390.0
25.07.2023,Monaragala,Gorosu,1600.0,1500.0
25.07.2023,Matara,M-5,3000.0,2917.0
25.07.2023,Kalutara,M-5,2700.0,2685.0
25.07.2023,Gampaha,C-5,3300.0,3250.0
25.07.2023,Kalutara,C-5,3400.0,3390.0
25.07.2023,Ratnapura,Alba,4800.0,4700.0
25.07.2023,Ratnapura,C-5 Sp,3700.0,3600.0
25.07.2023,Ratnapura,C-5,3400.0,3216.0
25.07.2023,Ratnapura,C-4,3000.0,2983.0
25.07.2023,Ratnapura,M-5,2950.0,2916.0
25.07.2023,Ratnapura,M-4,2950.0,2916.0
25.07.2023,Kalutara,C-4,3000.0,2985.0
25.07.2023,Ratnapura,H-2,2600.0,2433.0
25.07.2023,Badulla,C-5,3800.0,3800.0
25.07.2023,Badulla,C-4,3500.0,3500.0
25.07.2023,Badulla,H-1,3000.0,3000.0
25.07.2023,Badulla,H-2,2800.0,2800.0
25.07.2023,Ratnapura,H-1,2800.0,2733.0
25.07.2023,Badulla,Gorosu,2000.0,1850.0
25.07.2023,Badulla,Heen,2500.0,2250.0
25.07.2023,Kalutara,C-5 Sp,4400.0,4395.0
25.07.2023,Kalutara,Alba,4800.0,4790.0
25.07.2023,Gampaha,Gorosu,2600.0,2550.0
25.07.2023,Gampaha,H-1,2600.0,2600.0
25.07.2023,Gampaha,H-2,2400.0,2400.0
25.07.2023,Colombo,C-4,3000.0,3000.0
25.07.2023,Colombo,C-5,3200.0,3200.0
25.07.2023,Colombo,C-5 Sp,3600.0,3600.0
25.07.2023,Kurunegala,Gorosu,1800.0,1600.0
25.07.2023,Kurunegala,Heen,2100.0,2100.0
25.07.2023,Gampaha,C-4,2900.0,2750.0
31.07.2023,Galle,C-4,3050.0,3025.0
31.07.2023,Matara,Alba,5000.0,4850.0
31.07.2023,Galle,H-2,2800.0,2750.0
31.07.2023,Galle,H-1,2850.0,2825.0
31.07.2023,Galle,C-5,3400.0,3350.0
31.07.2023,Matara,C-5 Sp,4200.0,3900.0
31.07.2023,Galle,Alba,4800.0,4750.0
31.07.2023,Kalutara,H-2,1500.0,1500.0
31.07.2023,Kalutara,H-1,2000.0,1975.0
31.07.2023,Kalutara,M-4,2400.0,2390.0
31.07.2023,Galle,C-5 Sp,4000.0,3900.0
31.07.2023,Matara,C-5,3300.0,3200.0
31.07.2023,Kalutara,M-5,2700.0,2680.0
31.07.2023,Matara,M-5,3100.0,3012.0
31.07.2023,Matara,M-4,3050.0,2950.0
31.07.2023,Matara,H-1,2900.0,2830.0
31.07.2023,Matara,H-2,2750.0,2581.0
31.07.2023,Matara,H-Faq,2300.0,2075.0
31.07.2023,Hambantota,C-5,3300.0,3250.0
31.07.2023,Monaragala,Gorosu,1600.0,1575.0
31.07.2023,Hambantota,H-1,2800.0,2800.0
31.07.2023,Hambantota,H-2,2750.0,2725.0
31.07.2023,Monaragala,H-1,2500.0,2400.0
31.07.2023,Monaragala,H-2,2200.0,2100.0
31.07.2023,Monaragala,Heen,1850.0,1800.0
31.07.2023,Matara,C-4,3200.0,3079.0
31.07.2023,Kalutara,C-4,3000.0,2995.0
31.07.2023,Hambantota,C-4,3100.0,3050.0
31.07.2023,Kalutara,C-5 Sp,4400.0,4395.0
31.07.2023,Ratnapura,Alba,4800.0,4600.0
31.07.2023,Ratnapura,C-5 Sp,4000.0,3700.0
31.07.2023,Ratnapura,C-5,3700.0,3500.0
31.07.2023,Ratnapura,C-4,3000.0,2900.0
31.07.2023,Ratnapura,M-5,2500.0,2433.0
31.07.2023,Ratnapura,M-4,2500.0,2433.0
31.07.2023,Ratnapura,H-1,2600.0,2200.0
31.07.2023,Ratnapura,H-2,2000.0,1800.0
31.07.2023,Badulla,C-5,4000.0,4000.0
31.07.2023,Badulla,C-4,3800.0,3800.0
31.07.2023,Badulla,H-1,3500.0,3500.0
31.07.2023,Badulla,H-2,2800.0,2800.0
31.07.2023,Kalutara,C-5,3400.0,3390.0
31.07.2023,Badulla,Gorosu,1800.0,1550.0
31.07.2023,Kalutara,Alba,4800.0,4790.0
31.07.2023,Gampaha,Gorosu,2500.0,2475.0
31.07.2023,Gampaha,C-4,2800.0,2750.0
31.07.2023,Badulla,Heen,2000.0,2000.0
31.07.2023,Colombo,H-2,2600.0,2600.0
31.07.2023,Gampaha,C-5,3200.0,3200.0
31.07.2023,Colombo,C-4,3000.0,3000.0
31.07.2023,Colombo,C-5,3200.0,3200.0
31.07.2023,Colombo,C-5 Sp,3800.0,3800.0
31.07.2023,Kurunegala,Gorosu,1800.0,1667.0
31.07.2023,Kurunegala,Heen,2000.0,2000.0
31.07.2023,Colombo,H-1,2900.0,2900.0
08.08.2023,Matara,C-5 Sp,4200.0,3767.0
08.08.2023,Matara,Alba,4800.0,4700.0
08.08.2023,Galle,H-2,2500.0,2450.0
08.08.2023,Galle,H-1,2700.0,2650.0
08.08.2023,Kalutara,H-1,2000.0,2000.0
08.08.2023,Galle,C-5,3200.0,3100.0
08.08.2023,Galle,C-5 Sp,3500.0,3450.0
08.08.2023,Galle,Alba,4200.0,4150.0
08.08.2023,Kalutara,H-2,1950.0,1950.0
08.08.2023,Matara,C-5,3300.0,3230.0
08.08.2023,Galle,C-4,3000.0,3000.0
08.08.2023,Matara,C-4,3100.0,2950.0
08.08.2023,Hambantota,C-4,2800.0,2800.0
08.08.2023,Matara,M-4,2900.0,2825.0
08.08.2023,Matara,H-1,2800.0,2720.0
08.08.2023,Matara,H-2,2700.0,2550.0
08.08.2023,Matara,H-Faq,2200.0,2070.0
08.08.2023,Hambantota,C-5,3000.0,3000.0
08.08.2023,Hambantota,H-1,2700.0,2650.0
08.08.2023,Hambantota,H-2,2600.0,2550.0
08.08.2023,Monaragala,C-4,3000.0,3000.0
08.08.2023,Monaragala,H-1,2600.0,2400.0
08.08.2023,Monaragala,H-2,2300.0,2150.0
08.08.2023,Monaragala,Gorosu,1700.0,1600.0
08.08.2023,Kalutara,M-4,2100.0,2080.0
08.08.2023,Matara,M-5,3000.0,2900.0
08.08.2023,Kalutara,M-5,2300.0,2290.0
08.08.2023,Monaragala,Heen,1900.0,1800.0
08.08.2023,Kalutara,C-5,3400.0,3390.0
08.08.2023,Kalutara,C-4,2500.0,2485.0
08.08.2023,Ratnapura,C-5 Sp,3100.0,3033.0
08.08.2023,Ratnapura,C-5,2700.0,2666.0
08.08.2023,Ratnapura,C-4,2300.0,2150.0
08.08.2023,Ratnapura,M-5,2050.0,2016.0
08.08.2023,Ratnapura,M-4,2050.0,2016.0
08.08.2023,Ratnapura,H-1,2000.0,1866.0
08.08.2023,Ratnapura,H-2,1700.0,1633.0
08.08.2023,Badulla,C-5,3800.0,3800.0
08.08.2023,Badulla,C-4,3300.0,3300.0
08.08.2023,Badulla,H-1,2800.0,2800.0
08.08.2023,Badulla,H-2,2600.0,2600.0
08.08.2023,Badulla,Heen,2500.0,1933.0
08.08.2023,Ratnapura,Alba,3500.0,3450.0
08.08.2023,Kurunegala,Heen,2500.0,2500.0
08.08.2023,Badulla,Gorosu,2000.0,1583.0
08.08.2023,Kalutara,Alba,4800.0,4790.0
08.08.2023,Gampaha,Gorosu,2500.0,2375.0
08.08.2023,Gampaha,C-4,2800.0,2700.0
08.08.2023,Gampaha,C-5,3100.0,3000.0
08.08.2023,Kalutara,C-5 Sp,4000.0,3885.0
08.08.2023,Colombo,H-1,2800.0,2800.0
08.08.2023,Colombo,C-4,3000.0,3000.0
08.08.2023,Colombo,C-5,3200.0,3200.0
08.08.2023,Colombo,C-5 Sp,3700.0,3700.0
08.08.2023,Kurunegala,Gorosu,1800.0,1600.0
08.08.2023,Colombo,H-2,2600.0,2600.0
15.08.2023,Matara,C-5 Sp,4000.0,3700.0
15.08.2023,Matara,Alba,4700.0,4650.0
15.08.2023,Galle,H-2,2700.0,2630.0
15.08.2023,Galle,H-1,2850.0,2780.0
15.08.2023,Galle,C-5 Sp,3500.0,3500.0
15.08.2023,Galle,C-5,3300.0,3180.0
15.08.2023,Galle,Alba,4500.0,4400.0
15.08.2023,Kalutara,H-2,2000.0,2000.0
15.08.2023,Matara,C-5,3500.0,3200.0
15.08.2023,Kalutara,H-1,2300.0,2297.0
15.08.2023,Galle,C-4,3000.0,2980.0
15.08.2023,Matara,C-4,3100.0,2958.0
15.08.2023,Hambantota,C-4,2900.0,2850.0
15.08.2023,Matara,M-4,2800.0,2733.0
15.08.2023,Matara,H-1,2700.0,2662.0
15.08.2023,Matara,H-2,2700.0,2493.0
15.08.2023,Matara,H-Faq,2000.0,2000.0
15.08.2023,Hambantota,C-5,3000.0,3000.0
15.08.2023,Hambantota,H-1,2700.0,2650.0
15.08.2023,Hambantota,H-2,2600.0,2550.0
15.08.2023,Monaragala,C-4,3000.0,3000.0
15.08.2023,Monaragala,H-1,2500.0,2500.0
15.08.2023,Monaragala,H-2,2300.0,2200.0
15.08.2023,Monaragala,Heen,1900.0,1750.0
15.08.2023,Monaragala,Gorosu,1600.0,1575.0
15.08.2023,Matara,M-5,2900.0,2833.0
15.08.2023,Kalutara,M-4,2400.0,2395.0
15.08.2023,Kalutara,C-4,3100.0,3065.0
15.08.2023,Kalutara,C-5,3500.0,3495.0
15.08.2023,Kalutara,M-5,2700.0,2690.0
15.08.2023,Ratnapura,Alba,4700.0,4233.0
15.08.2023,Ratnapura,C-5 Sp,3600.0,3566.0
15.08.2023,Ratnapura,C-5,3100.0,3066.0
15.08.2023,Ratnapura,C-4,2800.0,2566.0
15.08.2023,Ratnapura,H-1,2700.0,2383.0
15.08.2023,Ratnapura,H-2,2400.0,2033.0
15.08.2023,Badulla,C-4,3300.0,3300.0
15.08.2023,Badulla,H-1,2800.0,2800.0
15.08.2023,Badulla,H-2,2600.0,2600.0
15.08.2023,Badulla,Heen,3000.0,2550.0
15.08.2023,Badulla,Gorosu,2500.0,1950.0
15.08.2023,Badulla,C-5,3800.0,3800.0
15.08.2023,Kurunegala,H-1,2000.0,1867.0
15.08.2023,Kurunegala,M-4,2300.0,2300.0
15.08.2023,Kalutara,Alba,4900.0,4895.0
15.08.2023,Gampaha,Gorosu,2500.0,2450.0
15.08.2023,Gampaha,C-4,2800.0,2775.0
15.08.2023,Gampaha,C-5,3100.0,3066.0
15.08.2023,Kalutara,C-5 Sp,4000.0,3857.0
15.08.2023,Colombo,H-1,2700.0,2700.0
15.08.2023,Colombo,C-4,3000.0,3000.0
15.08.2023,Colombo,C-5,3200.0,3200.0
15.08.2023,Colombo,C-5 Sp,3400.0,3400.0
15.08.2023,Colombo,H-2,2500.0,2500.0
22.08.2023,Matara,C-5 Sp,4000.0,3767.0
22.08.2023,Matara,Alba,4700.0,4633.0
22.08.2023,Galle,H-2,2700.0,2630.0
22.08.2023,Galle,H-1,2800.0,2780.0
22.08.2023,Galle,C-4,3000.0,2980.0
22.08.2023,Galle,C-5 Sp,3500.0,3450.0
22.08.2023,Galle,Alba,4600.0,4400.0
22.08.2023,Kalutara,H-2,2300.0,2300.0
22.08.2023,Kalutara,H-1,2500.0,2480.0
22.08.2023,Matara,C-5,3300.0,3225.0
22.08.2023,Galle,C-5,3200.0,3180.0
22.08.2023,Matara,C-4,3100.0,2978.0
22.08.2023,Kalutara,M-4,2600.0,2585.0
22.08.2023,Matara,M-4,2800.0,2762.0
22.08.2023,Matara,H-1,2800.0,2710.0
22.08.2023,Matara,H-2,2750.0,2493.0
22.08.2023,Matara,H-Faq,2000.0,2000.0
22.08.2023,Hambantota,C-5,3000.0,2950.0
22.08.2023,Hambantota,C-4,2850.0,2825.0
22.08.2023,Hambantota,H-1,2600.0,2600.0
22.08.2023,Hambantota,H-2,2500.0,2500.0
22.08.2023,Monaragala,H-1,2500.0,2500.0
22.08.2023,Monaragala,Heen,1700.0,1600.0
22.08.2023,Monaragala,H-Faq,2000.0,1900.0
22.08.2023,Matara,M-5,3000.0,2912.0
22.08.2023,Kalutara,M-5,2700.0,2690.0
22.08.2023,Monaragala,H-2,2300.0,2200.0
22.08.2023,Kalutara,C-5,3200.0,3167.0
22.08.2023,Ratnapura,Alba,4500.0,4333.0
22.08.2023,Ratnapura,C-5 Sp,3600.0,3600.0
22.08.2023,Ratnapura,C-5,3300.0,3166.0
22.08.2023,Ratnapura,C-4,2700.0,2600.0
22.08.2023,Ratnapura,H-1,2400.0,2300.0
22.08.2023,Ratnapura,H-2,2200.0,1966.0
22.08.2023,Badulla,C-5,4000.0,4000.0
22.08.2023,Badulla,C-4,3200.0,3200.0
22.08.2023,Badulla,H-1,2700.0,2700.0
22.08.2023,Badulla,H-2,2500.0,2500.0
22.08.2023,Badulla,Heen,2500.0,2450.0
22.08.2023,Badulla,Gorosu,2000.0,1584.0
22.08.2023,Kalutara,C-4,3000.0,2983.0
22.08.2023,Kurunegala,Gorosu,1800.0,1600.0
22.08.2023,Colombo,C-5 Sp,3600.0,3600.0
22.08.2023,Colombo,C-5,3200.0,3200.0
22.08.2023,Colombo,C-4,3000.0,3000.0
22.08.2023,Colombo,H-1,2600.0,2600.0
22.08.2023,Colombo,H-2,2500.0,2500.0
22.08.2023,Gampaha,C-5,3200.0,3100.0
22.08.2023,Gampaha,C-4,2800.0,2675.0
22.08.2023,Gampaha,Gorosu,2500.0,2325.0
22.08.2023,Kalutara,Alba,4500.0,4485.0
22.08.2023,Kalutara,C-5 Sp,3500.0,3490.0
22.08.2023,Kurunegala,Heen,2300.0,2300.0
28.08.2023,Matara,C-5,3300.0,3125.0
28.08.2023,Matara,C-5 Sp,3700.0,3633.0
28.08.2023,Matara,Alba,4700.0,4700.0
28.08.2023,Galle,H-2,2600.0,2575.0
28.08.2023,Kalutara,H-2,2300.0,2300.0
28.08.2023,Galle,C-5,3200.0,3167.0
28.08.2023,Galle,C-5 Sp,3700.0,3566.0
28.08.2023,Galle,Alba,4300.0,4250.0
28.08.2023,Matara,C-4,3100.0,2967.0
28.08.2023,Galle,H-1,2800.0,2730.0
28.08.2023,Matara,M-5,2950.0,2917.0
28.08.2023,Hambantota,C-5,3200.0,3100.0
28.08.2023,Matara,H-1,2800.0,2725.0
28.08.2023,Matara,H-2,2700.0,2560.0
28.08.2023,Matara,H-Faq,2000.0,1933.0
28.08.2023,Kalutara,H-1,2500.0,2480.0
28.08.2023,Hambantota,C-4,2900.0,2850.0
28.08.2023,Hambantota,H-1,2700.0,2700.0
28.08.2023,Hambantota,H-2,2600.0,2600.0
28.08.2023,Monaragala,H-1,2500.0,2500.0
28.08.2023,Monaragala,H-2,2300.0,2200.0
28.08.2023,Monaragala,Heen,2000.0,1800.0
28.08.2023,Monaragala,Gorosu,1600.0,1500.0
28.08.2023,Matara,M-4,2850.0,2817.0
28.08.2023,Kalutara,M-4,2600.0,2585.0
28.08.2023,Galle,C-4,2950.0,2917.0
28.08.2023,Kalutara,M-5,2700.0,2690.0
28.08.2023,Kalutara,C-4,3000.0,2983.0
28.08.2023,Ratnapura,Alba,4200.0,4100.0
28.08.2023,Ratnapura,C-5 Sp,3700.0,3600.0
28.08.2023,Ratnapura,C-5,3300.0,3250.0
28.08.2023,Ratnapura,C-4,2800.0,2800.0
28.08.2023,Ratnapura,H-1,2200.0,2140.0
28.08.2023,Ratnapura,H-2,1900.0,1775.0
28.08.2023,Badulla,C-4,3200.0,3200.0
28.08.2023,Badulla,H-1,2700.0,2700.0
28.08.2023,Badulla,H-2,2500.0,2500.0
28.08.2023,Badulla,Heen,2300.0,2300.0
28.08.2023,Badulla,Gorosu,2000.0,1666.0
28.08.2023,Badulla,C-5,4000.0,4000.0
28.08.2023,Kurunegala,Gorosu,1900.0,1633.0
28.08.2023,Kurunegala,Heen,2500.0,2500.0
28.08.2023,Kalutara,C-5 Sp,3500.0,3490.0
28.08.2023,Kalutara,Alba,4500.0,4485.0
28.08.2023,Gampaha,Gorosu,2300.0,2175.0
28.08.2023,Gampaha,C-4,2600.0,2550.0
28.08.2023,Gampaha,C-5,3100.0,3000.0
28.08.2023,Kalutara,C-5,3200.0,3167.0
28.08.2023,Colombo,H-1,2400.0,2400.0
28.08.2023,Colombo,C-4,2700.0,2700.0
28.08.2023,Colombo,C-5,3200.0,3200.0
28.08.2023,Colombo,C-5 Sp,3400.0,3400.0
28.08.2023,Colombo,H-2,2300.0,2300.0
05.09.2023,Matara,C-5,3400.0,3200.0
05.09.2023,Matara,C-5 Sp,3800.0,3700.0
05.09.2023,Matara,Alba,5000.0,4750.0
05.09.2023,Galle,H-2,2600.0,2500.0
05.09.2023,Galle,H-1,2700.0,2650.0
05.09.2023,Galle,C-5 Sp,3800.0,3700.0
05.09.2023,Galle,C-5,3400.0,3300.0
05.09.2023,Galle,Alba,4300.0,4230.0
05.09.2023,Kalutara,H-2,2300.0,2300.0
05.09.2023,Kalutara,H-1,2500.0,2480.0
05.09.2023,Galle,C-4,3000.0,2950.0
05.09.2023,Matara,C-4,3200.0,3017.0
05.09.2023,Kalutara,M-4,2600.0,2585.0
05.09.2023,Matara,M-4,2900.0,2850.0
05.09.2023,Matara,H-1,2850.0,2800.0
05.09.2023,Matara,H-2,2800.0,2256.0
05.09.2023,Matara,H-Faq,2500.0,2250.0
05.09.2023,Hambantota,C-5,3200.0,3100.0
05.09.2023,Hambantota,C-4,3000.0,2900.0
05.09.2023,Hambantota,H-1,2600.0,2600.0
05.09.2023,Hambantota,H-2,2500.0,2500.0
05.09.2023,Monaragala,H-1,2500.0,2500.0
05.09.2023,Monaragala,H-2,2300.0,2200.0
05.09.2023,Monaragala,Heen,1900.0,1800.0
05.09.2023,Matara,M-5,3000.0,2967.0
05.09.2023,Monaragala,Gorosu,1600.0,1550.0
05.09.2023,Kalutara,M-5,2700.0,2690.0
05.09.2023,Kalutara,C-5,3200.0,3167.0
05.09.2023,Ratnapura,Alba,4500.0,4500.0
05.09.2023,Ratnapura,C-5 Sp,4200.0,3930.0
05.09.2023,Ratnapura,C-5,3500.0,3366.0
05.09.2023,Ratnapura,C-4,2800.0,2566.0
05.09.2023,Ratnapura,H-1,2500.0,2433.0
05.09.2023,Ratnapura,H-2,1800.0,1650.0
05.09.2023,Badulla,C-5,3800.0,3800.0
05.09.2023,Badulla,C-4,3500.0,3500.0
05.09.2023,Badulla,H-1,2800.0,2800.0
05.09.2023,Badulla,H-2,2500.0,2500.0
05.09.2023,Badulla,Heen,2000.0,2000.0
05.09.2023,Badulla,Gorosu,1800.0,1700.0
05.09.2023,Kalutara,C-4,3000.0,2983.0
05.09.2023,Kurunegala,Gorosu,1900.0,1633.0
05.09.2023,Colombo,C-5 Sp,3600.0,3600.0
05.09.2023,Colombo,C-5,3200.0,3200.0
05.09.2023,Colombo,C-4,3000.0,3000.0
05.09.2023,Colombo,H-1,2600.0,2600.0
05.09.2023,Colombo,H-2,2500.0,2500.0
05.09.2023,Gampaha,C-5,2800.0,2800.0
05.09.2023,Gampaha,C-4,2500.0,2475.0
05.09.2023,Gampaha,Gorosu,2000.0,1950.0
05.09.2023,Kalutara,Alba,4500.0,4485.0
05.09.2023,Kalutara,C-5 Sp,3500.0,3490.0
05.09.2023,Kurunegala,Heen,2300.0,2300.0
12.09.2023,Matara,C-5 Sp,4000.0,3833.0
12.09.2023,Matara,Alba,5000.0,4800.0
12.09.2023,Galle,H-2,2500.0,2450.0
12.09.2023,Galle,H-1,2700.0,2650.0
12.09.2023,Kalutara,H-1,2500.0,2480.0
12.09.2023,Galle,C-5,3400.0,3300.0
12.09.2023,Galle,C-5 Sp,3800.0,3700.0
12.09.2023,Galle,Alba,4700.0,4500.0
12.09.2023,Kalutara,H-2,2300.0,2300.0
12.09.2023,Matara,C-5,3300.0,3163.0
12.09.2023,Galle,C-4,3000.0,2950.0
12.09.2023,Matara,C-4,3200.0,3000.0
12.09.2023,Hambantota,C-5,3200.0,3200.0
12.09.2023,Matara,M-4,3000.0,2850.0
12.09.2023,Matara,H-1,2900.0,2750.0
12.09.2023,Matara,H-2,2700.0,2529.0
12.09.2023,Matara,H-Faq,2500.0,2100.0
12.09.2023,Hambantota,C-4,3000.0,3000.0
12.09.2023,Hambantota,H-1,2700.0,2700.0
12.09.2023,Hambantota,H-2,2600.0,2600.0
12.09.2023,Monaragala,H-1,2500.0,2500.0
12.09.2023,Monaragala,H-2,2350.0,2250.0
12.09.2023,Monaragala,Heen,1900.0,1700.0
12.09.2023,Kalutara,M-4,2600.0,2585.0
12.09.2023,Matara,M-5,3100.0,2967.0
12.09.2023,Monaragala,Gorosu,1500.0,1475.0
12.09.2023,Kalutara,M-5,2700.0,2690.0
12.09.2023,Kalutara,C-5,3200.0,3167.0
12.09.2023,Kalutara,C-4,3000.0,2983.0
12.09.2023,Ratnapura,Alba,4500.0,4500.0
12.09.2023,Ratnapura,C-5 Sp,4000.0,3833.0
12.09.2023,Ratnapura,C-5,3600.0,3466.0
12.09.2023,Ratnapura,C-4,3000.0,2966.0
12.09.2023,Ratnapura,H-1,2800.0,2500.0
12.09.2023,Ratnapura,H-2,2600.0,2166.0
12.09.2023,Badulla,C-4,3000.0,3000.0
12.09.2023,Badulla,H-1,2800.0,2800.0
12.09.2023,Badulla,H-2,2700.0,2700.0
12.09.2023,Badulla,Heen,2500.0,2250.0
12.09.2023,Badulla,Gorosu,2000.0,1800.0
12.09.2023,Badulla,C-5,3500.0,3500.0
12.09.2023,Kurunegala,Gorosu,1900.0,1633.0
12.09.2023,Kurunegala,Heen,2100.0,2100.0
12.09.2023,Kalutara,Alba,4500.0,4485.0
12.09.2023,Gampaha,Gorosu,2300.0,2175.0
12.09.2023,Gampaha,C-4,2500.0,2500.0
12.09.2023,Gampaha,C-5,2800.0,2750.0
12.09.2023,Kalutara,C-5 Sp,3500.0,3490.0
12.09.2023,Colombo,H-1,2500.0,2500.0
12.09.2023,Colombo,C-4,3000.0,3000.0
12.09.2023,Colombo,C-5,3300.0,3300.0
12.09.2023,Colombo,C-5 Sp,3600.0,3600.0
12.09.2023,Colombo,H-2,2400.0,2400.0
19.09.2023,Matara,C-5 Sp,3800.0,3700.0
19.09.2023,Matara,Alba,5000.0,4825.0
19.09.2023,Galle,H-2,2500.0,2450.0
19.09.2023,Galle,H-1,2700.0,2600.0
19.09.2023,Galle,C-4,3000.0,2950.0
19.09.2023,Galle,C-5 Sp,3800.0,3700.0
19.09.2023,Galle,Alba,4700.0,4500.0
19.09.2023,Kalutara,H-2,1500.0,1500.0
19.09.2023,Kalutara,H-1,2000.0,1975.0
19.09.2023,Matara,C-5,3300.0,3113.0
19.09.2023,Galle,C-5,3400.0,3350.0
19.09.2023,Matara,C-4,3200.0,2971.0
19.09.2023,Kalutara,M-4,2400.0,2390.0
19.09.2023,Matara,M-4,3000.0,2838.0
19.09.2023,Matara,H-1,2800.0,2738.0
19.09.2023,Matara,H-2,2700.0,2525.0
19.09.2023,Matara,H-Faq,2300.0,2100.0
19.09.2023,Hambantota,C-5,3200.0,3200.0
19.09.2023,Hambantota,C-4,3000.0,3000.0
19.09.2023,Hambantota,H-1,2700.0,2700.0
19.09.2023,Hambantota,H-2,2600.0,2600.0
19.09.2023,Monaragala,H-1,2500.0,2450.0
19.09.2023,Monaragala,H-2,2300.0,2250.0
19.09.2023,Monaragala,Heen,1900.0,1850.0
19.09.2023,Matara,M-5,3100.0,2913.0
19.09.2023,Kalutara,M-5,2700.0,2685.0
19.09.2023,Monaragala,Gorosu,1500.0,1450.0
19.09.2023,Kalutara,C-5,3300.0,2295.0
19.09.2023,Ratnapura,Alba,5000.0,4766.0
19.09.2023,Ratnapura,C-5 Sp,4000.0,3866.0
19.09.2023,Ratnapura,C-5,3700.0,3600.0
19.09.2023,Ratnapura,C-4,3000.0,2900.0
19.09.2023,Ratnapura,H-1,2750.0,2516.0
19.09.2023,Ratnapura,H-2,2700.0,2266.0
19.09.2023,Badulla,C-5,3800.0,3800.0
19.09.2023,Badulla,C-4,3500.0,3500.0
19.09.2023,Badulla,H-1,2800.0,2800.0
19.09.2023,Badulla,H-2,2500.0,2500.0
19.09.2023,Badulla,Heen,2300.0,2150.0
19.09.2023,Badulla,Gorosu,2000.0,1666.0
19.09.2023,Kalutara,C-4,3000.0,2985.0
19.09.2023,Kurunegala,Gorosu,1800.0,1733.0
19.09.2023,Colombo,C-5 Sp,3600.0,3600.0
19.09.2023,Colombo,C-5,3200.0,3200.0
19.09.2023,Colombo,C-4,3000.0,3000.0
19.09.2023,Colombo,H-1,2600.0,2600.0
19.09.2023,Colombo,H-2,2500.0,2500.0
19.09.2023,Gampaha,C-5,3000.0,3000.0
19.09.2023,Gampaha,C-4,2500.0,2500.0
19.09.2023,Gampaha,Gorosu,2330.0,2150.0
19.09.2023,Kalutara,Alba,4800.0,4590.0
19.09.2023,Kalutara,C-5 Sp,4400.0,4395.0
19.09.2023,Kurunegala,Heen,2100.0,2100.0
26.09.2023,Matara,C-5 Sp,3800.0,3767.0
26.09.2023,Matara,Alba,5000.0,4825.0
26.09.2023,Galle,H-2,2500.0,2400.0
26.09.2023,Galle,H-1,2800.0,2750.0
26.09.2023,Kalutara,H-1,2000.0,1975.0
26.09.2023,Galle,C-5,3400.0,3350.0
26.09.2023,Galle,C-5 Sp,3800.0,3750.0
26.09.2023,Galle,Alba,4800.0,4750.0
26.09.2023,Kalutara,H-2,1500.0,1500.0
26.09.2023,Matara,C-5,3600.0,3220.0
26.09.2023,Galle,C-4,3000.0,2950.0
26.09.2023,Matara,C-4,3200.0,3000.0
26.09.2023,Hambantota,C-5,3200.0,3200.0
26.09.2023,Matara,M-4,3000.0,2900.0
26.09.2023,Matara,H-1,2800.0,2760.0
26.09.2023,Matara,H-2,2700.0,2544.0
26.09.2023,Matara,H-Faq,2000.0,1960.0
26.09.2023,Hambantota,C-4,3000.0,2950.0
26.09.2023,Hambantota,H-1,2700.0,2700.0
26.09.2023,Hambantota,H-2,2600.0,2600.0
26.09.2023,Monaragala,H-1,2500.0,2500.0
26.09.2023,Monaragala,H-2,2300.0,2250.0
26.09.2023,Monaragala,Heen,2000.0,1900.0
26.09.2023,Kalutara,M-4,2400.0,2390.0
26.09.2023,Matara,M-5,3100.0,2967.0
26.09.2023,Kalutara,M-5,2700.0,2685.0
26.09.2023,Monaragala,Gorosu,1700.0,1650.0
26.09.2023,Kalutara,C-5,3300.0,3295.0
26.09.2023,Ratnapura,Alba,5500.0,5100.0
26.09.2023,Ratnapura,C-5 Sp,3800.0,3566.0
26.09.2023,Ratnapura,C-5,3400.0,3300.0
26.09.2023,Ratnapura,C-4,3000.0,2933.0
26.09.2023,Ratnapura,H-1,2700.0,2650.0
26.09.2023,Ratnapura,H-2,2650.0,2583.0
26.09.2023,Badulla,C-5,3800.0,3800.0
26.09.2023,Badulla,C-4,3500.0,3500.0
26.09.2023,Badulla,H-1,2800.0,2800.0
26.09.2023,Badulla,H-2,2500.0,2500.0
26.09.2023,Badulla,Heen,2300.0,2150.0
26.09.2023,Badulla,Gorosu,2000.0,1793.0
26.09.2023,Kalutara,C-4,3000.0,2985.0
26.09.2023,Kurunegala,Gorosu,1700.0,1700.0
26.09.2023,Colombo,C-5 Sp,3600.0,3600.0
26.09.2023,Colombo,C-5,3300.0,3300.0
26.09.2023,Colombo,C-4,3000.0,3000.0
26.09.2023,Colombo,H-1,2600.0,2600.0
26.09.2023,Colombo,H-2,2500.0,2500.0
26.09.2023,Gampaha,C-5,2800.0,2800.0
26.09.2023,Gampaha,C-4,2600.0,2450.0
26.09.2023,Gampaha,Gorosu,2000.0,2000.0
26.09.2023,Kalutara,Alba,4800.0,4790.0
26.09.2023,Kalutara,C-5 Sp,4400.0,4395.0
26.09.2023,Kurunegala,Heen,2000.0,2000.0
03.10.2023,Matara,C-5,3400.0,3267.0
03.10.2023,Matara,C-5 Sp,3900.0,3800.0
03.10.2023,Matara,Alba,5000.0,4867.0
03.10.2023,Galle,H-2,2600.0,2550.0
03.10.2023,Kalutara,H-2,2100.0,2100.0
03.10.2023,Galle,C-4,3000.0,2950.0
03.10.2023,Galle,C-5,3400.0,3300.0
03.10.2023,Galle,C-5 Sp,3800.0,3750.0
03.10.2023,Galle,Alba,4800.0,4750.0
03.10.2023,Matara,C-4,3100.0,2990.0
03.10.2023,Galle,H-1,2800.0,2750.0
03.10.2023,Matara,M-5,3000.0,2900.0
03.10.2023,Hambantota,C-5,3200.0,3200.0
03.10.2023,Matara,H-1,2700.0,2667.0
03.10.2023,Matara,H-2,2700.0,2467.0
03.10.2023,Matara,H-Faq,2000.0,2000.0
03.10.2023,Matara,Heen,2000.0,1733.0
03.10.2023,Hambantota,C-4,2900.0,2900.0
03.10.2023,Hambantota,H-1,2700.0,2650.0
03.10.2023,Hambantota,H-2,2600.0,2600.0
03.10.2023,Monaragala,H-1,2800.0,2700.0
03.10.2023,Monaragala,H-2,2600.0,2450.0
03.10.2023,Monaragala,Heen,2000.0,1900.0
03.10.2023,Kalutara,H-1,2200.0,2190.0
03.10.2023,Matara,M-4,2800.0,2750.0
03.10.2023,Monaragala,Gorosu,1600.0,1450.0
03.10.2023,Kalutara,M-4,2400.0,2390.0
03.10.2023,Kalutara,C-4,3000.0,2980.0
03.10.2023,Kalutara,M-5,2700.0,2685.0
03.10.2023,Ratnapura,Alba,5300.0,4975.0
03.10.2023,Ratnapura,C-5 Sp,4200.0,3925.0
03.10.2023,Ratnapura,C-5,3900.0,3475.0
03.10.2023,Ratnapura,C-4,3000.0,2750.0
03.10.2023,Ratnapura,H-1,2650.0,2462.0
03.10.2023,Ratnapura,H-2,2600.0,2250.0
03.10.2023,Badulla,C-4,3500.0,3500.0
03.10.2023,Badulla,H-1,3000.0,3000.0
03.10.2023,Badulla,H-2,2800.0,2800.0
03.10.2023,Badulla,Heen,2500.0,2266.0
03.10.2023,Badulla,Gorosu,2000.0,1750.0
03.10.2023,Badulla,C-5,3800.0,3800.0
03.10.2023,Kurunegala,Gorosu,1800.0,1733.0
03.10.2023,Kurunegala,Heen,2000.0,2000.0
03.10.2023,Kalutara,C-5 Sp,4400.0,4395.0
03.10.2023,Kalutara,Alba,4800.0,4790.0
03.10.2023,Gampaha,Gorosu,2000.0,1950.0
03.10.2023,Gampaha,C-4,2700.0,2650.0
03.10.2023,Kalutara,C-5,3300.0,3295.0
03.10.2023,Colombo,H-1,2600.0,2600.0
03.10.2023,Colombo,C-4,3000.0,3000.0
03.10.2023,Colombo,C-5,3400.0,3400.0
03.10.2023,Colombo,C-5 Sp,3700.0,3700.0
03.10.2023,Colombo,H-2,2500.0,2500.0
10.10.2023,Matara,C-5,3500.0,3400.0
10.10.2023,Matara,C-5 Sp,3800.0,3733.0
10.10.2023,Matara,Alba,5000.0,4875.0
10.10.2023,Galle,H-2,2500.0,2500.0
10.10.2023,Galle,H-1,2600.0,2575.0
10.10.2023,Galle,C-5,2950.0,2925.0
10.10.2023,Galle,C-5 Sp,3500.0,3350.0
10.10.2023,Galle,Alba,4600.0,4400.0
10.10.2023,Kalutara,H-2,2100.0,2100.0
10.10.2023,Matara,C-4,3100.0,2983.0
10.10.2023,Galle,C-4,2800.0,2800.0
10.10.2023,Matara,M-5,3000.0,2967.0
10.10.2023,Kalutara,H-1,2200.0,2195.0
10.10.2023,Matara,H-1,2800.0,2700.0
10.10.2023,Matara,H-2,2700.0,2486.0
10.10.2023,Matara,H-Faq,2200.0,2050.0
10.10.2023,Hambantota,C-5,3300.0,3250.0
10.10.2023,Hambantota,C-4,2900.0,2850.0
10.10.2023,Hambantota,H-1,2700.0,2700.0
10.10.2023,Hambantota,H-2,2600.0,2600.0
10.10.2023,Monaragala,C-4,3000.0,3000.0
10.10.2023,Monaragala,H-1,2500.0,2450.0
10.10.2023,Monaragala,Heen,2000.0,1900.0
10.10.2023,Monaragala,Gorosu,1600.0,1550.0
10.10.2023,Matara,M-4,2900.0,2833.0
10.10.2023,Kalutara,M-4,2400.0,2390.0
10.10.2023,Monaragala,H-2,2300.0,2200.0
10.10.2023,Kalutara,C-4,3000.0,2980.0
10.10.2023,Ratnapura,C-5 Sp,4000.0,3833.0
10.10.2023,Ratnapura,C-5,3900.0,3500.0
10.10.2023,Ratnapura,C-4,3000.0,2866.0
10.10.2023,Ratnapura,H-1,2750.0,2450.0
10.10.2023,Ratnapura,H-2,2700.0,2266.0
10.10.2023,Badulla,C-5,4000.0,4000.0
10.10.2023,Badulla,C-4,3800.0,3800.0
10.10.2023,Badulla,H-1,3000.0,3000.0
10.10.2023,Badulla,H-2,2800.0,2800.0
10.10.2023,Badulla,Heen,2500.0,2467.0
10.10.2023,Badulla,Gorosu,2000.0,1725.0
10.10.2023,Kurunegala,Heen,2100.0,2100.0
10.10.2023,Ratnapura,Alba,5000.0,4700.0
10.10.2023,Colombo,C-5 Sp,3600.0,3600.0
10.10.2023,Kurunegala,Gorosu,1900.0,1833.0
10.10.2023,Kalutara,C-5,3300.0,3295.0
10.10.2023,Kalutara,C-5 Sp,4400.0,4395.0
10.10.2023,Kalutara,Alba,4800.0,4790.0
10.10.2023,Gampaha,Gorosu,2000.0,2000.0
10.10.2023,Kalutara,M-5,2700.0,2685.0
10.10.2023,Gampaha,C-5,3000.0,3000.0
10.10.2023,Colombo,H-2,2400.0,2400.0
10.10.2023,Colombo,H-1,2500.0,2500.0
10.10.2023,Gampaha,C-4,2600.0,2550.0
10.10.2023,Colombo,C-4,3000.0,3000.0
10.10.2023,Colombo,C-5,3300.0,3300.0
17.10.2023,Matara,C-5 Sp,3800.0,3733.0
17.10.2023,Matara,Alba,5000.0,4925.0
17.10.2023,Galle,H-2,2500.0,2450.0
17.10.2023,Galle,H-1,2600.0,2550.0
17.10.2023,Galle,C-5,3100.0,3050.0
17.10.2023,Matara,C-5,3400.0,3133.0
17.10.2023,Galle,C-5 Sp,3600.0,3500.0
17.10.2023,Galle,Alba,4700.0,4550.0
17.10.2023,Kalutara,H-2,2100.0,2100.0
17.10.2023,Kalutara,H-1,2200.0,2195.0
17.10.2023,Galle,C-4,2900.0,2850.0
17.10.2023,Matara,C-4,3000.0,2914.0
17.10.2023,Matara,H-1,2700.0,2670.0
17.10.2023,Matara,M-4,2800.0,2750.0
17.10.2023,Matara,H-2,2650.0,2506.0
17.10.2023,Matara,H-Faq,2300.0,2060.0
17.10.2023,Hambantota,C-4,2900.0,2900.0
17.10.2023,Hambantota,H-1,2600.0,2600.0
17.10.2023,Hambantota,H-2,2500.0,2500.0
17.10.2023,Monaragala,H-1,2500.0,2450.0
17.10.2023,Monaragala,H-2,2200.0,2100.0
17.10.2023,Monaragala,Heen,1800.0,1750.0
17.10.2023,Kalutara,M-4,2400.0,2390.0
17.10.2023,Monaragala,Gorosu,1500.0,1425.0
17.10.2023,Matara,M-5,2900.0,2817.0
17.10.2023,Hambantota,C-5,3000.0,3000.0
17.10.2023,Kalutara,C-4,3000.0,2990.0
17.10.2023,Kalutara,C-5,3300.0,3295.0
17.10.2023,Kalutara,M-5,2700.0,2685.0
17.10.2023,Ratnapura,Alba,5000.0,4766.0
17.10.2023,Ratnapura,C-5 Sp,3700.0,3666.0
17.10.2023,Ratnapura,C-5,3300.0,3166.0
17.10.2023,Ratnapura,C-4,2900.0,2866.0
17.10.2023,Ratnapura,H-1,2700.0,2533.0
17.10.2023,Ratnapura,H-2,2300.0,2166.0
17.10.2023,Badulla,C-4,3800.0,3800.0
17.10.2023,Badulla,H-1,3000.0,3000.0
17.10.2023,Badulla,H-2,2800.0,2800.0
17.10.2023,Badulla,Heen,2500.0,2467.0
17.10.2023,Badulla,Gorosu,2000.0,1725.0
17.10.2023,Badulla,C-5,4000.0,4000.0
17.10.2023,Kurunegala,Gorosu,1800.0,1733.0
17.10.2023,Kurunegala,Heen,2200.0,2200.0
17.10.2023,Kalutara,Alba,4800.0,4790.0
17.10.2023,Gampaha,Gorosu,2000.0,1950.0
17.10.2023,Gampaha,C-4,2600.0,2525.0
17.10.2023,Gampaha,C-5,3100.0,3000.0
17.10.2023,Kalutara,C-5 Sp,4400.0,4395.0
17.10.2023,Colombo,H-1,2600.0,2600.0
17.10.2023,Colombo,C-4,3000.0,3000.0
17.10.2023,Colombo,C-5,3100.0,3100.0
17.10.2023,Colombo,C-5 Sp,4000.0,4000.0
17.10.2023,Colombo,H-2,2500.0,2500.0
24.10.2023,Matara,C-5 Sp,4500.0,3933.0
24.10.2023,Matara,Alba,5000.0,4900.0
24.10.2023,Galle,H-2,2500.0,2450.0
24.10.2023,Galle,H-1,2600.0,2550.0
24.10.2023,Galle,C-4,2900.0,2850.0
24.10.2023,Galle,C-5 Sp,3600.0,3500.0
24.10.2023,Galle,Alba,4700.0,4600.0
24.10.2023,Kalutara,H-2,2100.0,2100.0
24.10.2023,Kalutara,H-1,2200.0,2195.0
24.10.2023,Matara,C-5,3400.0,3233.0
24.10.2023,Galle,C-5,3100.0,3050.0
24.10.2023,Matara,C-4,3100.0,2925.0
24.10.2023,Monaragala,Gorosu,1400.0,1375.0
24.10.2023,Matara,M-4,2800.0,2767.0
24.10.2023,Matara,H-1,2700.0,2670.0
24.10.2023,Matara,H-2,2600.0,2446.0
24.10.2023,Matara,H-Faq,2000.0,1960.0
24.10.2023,Hambantota,C-5,3100.0,3050.0
24.10.2023,Hambantota,C-4,2850.0,2825.0
24.10.2023,Hambantota,H-1,2600.0,2600.0
24.10.2023,Hambantota,H-2,2500.0,2500.0
24.10.2023,Monaragala,H-1,2500.0,2450.0
24.10.2023,Monaragala,H-2,2300.0,2275.0
24.10.2023,Monaragala,Heen,1800.0,1750.0
24.10.2023,Matara,M-5,3000.0,2883.0
24.10.2023,Kalutara,M-4,2400.0,2390.0
24.10.2023,Kalutara,C-5,3300.0,3295.0
24.10.2023,Kalutara,C-4,3000.0,2980.0
24.10.2023,Ratnapura,Alba,5100.0,4900.0
24.10.2023,Ratnapura,C-5 Sp,3750.0,3716.0
24.10.2023,Ratnapura,C-5,3200.0,3100.0
24.10.2023,Ratnapura,C-4,3000.0,2933.0
24.10.2023,Ratnapura,H-1,2700.0,2650.0
24.10.2023,Ratnapura,H-2,2600.0,2500.0
24.10.2023,Badulla,C-5,3800.0,3800.0
24.10.2023,Badulla,C-4,3500.0,3500.0
24.10.2023,Badulla,H-1,2800.0,2800.0
24.10.2023,Badulla,H-2,2500.0,2500.0
24.10.2023,Badulla,Heen,2500.0,2284.0
24.10.2023,Badulla,Gorosu,2000.0,1800.0
24.10.2023,Kalutara,M-5,2700.0,2685.0
24.10.2023,Kurunegala,Gorosu,1800.0,1733.0
24.10.2023,Colombo,C-5 Sp,3900.0,3900.0
24.10.2023,Colombo,C-5,3200.0,3200.0
24.10.2023,Colombo,C-4,3000.0,3000.0
24.10.2023,Colombo,H-1,2600.0,2600.0
24.10.2023,Colombo,H-2,2500.0,2500.0
24.10.2023,Gampaha,C-5,3100.0,3065.0
24.10.2023,Gampaha,C-4,2600.0,2525.0
24.10.2023,Gampaha,Gorosu,2100.0,1975.0
24.10.2023,Kalutara,Alba,4800.0,4790.0
24.10.2023,Kalutara,C-5 Sp,4400.0,4395.0
24.10.2023,Kurunegala,Heen,2200.0,2200.0
31.10.2023,Matara,C-5,3400.0,3200.0
31.10.2023,Matara,C-5 Sp,3700.0,3700.0
31.10.2023,Matara,Alba,5000.0,4900.0
31.10.2023,Galle,H-2,2550.0,2525.0
31.10.2023,Galle,Alba,4200.0,4100.0
31.10.2023,Galle,C-4,2800.0,2775.0
31.10.2023,Galle,C-5,2900.0,2875.0
31.10.2023,Galle,C-5 Sp,3600.0,3550.0
31.10.2023,Matara,C-4,3350.0,2975.0
31.10.2023,Galle,H-1,2600.0,2575.0
31.10.2023,Matara,M-5,2900.0,2767.0
31.10.2023,Hambantota,C-4,2850.0,2825.0
31.10.2023,Matara,H-1,2700.0,2625.0
31.10.2023,Matara,H-2,2600.0,2400.0
31.10.2023,Matara,H-Faq,2000.0,1950.0
31.10.2023,Hambantota,C-5,3000.0,3000.0
31.10.2023,Hambantota,H-1,2600.0,2600.0
31.10.2023,Hambantota,H-2,2500.0,2500.0
31.10.2023,Monaragala,C-4,3000.0,3000.0
31.10.2023,Monaragala,H-1,2500.0,2450.0
31.10.2023,Monaragala,H-2,2300.0,2250.0
31.10.2023,Monaragala,Heen,1900.0,1800.0
31.10.2023,Kalutara,H-2,2100.0,2100.0
31.10.2023,Matara,M-4,2800.0,2700.0
31.10.2023,Monaragala,Gorosu,1600.0,1500.0
31.10.2023,Kalutara,H-1,2200.0,2195.0
31.10.2023,Kalutara,M-5,2700.0,2685.0
31.10.2023,Kalutara,M-4,2400.0,2390.0
31.10.2023,Ratnapura,Alba,5000.0,4966.0
31.10.2023,Ratnapura,C-5 Sp,4000.0,3866.0
31.10.2023,Ratnapura,C-5,3700.0,3366.0
31.10.2023,Ratnapura,C-4,2900.0,2783.0
31.10.2023,Ratnapura,H-1,2600.0,2366.0
31.10.2023,Badulla,Heen,2500.0,2267.0
31.10.2023,Badulla,Gorosu,1800.0,1600.0
31.10.2023,Kurunegala,Heen,2100.0,2100.0
31.10.2023,Kurunegala,Gorosu,1800.0,1733.0
31.10.2023,Colombo,C-5 Sp,4000.0,4000.0
31.10.2023,Ratnapura,H-2,2200.0,2133.0
31.10.2023,Colombo,C-4,3000.0,3000.0
31.10.2023,Colombo,C-5,3200.0,3200.0
31.10.2023,Kalutara,C-5,3300.0,3295.0
31.10.2023,Kalutara,C-5 Sp,4400.0,4395.0
31.10.2023,Kalutara,Alba,4800.0,4790.0
31.10.2023,Gampaha,Gorosu,2100.0,2025.0
31.10.2023,Kalutara,C-4,3000.0,2980.0
31.10.2023,Gampaha,C-5,3200.0,3100.0
31.10.2023,Colombo,H-2,2400.0,2400.0
31.10.2023,Colombo,H-1,2500.0,2500.0
31.10.2023,Gampaha,C-4,2600.0,2525.0
07.11.2023,Matara,C-4,3100.0,2900.0
07.11.2023,Kalutara,H-2,2100.0,2100.0
07.11.2023,Galle,Alba,4700.0,4500.0
07.11.2023,Galle,C-5 Sp,3600.0,3550.0
07.11.2023,Galle,C-5,3100.0,3000.0
07.11.2023,Galle,C-4,2800.0,2800.0
07.11.2023,Galle,H-1,2600.0,2575.0
07.11.2023,Galle,H-2,2500.0,2475.0
07.11.2023,Matara,Alba,5000.0,4875.0
07.11.2023,Matara,C-5 Sp,3800.0,3733.0
07.11.2023,Matara,C-5,3500.0,3167.0
07.11.2023,Matara,M-5,3000.0,2867.0
07.11.2023,Monaragala,Gorosu,1500.0,1425.0
07.11.2023,Matara,H-1,2700.0,2650.0
07.11.2023,Matara,H-2,2600.0,2500.0
07.11.2023,Matara,H-Faq,2400.0,2120.0
07.11.2023,Hambantota,C-5,3000.0,2950.0
07.11.2023,Hambantota,C-4,2800.0,2800.0
07.11.2023,Hambantota,H-1,2600.0,2550.0
07.11.2023,Hambantota,H-2,2450.0,2450.0
07.11.2023,Monaragala,H-1,2500.0,2500.0
07.11.2023,Monaragala,H-2,2300.0,2200.0
07.11.2023,Monaragala,Heen,1800.0,1750.0
07.11.2023,Kalutara,H-1,2200.0,2195.0
07.11.2023,Matara,M-4,2800.0,2767.0
07.11.2023,Kalutara,M-4,2400.0,2390.0
07.11.2023,Kalutara,C-4,3000.0,2980.0
07.11.2023,Kalutara,M-5,2700.0,2685.0
07.11.2023,Ratnapura,C-5 Sp,3600.0,3533.0
07.11.2023,Ratnapura,C-5,3200.0,3000.0
07.11.2023,Ratnapura,C-4,2900.0,2766.0
07.11.2023,Ratnapura,H-1,2800.0,2433.0
07.11.2023,Ratnapura,H-2,2600.0,2233.0
07.11.2023,Badulla,C-5,3800.0,3800.0
07.11.2023,Badulla,C-4,3500.0,3500.0
07.11.2023,Badulla,H-1,3000.0,3000.0
07.11.2023,Badulla,H-2,2800.0,2800.0
07.11.2023,Badulla,Heen,2500.0,2250.0
07.11.2023,Badulla,Gorosu,2000.0,1783.0
07.11.2023,Kurunegala,Heen,2200.0,2200.0
07.11.2023,Ratnapura,Alba,5000.0,4766.0
07.11.2023,Colombo,C-5 Sp,3800.0,3800.0
07.11.2023,Colombo,C-5,3000.0,3000.0
07.11.2023,Colombo,C-4,2800.0,2800.0
07.11.2023,Colombo,H-1,2600.0,2600.0
07.11.2023,Colombo,H-2,2500.0,2500.0
07.11.2023,Gampaha,C-5,3000.0,2850.0
07.11.2023,Gampaha,C-4,2600.0,2550.0
07.11.2023,Gampaha,Gorosu,2000.0,1950.0
07.11.2023,Kalutara,Alba,4800.0,4795.0
07.11.2023,Kalutara,C-5 Sp,4400.0,4395.0
07.11.2023,Kalutara,C-5,3300.0,3295.0
07.11.2023,Kurunegala,Gorosu,2000.0,1867.0
14.11.2023,Matara,C-4,3100.0,2879.0
14.11.2023,Matara,C-5,3400.0,3283.0
14.11.2023,Matara,C-5 Sp,3700.0,3700.0
14.11.2023,Matara,Alba,5000.0,4900.0
14.11.2023,Galle,C-5 Sp,3600.0,3550.0
14.11.2023,Galle,H-1,2600.0,2575.0
14.11.2023,Galle,C-4,2800.0,2775.0
14.11.2023,Galle,C-5,3100.0,3000.0
14.11.2023,Matara,M-5,3000.0,2767.0
14.11.2023,Galle,H-2,2500.0,2500.0
14.11.2023,Matara,M-4,2800.0,2667.0
14.11.2023,Hambantota,H-1,2600.0,2550.0
14.11.2023,Matara,H-2,2600.0,2429.0
14.11.2023,Matara,H-Faq,2000.0,1920.0
14.11.2023,Hambantota,C-5,3000.0,2950.0
14.11.2023,Hambantota,C-4,2800.0,2800.0
14.11.2023,Hambantota,H-2,2500.0,2450.0
14.11.2023,Monaragala,C-4,3000.0,3000.0
14.11.2023,Monaragala,H-1,2500.0,2400.0
14.11.2023,Monaragala,H-2,2200.0,2150.0
14.11.2023,Monaragala,Heen,1900.0,1750.0
14.11.2023,Monaragala,Gorosu,1500.0,1425.0
14.11.2023,Galle,Alba,4500.0,4250.0
14.11.2023,Matara,H-1,2700.0,2610.0
14.11.2023,Kalutara,H-2,2100.0,2100.0
14.11.2023,Kalutara,H-1,2200.0,2195.0
14.11.2023,Kalutara,M-4,2400.0,2390.0
14.11.2023,Ratnapura,Alba,4800.0,4800.0
14.11.2023,Ratnapura,C-5 Sp,3700.0,3633.0
14.11.2023,Ratnapura,C-5,3200.0,3116.0
14.11.2023,Ratnapura,C-4,2800.0,2766.0
14.11.2023,Ratnapura,H-1,2500.0,2300.0
14.11.2023,Ratnapura,H-2,2200.0,2066.0
14.11.2023,Badulla,Gorosu,1800.0,1566.0
14.11.2023,Kurunegala,Heen,2000.0,2000.0
14.11.2023,Kurunegala,Gorosu,1800.0,1800.0
14.11.2023,Colombo,C-5 Sp,3800.0,3800.0
14.11.2023,Colombo,C-5,3000.0,3000.0
14.11.2023,Badulla,Heen,2200.0,2000.0
14.11.2023,Colombo,H-1,2700.0,2700.0
14.11.2023,Colombo,H-2,2600.0,2600.0
14.11.2023,Gampaha,C-5,3100.0,3050.0
14.11.2023,Gampaha,C-4,2700.0,2600.0
14.11.2023,Gampaha,Gorosu,2100.0,2000.0
14.11.2023,Kalutara,Alba,4800.0,4790.0
14.11.2023,Kalutara,C-5 Sp,4400.0,4395.0
14.11.2023,Kalutara,C-5,3100.0,3095.0
14.11.2023,Kalutara,C-4,3000.0,2980.0
14.11.2023,Kalutara,M-5,2700.0,2685.0
14.11.2023,Colombo,C-4,2900.0,2900.0
21.11.2023,Matara,C-5,3400.0,3150.0
21.11.2023,Matara,C-5 Sp,3700.0,3667.0
21.11.2023,Matara,Alba,5000.0,5000.0
21.11.2023,Galle,H-2,2500.0,2500.0
21.11.2023,Galle,H-1,2600.0,2575.0
21.11.2023,Kalutara,H-2,2100.0,2100.0
21.11.2023,Galle,C-5,3100.0,3000.0
21.11.2023,Galle,C-5 Sp,3600.0,3550.0
21.11.2023,Galle,Alba,4500.0,4250.0
21.11.2023,Matara,C-4,3100.0,2921.0
21.11.2023,Galle,C-4,2800.0,2775.0
21.11.2023,Matara,M-5,2900.0,2800.0
21.11.2023,Monaragala,Gorosu,1500.0,1450.0
21.11.2023,Matara,H-1,2800.0,2675.0
21.11.2023,Matara,H-2,2600.0,2438.0
21.11.2023,Matara,H-Faq,2200.0,1950.0
21.11.2023,Hambantota,C-5,3000.0,2950.0
21.11.2023,Hambantota,C-4,2800.0,2800.0
21.11.2023,Hambantota,H-1,2600.0,2550.0
21.11.2023,Hambantota,Gorosu,2500.0,2450.0
21.11.2023,Monaragala,H-1,2500.0,2500.0
21.11.2023,Monaragala,H-2,2300.0,2250.0
21.11.2023,Monaragala,Heen,1900.0,1800.0
21.11.2023,Kalutara,H-1,2200.0,2195.0
21.11.2023,Matara,M-4,2800.0,2750.0
21.11.2023,Kalutara,M-4,2400.0,2390.0
21.11.2023,Ratnapura,C-5 Sp,4200.0,3966.0
21.11.2023,Kalutara,C-4,3000.0,2980.0
21.11.2023,Kalutara,M-5,2700.0,2685.0
21.11.2023,Ratnapura,C-5,3800.0,3533.0
21.11.2023,Ratnapura,C-4,2700.0,2600.0
21.11.2023,Ratnapura,H-1,2200.0,2166.0
21.11.2023,Ratnapura,H-2,2000.0,1983.0
21.11.2023,Badulla,C-5,3800.0,3800.0
21.11.2023,Badulla,C-4,3500.0,3500.0
21.11.2023,Badulla,H-1,3000.0,3000.0
21.11.2023,Badulla,H-2,2800.0,2800.0
21.11.2023,Badulla,Heen,2200.0,2066.0
21.11.2023,Badulla,Gorosu,1800.0,1600.0
21.11.2023,Kurunegala,Heen,1800.0,1800.0
21.11.2023,Ratnapura,Alba,5000.0,4766.0
21.11.2023,Colombo,C-5 Sp,3800.0,3800.0
21.11.2023,Kurunegala,Gorosu,1600.0,1600.0
21.11.2023,Kalutara,C-5 Sp,4400.0,4395.0
21.11.2023,Kalutara,Alba,4800.0,4790.0
21.11.2023,Gampaha,Gorosu,2000.0,1900.0
21.11.2023,Gampaha,C-4,2700.0,2600.0
21.11.2023,Kalutara,C-5,3300.0,3295.0
21.11.2023,Colombo,H-2,2500.0,2500.0
21.11.2023,Colombo,H-1,2600.0,2600.0
21.11.2023,Colombo,C-4,2900.0,2900.0
21.11.2023,Colombo,C-5,3100.0,3100.0
21.11.2023,Gampaha,C-5,3000.0,3000.0
28.11.2023,Matara,C-5 Sp,3700.0,3633.0
28.11.2023,Matara,Alba,5000.0,4950.0
28.11.2023,Galle,H-2,2500.0,2500.0
28.11.2023,Galle,H-1,2600.0,2575.0
28.11.2023,Galle,C-5,3100.0,3050.0
28.11.2023,Galle,C-5 Sp,3800.0,3750.0
28.11.2023,Galle,Alba,4800.0,4650.0
28.11.2023,Kalutara,H-2,2100.0,2100.0
28.11.2023,Matara,C-5,3400.0,3150.0
28.11.2023,Kalutara,H-1,2200.0,2195.0
28.11.2023,Galle,C-4,2900.0,2875.0
28.11.2023,Matara,C-4,3100.0,2921.0
28.11.2023,Hambantota,C-5,3000.0,2950.0
28.11.2023,Matara,M-4,2800.0,2733.0
28.11.2023,Matara,H-1,2800.0,2670.0
28.11.2023,Matara,H-2,2670.0,2484.0
28.11.2023,Matara,H-Faq,2000.0,1825.0
28.11.2023,Hambantota,C-4,2800.0,2800.0
28.11.2023,Hambantota,H-2,2500.0,2450.0
28.11.2023,Monaragala,H-1,2500.0,2500.0
28.11.2023,Monaragala,H-2,2300.0,2250.0
28.11.2023,Monaragala,Heen,1900.0,1800.0
28.11.2023,Monaragala,Gorosu,1600.0,1425.0
28.11.2023,Kalutara,M-4,2400.0,2390.0
28.11.2023,Matara,M-5,2900.0,2833.0
28.11.2023,Kalutara,M-5,2500.0,2495.0
28.11.2023,Hambantota,H-1,2600.0,2550.0
28.11.2023,Kalutara,C-5,3000.0,2965.0
28.11.2023,Kalutara,C-4,2600.0,2595.0
28.11.2023,Ratnapura,C-5 Sp,3700.0,3650.0
28.11.2023,Ratnapura,C-5,3050.0,3016.0
28.11.2023,Ratnapura,C-4,2950.0,2900.0
28.11.2023,Ratnapura,H-1,2650.0,2600.0
28.11.2023,Ratnapura,H-2,2500.0,2216.0
28.11.2023,Badulla,C-5,3800.0,3800.0
28.11.2023,Badulla,C-4,3500.0,3500.0
28.11.2023,Badulla,H-1,3000.0,3000.0
28.11.2023,Badulla,H-2,2800.0,2800.0
28.11.2023,Badulla,Heen,2200.0,2066.0
28.11.2023,Badulla,Gorosu,1800.0,1700.0
28.11.2023,Ratnapura,Alba,5000.0,4900.0
28.11.2023,Kurunegala,Gorosu,1800.0,1667.0
28.11.2023,Kurunegala,Heen,2000.0,2000.0
28.11.2023,Kalutara,Alba,4800.0,4790.0
28.11.2023,Gampaha,Gorosu,2000.0,1900.0
28.11.2023,Gampaha,C-4,2800.0,2750.0
28.11.2023,Gampaha,C-5,3100.0,3065.0
28.11.2023,Kalutara,C-5 Sp,4400.0,4395.0
28.11.2023,Colombo,H-2,2400.0,2400.0
28.11.2023,Colombo,H-1,2500.0,2500.0
28.11.2023,Colombo,C-4,2900.0,2900.0
28.11.2023,Colombo,C-5,3100.0,3100.0
28.11.2023,Colombo,C-5 Sp,3700.0,3700.0
05.12.2023,Matara,C-5,3400.0,3180.0
05.12.2023,Matara,C-5 Sp,3800.0,3633.0
05.12.2023,Matara,Alba,5000.0,4925.0
05.12.2023,Galle,H-2,2700.0,2700.0
05.12.2023,Galle,C-4,3000.0,2950.0
05.12.2023,Kalutara,H-2,2100.0,2100.0
05.12.2023,Galle,C-5,3200.0,3150.0
05.12.2023,Galle,C-5 Sp,3800.0,3750.0
05.12.2023,Galle,Alba,4800.0,4650.0
05.12.2023,Matara,C-4,3200.0,2993.0
05.12.2023,Galle,H-1,2800.0,2775.0
05.12.2023,Matara,M-5,3000.0,2850.0
05.12.2023,Hambantota,C-4,2900.0,2850.0
05.12.2023,Matara,H-1,2850.0,2770.0
05.12.2023,Matara,H-2,2700.0,2506.0
05.12.2023,Matara,H-Faq,2200.0,2060.0
05.12.2023,Hambantota,C-5,3000.0,2950.0
05.12.2023,Hambantota,H-1,2650.0,2625.0
05.12.2023,Hambantota,H-2,2600.0,2575.0
05.12.2023,Monaragala,H-1,2500.0,2450.0
05.12.2023,Monaragala,H-2,2300.0,2250.0
05.12.2023,Kalutara,H-1,2200.0,2190.0
05.12.2023,Monaragala,Heen,2000.0,1950.0
05.12.2023,Monaragala,Gorosu,1700.0,1600.0
05.12.2023,Matara,M-4,2900.0,2833.0
05.12.2023,Kalutara,M-4,2400.0,2390.0
05.12.2023,Ratnapura,C-5 Sp,3800.0,3750.0
05.12.2023,Kalutara,C-4,2600.0,2590.0
05.12.2023,Kalutara,M-5,2500.0,2495.0
05.12.2023,Ratnapura,Alba,5000.0,4766.0
05.12.2023,Ratnapura,C-5,3200.0,3133.0
05.12.2023,Ratnapura,C-4,3050.0,2950.0
05.12.2023,Ratnapura,H-1,2750.0,2550.0
05.12.2023,Ratnapura,H-2,2400.0,2200.0
05.12.2023,Badulla,M-5,4000.0,4000.0
05.12.2023,Badulla,H-1,3000.0,3000.0
05.12.2023,Badulla,H-2,2800.0,2800.0
05.12.2023,Badulla,Heen,2500.0,2083.0
05.12.2023,Badulla,Gorosu,2000.0,1700.0
05.12.2023,Kurunegala,M-4,1800.0,1800.0
05.12.2023,Badulla,M-4,3800.0,3800.0
05.12.2023,Colombo,C-5 Sp,3800.0,3800.0
05.12.2023,Colombo,C-5,3200.0,3200.0
05.12.2023,Colombo,C-4,2900.0,2900.0
05.12.2023,Colombo,H-1,2800.0,2800.0
05.12.2023,Colombo,H-2,2500.0,2500.0
05.12.2023,Gampaha,C-5,3000.0,2935.0
05.12.2023,Gampaha,C-4,2700.0,2575.0
05.12.2023,Gampaha,Gorosu,1900.0,1825.0
05.12.2023,Kalutara,Alba,4800.0,4790.0
05.12.2023,Kalutara,C-5 Sp,4400.0,4395.0
05.12.2023,Kurunegala,Heen,1600.0,1600.0
05.12.2023,Kalutara,C-5,3000.0,2975.0
12.12.2023,Matara,C-5 Sp,3800.0,3567.0
12.12.2023,Matara,Alba,5000.0,4950.0
12.12.2023,Galle,H-2,2700.0,2675.0
12.12.2023,Galle,H-1,2750.0,2725.0
12.12.2023,Kalutara,H-1,2200.0,2190.0
12.12.2023,Galle,C-5,3150.0,3125.0
12.12.2023,Galle,C-5 Sp,3800.0,3750.0
12.12.2023,Galle,Alba,4700.0,4600.0
12.12.2023,Kalutara,H-2,2100.0,2100.0
12.12.2023,Matara,C-5,3300.0,3125.0
12.12.2023,Galle,C-4,3000.0,2950.0
12.12.2023,Matara,C-4,3200.0,3000.0
12.12.2023,Monaragala,Gorosu,1600.0,1500.0
12.12.2023,Matara,M-4,2900.0,2883.0
12.12.2023,Matara,H-1,2800.0,2775.0
12.12.2023,Matara,H-2,2700.0,2542.0
12.12.2023,Matara,H-Faq,2400.0,2100.0
12.12.2023,Hambantota,C-4,2950.0,2925.0
12.12.2023,Hambantota,H-1,2650.0,2650.0
12.12.2023,Hambantota,H-2,2600.0,2600.0
12.12.2023,Monaragala,H-1,2500.0,2500.0
12.12.2023,Monaragala,H-2,2300.0,2250.0
12.12.2023,Monaragala,Heen,1900.0,1850.0
12.12.2023,Kalutara,M-4,2400.0,2380.0
12.12.2023,Matara,M-5,3100.0,2950.0
12.12.2023,Kalutara,M-5,2500.0,2495.0
12.12.2023,Hambantota,C-5,3200.0,3150.0
12.12.2023,Kalutara,C-5,3000.0,2970.0
12.12.2023,Kalutara,C-4,2600.0,2590.0
12.12.2023,Ratnapura,Alba,4800.0,4600.0
12.12.2023,Ratnapura,C-5 Sp,4000.0,3938.0
12.12.2023,Ratnapura,C-5,3800.0,3638.0
12.12.2023,Ratnapura,C-4,3200.0,3100.0
12.12.2023,Ratnapura,H-1,2800.0,2537.0
12.12.2023,Ratnapura,H-2,2500.0,2175.0
12.12.2023,Badulla,C-4,3800.0,3800.0
12.12.2023,Badulla,H-1,3500.0,3500.0
12.12.2023,Badulla,H-2,3000.0,3000.0
12.12.2023,Badulla,Heen,2500.0,2475.0
12.12.2023,Badulla,Gorosu,2200.0,1550.0
12.12.2023,Badulla,C-5,4000.0,4000.0
12.12.2023,Kurunegala,Gorosu,1800.0,1667.0
12.12.2023,Colombo,C-5 Sp,3900.0,3900.0
12.12.2023,Colombo,C-5,3300.0,3300.0
12.12.2023,Colombo,C-4,2800.0,2800.0
12.12.2023,Colombo,H-1,2500.0,2500.0
12.12.2023,Colombo,H-2,2400.0,2400.0
12.12.2023,Gampaha,C-5,3000.0,2935.0
12.12.2023,Gampaha,C-4,2600.0,2575.0
12.12.2023,Gampaha,Gorosu,2000.0,1850.0
12.12.2023,Kalutara,Alba,4800.0,4790.0
12.12.2023,Kurunegala,Heen,2000.0,2000.0
12.12.2023,Kalutara,C-5 Sp,4400.0,4395.0
19.12.2023,Matara,C-5 Sp,4000.0,3767.0
19.12.2023,Matara,Alba,5000.0,5000.0
19.12.2023,Galle,H-2,2600.0,2600.0
19.12.2023,Galle,H-1,2700.0,2675.0
19.12.2023,Kalutara,H-2,2100.0,2100.0
19.12.2023,Galle,C-5,3100.0,3050.0
19.12.2023,Galle,C-5 Sp,4000.0,3850.0
19.12.2023,Galle,Alba,4800.0,4700.0
19.12.2023,Matara,C-5,3400.0,3175.0
19.12.2023,Galle,C-4,3000.0,2950.0
19.12.2023,Matara,C-4,3200.0,3000.0
19.12.2023,Monaragala,Gorosu,1500.0,1475.0
19.12.2023,Matara,M-4,2900.0,2833.0
19.12.2023,Matara,H-1,2800.0,2737.0
19.12.2023,Matara,H-2,2700.0,2536.0
19.12.2023,Matara,H-Faq,2200.0,2050.0
19.12.2023,Hambantota,C-5,3200.0,3200.0
19.12.2023,Hambantota,C-4,2950.0,2950.0
19.12.2023,Hambantota,H-1,2650.0,2650.0
19.12.2023,Hambantota,H-2,2600.0,2600.0
19.12.2023,Monaragala,H-1,2500.0,2400.0
19.12.2023,Monaragala,H-2,2300.0,2250.0
19.12.2023,Monaragala,Heen,1900.0,1850.0
19.12.2023,Kalutara,H-1,2200.0,2190.0
19.12.2023,Matara,M-5,3000.0,2967.0
19.12.2023,Kalutara,M-4,2400.0,2380.0
19.12.2023,Gampaha,C-5,3800.0,3100.0
19.12.2023,Kalutara,C-4,2600.0,2590.0
19.12.2023,Ratnapura,Alba,4850.0,4812.0
19.12.2023,Ratnapura,C-5 Sp,3800.0,3650.0
19.12.2023,Ratnapura,C-5,3300.0,3138.0
19.12.2023,Ratnapura,C-4,3050.0,3000.0
19.12.2023,Ratnapura,H-1,2700.0,2475.0
19.12.2023,Ratnapura,H-2,2400.0,2300.0
19.12.2023,Kalutara,M-5,2500.0,2495.0
19.12.2023,Badulla,C-4,3500.0,3500.0
19.12.2023,Badulla,H-1,3000.0,3000.0
19.12.2023,Badulla,H-2,2800.0,2800.0
19.12.2023,Badulla,Heen,2500.0,2300.0
19.12.2023,Badulla,Gorosu,2200.0,1766.0
19.12.2023,Badulla,C-5,3800.0,3800.0
19.12.2023,Kurunegala,Gorosu,1600.0,1533.0
19.12.2023,Kurunegala,Heen,1800.0,1800.0
19.12.2023,Kalutara,C-5,3000.0,2970.0
19.12.2023,Kalutara,C-5 Sp,4400.0,4395.0
19.12.2023,Gampaha,Gorosu,2200.0,1900.0
19.12.2023,Gampaha,C-4,2700.0,2600.0
19.12.2023,Kalutara,Alba,4800.0,4790.0
19.12.2023,Colombo,H-1,2600.0,2600.0
19.12.2023,Colombo,C-4,2800.0,2800.0
19.12.2023,Colombo,C-5,3200.0,3200.0
19.12.2023,Colombo,C-5 Sp,3800.0,3800.0
19.12.2023,Colombo,H-2,2500.0,2500.0
27.12.2023,Galle,H-2,2700.0,2650.0
27.12.2023,Matara,C-5,3400.0,3233.0
27.12.2023,Matara,C-5 Sp,3800.0,3683.0
27.12.2023,Matara,Alba,5000.0,5000.0
27.12.2023,Galle,H-1,2850.0,2800.0
27.12.2023,Matara,C-4,3200.0,3037.0
27.12.2023,Galle,C-5,3300.0,3200.0
27.12.2023,Galle,C-5 Sp,4000.0,3850.0
27.12.2023,Galle,Alba,4800.0,4700.0
27.12.2023,Kalutara,H-2,2100.0,2100.0
27.12.2023,Galle,C-4,3000.0,3000.0
27.12.2023,Matara,M-5,3100.0,2967.0
27.12.2023,Kalutara,M-4,2400.0,2380.0
27.12.2023,Matara,H-1,2800.0,2783.0
27.12.2023,Matara,H-2,2700.0,2600.0
27.12.2023,Matara,H-Faq,2200.0,2067.0
27.12.2023,Hambantota,C-5,3200.0,3200.0
27.12.2023,Hambantota,C-4,3000.0,2975.0
27.12.2023,Hambantota,H-1,2700.0,2700.0
27.12.2023,Hambantota,H-2,2650.0,2625.0
27.12.2023,Monaragala,H-1,2500.0,2450.0
27.12.2023,Monaragala,H-2,2300.0,2250.0
27.12.2023,Monaragala,Heen,2000.0,1900.0
27.12.2023,Monaragala,Gorosu,1700.0,1540.0
27.12.2023,Matara,M-4,3000.0,2883.0
27.12.2023,Kalutara,M-5,2500.0,2495.0
27.12.2023,Kalutara,H-1,2200.0,2190.0
27.12.2023,Kalutara,C-5,3000.0,2970.0
27.12.2023,Ratnapura,Alba,5000.0,4900.0
27.12.2023,Ratnapura,C-5 Sp,3650.0,3600.0
27.12.2023,Ratnapura,C-5,3300.0,3200.0
27.12.2023,Ratnapura,C-4,3100.0,2966.0
27.12.2023,Ratnapura,H-1,2600.0,2466.0
27.12.2023,Ratnapura,H-2,2200.0,2050.0
27.12.2023,Badulla,C-5,4000.0,4000.0
27.12.2023,Badulla,C-4,3800.0,3800.0
27.12.2023,Badulla,H-1,3500.0,3500.0
27.12.2023,Badulla,H-2,3000.0,3000.0
27.12.2023,Badulla,Heen,2500.0,2475.0
27.12.2023,Badulla,Gorosu,2200.0,1550.0
27.12.2023,Kalutara,C-4,2700.0,2695.0
27.12.2023,Kurunegala,Gorosu,1800.0,1667.0
27.12.2023,Kalutara,C-5 Sp,3600.0,3590.0
27.12.2023,Kalutara,Alba,4800.0,4790.0
27.12.2023,Gampaha,Gorosu,1800.0,1750.0
27.12.2023,Gampaha,C-4,2500.0,2400.0
27.12.2023,Gampaha,C-5,3000.0,2900.0
27.12.2023,Kurunegala,Heen,2800.0,2800.0
27.12.2023,Colombo,H-1,2500.0,2500.0
27.12.2023,Colombo,C-4,2800.0,2800.0
27.12.2023,Colombo,C-5,3250.0,3250.0
27.12.2023,Colombo,C-5 Sp,3800.0,3800.0
27.12.2023,Colombo,H-2,2400.0,2400.0
02.01.2024,Matara,C-5,3400.0,3180.0
02.01.2024,Matara,C-5 Sp,3700.0,3667.0
02.01.2024,Matara,Alba,5000.0,5000.0
02.01.2024,Galle,H-2,2700.0,2650.0
02.01.2024,Galle,H-1,2800.0,2750.0
02.01.2024,Galle,C-5 Sp,4000.0,3850.0
02.01.2024,Galle,Alba,4700.0,4650.0
02.01.2024,Kalutara,H-2,2100.0,2100.0
02.01.2024,Kalutara,H-1,2200.0,2190.0
02.01.2024,Matara,C-4,3200.0,3029.0
02.01.2024,Galle,C-5,3300.0,3250.0
02.01.2024,Matara,M-5,3100.0,2963.0
02.01.2024,Hambantota,C-4,3000.0,2975.0
02.01.2024,Matara,H-1,3900.0,2770.0
02.01.2024,Matara,H-2,2700.0,2531.0
02.01.2024,Matara,H-Faq,2300.0,2060.0
02.01.2024,Hambantota,C-5,3200.0,3200.0
02.01.2024,Kalutara,M-4,2400.0,2390.0
02.01.2024,Hambantota,H-1,2700.0,2700.0
02.01.2024,Hambantota,H-2,2650.0,2650.0
02.01.2024,Monaragala,H-1,2500.0,2450.0
02.01.2024,Monaragala,H-2,2300.0,2250.0
02.01.2024,Monaragala,Heen,2000.0,1950.0
02.01.2024,Monaragala,Gorosu,1700.0,1600.0
02.01.2024,Matara,M-4,3000.0,2863.0
02.01.2024,Kalutara,M-5,2500.0,2495.0
02.01.2024,Galle,C-4,3000.0,2950.0
02.01.2024,Kalutara,C-5,3000.0,2970.0
02.01.2024,Kalutara,C-4,2700.0,2695.0
02.01.2024,Ratnapura,C-5 Sp,4000.0,3833.0
02.01.2024,Ratnapura,C-5,3500.0,3300.0
02.01.2024,Ratnapura,C-4,3000.0,2883.0
02.01.2024,Ratnapura,H-1,2900.0,2666.0
02.01.2024,Ratnapura,H-2,2700.0,2433.0
02.01.2024,Badulla,C-5,3800.0,3800.0
02.01.2024,Badulla,C-4,3500.0,3500.0
02.01.2024,Badulla,H-1,3000.0,3000.0
02.01.2024,Badulla,H-2,2800.0,
02.01.2024,Badulla,Heen,2500.0,2283.0
02.01.2024,Badulla,Gorosu,2000.0,1716.0
02.01.2024,Ratnapura,Alba,5000.0,4933.0
02.01.2024,Kurunegala,Gorosu,1600.0,1533.0
02.01.2024,Kurunegala,Heen,2000.0,2000.0
02.01.2024,Kalutara,Alba,4800.0,4790.0
02.01.2024,Gampaha,Gorosu,2200.0,2000.0
02.01.2024,Gampaha,C-4,2800.0,2750.0
02.01.2024,Gampaha,C-5,3300.0,3200.0
02.01.2024,Kalutara,C-5 Sp,3600.0,3590.0
02.01.2024,Colombo,H-2,2300.0,2300.0
02.01.2024,Colombo,H-1,2400.0,2400.0
02.01.2024,Colombo,C-4,2800.0,2800.0
02.01.2024,Colombo,C-5,3300.0,3300.0
02.01.2024,Colombo,C-5 Sp,3600.0,3600.0
09.01.2024,Matara,C-5,3400.0,3200.0
09.01.2024,Matara,C-5 Sp,3700.0,3667.0
09.01.2024,Matara,Alba,5000.0,4967.0
09.01.2024,Galle,H-2,2700.0,2650.0
09.01.2024,Galle,C-4,3100.0,3050.0
09.01.2024,Kalutara,Gorosu,2000.0,2000.0
09.01.2024,Galle,C-5,3300.0,3250.0
09.01.2024,Galle,C-5 Sp,4000.0,4000.0
09.01.2024,Galle,Alba,4800.0,4750.0
09.01.2024,Matara,C-4,3100.0,3033.0
09.01.2024,Galle,H-1,2800.0,2750.0
09.01.2024,Matara,M-5,3000.0,2938.0
09.01.2024,Hambantota,C-4,3100.0,3050.0
09.01.2024,Matara,H-1,2800.0,2775.0
09.01.2024,Matara,H-2,2700.0,2607.0
09.01.2024,Matara,H-Faq,2200.0,2100.0
09.01.2024,Hambantota,C-5,3400.0,3350.0
09.01.2024,Hambantota,H-1,2800.0,2775.0
09.01.2024,Hambantota,H-2,2700.0,2700.0
09.01.2024,Monaragala,H-1,2400.0,2350.0
09.01.2024,Monaragala,H-2,2200.0,2150.0
09.01.2024,Monaragala,Heen,2000.0,1950.0
09.01.2024,Monaragala,Gorosu,1600.0,1525.0
09.01.2024,Kalutara,H-2,2100.0,2100.0
09.01.2024,Matara,M-4,2900.0,2850.0
09.01.2024,Kalutara,H-1,2200.0,2190.0
09.01.2024,Badulla,C-5,3800.0,3800.0
09.01.2024,Kalutara,M-5,2500.0,2495.0
09.01.2024,Kalutara,M-4,2400.0,2380.0
09.01.2024,Ratnapura,C-5 Sp,4200.0,4033.0
09.01.2024,Ratnapura,C-5,3300.0,3233.0
09.01.2024,Ratnapura,C-4,3000.0,2900.0
09.01.2024,Ratnapura,H-1,2600.0,2550.0
09.01.2024,Ratnapura,H-2,2300.0,2250.0
09.01.2024,Badulla,C-4,3500.0,3500.0
09.01.2024,Badulla,H-1,3000.0,3000.0
09.01.2024,Badulla,H-2,2800.0,2800.0
09.01.2024,Badulla,Heen,2300.0,2116.0
09.01.2024,Badulla,Gorosu,2000.0,1550.0
09.01.2024,Kurunegala,Heen,2000.0,2000.0
09.01.2024,Ratnapura,Alba,5000.0,4900.0
09.01.2024,Colombo,C-5 Sp,3500.0,3500.0
09.01.2024,Kurunegala,Gorosu,1600.0,1533.0
09.01.2024,Kalutara,C-5,3000.0,2970.0
09.01.2024,Kalutara,C-5 Sp,3600.0,3590.0
09.01.2024,Kalutara,Alba,4800.0,4790.0
09.01.2024,Gampaha,C-4,2700.0,2635.0
09.01.2024,Kalutara,C-4,2700.0,2695.0
09.01.2024,Colombo,H-2,2600.0,2600.0
09.01.2024,Colombo,H-1,2700.0,2700.0
09.01.2024,Colombo,C-4,3000.0,3000.0
09.01.2024,Colombo,C-5,3100.0,3100.0
09.01.2024,Gampaha,C-5,3000.0,3000.0
16.01.2024,Kalutara,H-1,2200.0,2190.0
16.01.2024,Matara,C-5 Sp,3700.0,3667.0
16.01.2024,Matara,Alba,5000.0,4975.0
16.01.2024,Galle,H-2,2700.0,2650.0
16.01.2024,Galle,H-1,2800.0,2750.0
16.01.2024,Galle,C-5,3300.0,3250.0
16.01.2024,Galle,C-5 Sp,4000.0,4000.0
16.01.2024,Galle,Alba,4800.0,4750.0
16.01.2024,Kalutara,H-2,2100.0,2100.0
16.01.2024,Matara,C-5,3500.0,3250.0
16.01.2024,Galle,C-4,3100.0,3050.0
16.01.2024,Matara,C-4,3200.0,3064.0
16.01.2024,Hambantota,C-5,3400.0,3350.0
16.01.2024,Matara,M-4,2900.0,2825.0
16.01.2024,Matara,H-1,2800.0,2740.0
16.01.2024,Matara,H-2,2800.0,2625.0
16.01.2024,Matara,H-Faq,2200.0,2040.0
16.01.2024,Hambantota,C-4,3200.0,3100.0
16.01.2024,Hambantota,H-1,2800.0,2750.0
16.01.2024,Hambantota,H-2,2700.0,2675.0
16.01.2024,Monaragala,H-1,2500.0,2450.0
16.01.2024,Monaragala,H-2,2300.0,2200.0
16.01.2024,Monaragala,Heen,2000.0,1900.0
16.01.2024,Kalutara,M-4,2400.0,2380.0
16.01.2024,Matara,M-5,3100.0,2963.0
16.01.2024,Kalutara,M-5,2500.0,2495.0
16.01.2024,Monaragala,Gorosu,1700.0,1650.0
16.01.2024,Kalutara,C-5,3000.0,2970.0
16.01.2024,Ratnapura,Alba,5000.0,4966.0
16.01.2024,Ratnapura,C-5 Sp,4200.0,4000.0
16.01.2024,Ratnapura,C-5,4000.0,3600.0
16.01.2024,Ratnapura,C-4,3100.0,3000.0
16.01.2024,Ratnapura,H-1,2750.0,2566.0
16.01.2024,Ratnapura,H-2,2300.0,2283.0
16.01.2024,Badulla,C-5,3700.0,3700.0
16.01.2024,Badulla,C-4,3500.0,3500.0
16.01.2024,Badulla,H-1,3000.0,3000.0
16.01.2024,Badulla,H-2,2800.0,2800.0
16.01.2024,Badulla,Heen,2300.0,2216.0
16.01.2024,Badulla,Gorosu,2000.0,1550.0
16.01.2024,Kalutara,C-4,2700.0,2695.0
16.01.2024,Kurunegala,Gorosu,1600.0,1533.0
16.01.2024,Colombo,C-5 Sp,3500.0,3500.0
16.01.2024,Colombo,C-5,3200.0,3200.0
16.01.2024,Colombo,C-4,3000.0,3000.0
16.01.2024,Colombo,H-1,2800.0,2800.0
16.01.2024,Colombo,H-2,2600.0,2600.0
16.01.2024,Gampaha,C-5,3100.0,3050.0
16.01.2024,Gampaha,C-4,2800.0,2700.0
16.01.2024,Gampaha,Gorosu,2600.0,2500.0
16.01.2024,Kalutara,Alba,4800.0,4790.0
16.01.2024,Kalutara,C-5 Sp,3600.0,3590.0
16.01.2024,Kurunegala,Heen,2000.0,2000.0
23.01.2024,Matara,C-5,3450.0,3325.0
23.01.2024,Matara,C-5 Sp,4500.0,3933.0
23.01.2024,Matara,Alba,5000.0,5000.0
23.01.2024,Galle,H-2,2700.0,2650.0
23.01.2024,Kalutara,H-2,2100.0,2100.0
23.01.2024,Galle,C-4,3100.0,3050.0
23.01.2024,Galle,C-5,3300.0,3250.0
23.01.2024,Galle,C-5 Sp,4000.0,4000.0
23.01.2024,Galle,Alba,4800.0,4750.0
23.01.2024,Matara,C-4,3200.0,3100.0
23.01.2024,Galle,H-1,2800.0,2750.0
23.01.2024,Matara,M-5,3100.0,2938.0
23.01.2024,Hambantota,C-4,3100.0,3100.0
23.01.2024,Matara,H-1,2900.0,2763.0
23.01.2024,Matara,H-2,2750.0,2650.0
23.01.2024,Matara,H-Faq,2300.0,2075.0
23.01.2024,Hambantota,C-5,3500.0,3400.0
23.01.2024,Hambantota,H-1,2800.0,2800.0
23.01.2024,Hambantota,H-2,2700.0,2700.0
23.01.2024,Monaragala,H-1,2500.0,2400.0
23.01.2024,Monaragala,H-2,2300.0,2200.0
23.01.2024,Monaragala,Heen,2000.0,1900.0
23.01.2024,Monaragala,Gorosu,1700.0,1600.0
23.01.2024,Kalutara,H-1,2200.0,2190.0
23.01.2024,Matara,M-4,3000.0,2867.0
23.01.2024,Kalutara,M-4,2400.0,2380.0
23.01.2024,Badulla,C-5,3800.0,3800.0
23.01.2024,Kalutara,C-4,2700.0,2695.0
23.01.2024,Ratnapura,C-5 Sp,4200.0,4033.0
23.01.2024,Ratnapura,C-5,4000.0,3900.0
23.01.2024,Ratnapura,C-4,3100.0,3000.0
23.01.2024,Ratnapura,H-1,2700.0,2600.0
23.01.2024,Ratnapura,H-2,2300.0,2250.0
23.01.2024,Kalutara,M-5,2500.0,2495.0
23.01.2024,Badulla,C-4,3500.0,3500.0
23.01.2024,Badulla,H-1,3000.0,3000.0
23.01.2024,Badulla,H-2,2800.0,2800.0
23.01.2024,Badulla,Heen,2400.0,2283.0
23.01.2024,Badulla,Gorosu,2000.0,1966.0
23.01.2024,Kurunegala,Heen,2000.0,2000.0
23.01.2024,Ratnapura,Alba,5000.0,4900.0
23.01.2024,Colombo,C-5 Sp,3400.0,3400.0
23.01.2024,Colombo,C-5,3100.0,3100.0
23.01.2024,Colombo,C-4,3000.0,3000.0
23.01.2024,Colombo,H-1,2700.0,2700.0
23.01.2024,Colombo,H-2,2600.0,2600.0
23.01.2024,Gampaha,C-5,3000.0,3000.0
23.01.2024,Gampaha,C-4,2800.0,2695.0
23.01.2024,Gampaha,Gorosu,2500.0,2265.0
23.01.2024,Kalutara,Alba,4800.0,4790.0
23.01.2024,Kalutara,C-5 Sp,3600.0,3590.0
23.01.2024,Kalutara,C-5,3000.0,2970.0
23.01.2024,Kurunegala,Gorosu,1600.0,1533.0
30.01.2024,Matara,C-5 Sp,3700.0,3667.0
30.01.2024,Matara,Alba,5000.0,5000.0
30.01.2024,Galle,H-2,2700.0,2675.0
30.01.2024,Galle,H-1,2850.0,2825.0
30.01.2024,Kalutara,H-2,2100.0,2100.0
30.01.2024,Galle,C-5,3500.0,3400.0
30.01.2024,Galle,C-5 Sp,4000.0,4000.0
30.01.2024,Galle,Alba,5000.0,4500.0
30.01.2024,Matara,C-5,3400.0,3220.0
30.01.2024,Galle,C-4,3100.0,3075.0
30.01.2024,Matara,C-4,3200.0,3071.0
30.01.2024,Hambantota,C-5,3400.0,3350.0
30.01.2024,Matara,M-4,3000.0,2875.0
30.01.2024,Matara,H-1,2900.0,2820.0
30.01.2024,Matara,H-2,2800.0,2700.0
30.01.2024,Matara,H-Faq,2300.0,2140.0
30.01.2024,Hambantota,C-4,3100.0,3100.0
30.01.2024,Hambantota,H-1,2800.0,2800.0
30.01.2024,Hambantota,H-2,2750.0,2725.0
30.01.2024,Monaragala,H-1,2500.0,2500.0
30.01.2024,Monaragala,H-2,2300.0,2250.0
30.01.2024,Monaragala,Heen,2000.0,1900.0
30.01.2024,Kalutara,H-1,2200.0,2190.0
30.01.2024,Matara,M-5,3100.0,2975.0
30.01.2024,Kalutara,M-4,2400.0,2380.0
30.01.2024,Monaragala,Gorosu,1700.0,1600.0
30.01.2024,Kalutara,M-5,2500.0,2495.0
30.01.2024,Ratnapura,Alba,5000.0,4950.0
30.01.2024,Ratnapura,C-5 Sp,4100.0,4016.0
30.01.2024,Ratnapura,C-5,3900.0,3850.0
30.01.2024,Ratnapura,C-4,3100.0,3000.0
30.01.2024,Ratnapura,H-1,2650.0,2550.0
30.01.2024,Ratnapura,H-2,2250.0,2183.0
30.01.2024,Badulla,C-5,3800.0,3800.0
30.01.2024,Badulla,C-4,3500.0,3500.0
30.01.2024,Badulla,H-1,3000.0,3000.0
30.01.2024,Badulla,H-2,2800.0,2800.0
30.01.2024,Badulla,Heen,2300.0,2250.0
30.01.2024,Badulla,Gorosu,2000.0,1966.0
30.01.2024,Kalutara,C-4,2700.0,2695.0
30.01.2024,Kurunegala,Gorosu,1600.0,1533.0
30.01.2024,Kalutara,C-5,3000.0,2970.0
30.01.2024,Kalutara,C-5 Sp,3600.0,3590.0
30.01.2024,Kalutara,Alba,4800.0,4790.0
30.01.2024,Kurunegala,Heen,2000.0,2000.0
30.01.2024,Gampaha,C-4,2700.0,2625.0
30.01.2024,Gampaha,Gorosu,2300.0,2150.0
30.01.2024,Colombo,H-2,2600.0,2600.0
30.01.2024,Colombo,H-1,2700.0,2700.0
30.01.2024,Colombo,C-4,3000.0,3000.0
30.01.2024,Colombo,C-5,3200.0,3200.0
30.01.2024,Colombo,C-5 Sp,3500.0,3500.0
30.01.2024,Gampaha,C-5,3100.0,3030.0
06.02.2024,Matara,C-5 Sp,3700.0,3667.0
06.02.2024,Matara,Alba,5000.0,5000.0
06.02.2024,Galle,H-2,2700.0,2675.0
06.02.2024,Galle,H-1,2850.0,2825.0
06.02.2024,Kalutara,H-1,2200.0,2190.0
06.02.2024,Galle,C-5,3400.0,3350.0
06.02.2024,Galle,C-5 Sp,4200.0,4150.0
06.02.2024,Galle,Alba,4800.0,4700.0
06.02.2024,Kalutara,H-2,2100.0,2100.0
06.02.2024,Matara,C-5,3400.0,3233.0
06.02.2024,Galle,C-4,3050.0,3025.0
06.02.2024,Matara,C-4,3200.0,3090.0
06.02.2024,Hambantota,C-5,3500.0,3450.0
06.02.2024,Matara,M-4,3000.0,2867.0
06.02.2024,Matara,H-1,2900.0,2830.0
06.02.2024,Matara,H-2,2750.0,2669.0
06.02.2024,Matara,H-Faq,2300.0,2180.0
06.02.2024,Hambantota,C-4,3100.0,3100.0
06.02.2024,Hambantota,H-1,2900.0,2850.0
06.02.2024,Hambantota,H-2,2750.0,2725.0
06.02.2024,Monaragala,H-1,2500.0,2400.0
06.02.2024,Monaragala,H-2,2300.0,2250.0
06.02.2024,Monaragala,Heen,2000.0,1900.0
06.02.2024,Kalutara,M-4,2400.0,2380.0
06.02.2024,Matara,M-5,3100.0,2967.0
06.02.2024,Monaragala,Gorosu,1600.0,1525.0
06.02.2024,Kalutara,C-4,2700.0,2695.0
06.02.2024,Kalutara,C-5,3000.0,2970.0
06.02.2024,Kalutara,M-5,2500.0,2495.0
06.02.2024,Ratnapura,Alba,5000.0,5000.0
06.02.2024,Ratnapura,C-5 Sp,3700.0,3683.0
06.02.2024,Ratnapura,C-5,3400.0,3266.0
06.02.2024,Ratnapura,C-4,3100.0,3033.0
06.02.2024,Ratnapura,H-1,2600.0,2433.0
06.02.2024,Ratnapura,H-2,2200.0,2100.0
06.02.2024,Badulla,C-4,3800.0,3800.0
06.02.2024,Badulla,H-1,3000.0,3000.0
06.02.2024,Badulla,H-2,2800.0,2800.0
06.02.2024,Badulla,Heen,2300.0,2300.0
06.02.2024,Badulla,Gorosu,2000.0,2000.0
06.02.2024,Badulla,C-5,4000.0,4000.0
06.02.2024,Kurunegala,Gorosu,1800.0,1667.0
06.02.2024,Kurunegala,Heen,2200.0,2200.0
06.02.2024,Kalutara,Alba,4800.0,4790.0
06.02.2024,Gampaha,Gorosu,2300.0,2250.0
06.02.2024,Gampaha,C-4,2800.0,2750.0
06.02.2024,Gampaha,C-5,3200.0,3100.0
06.02.2024,Kalutara,C-5 Sp,3600.0,3590.0
06.02.2024,Colombo,H-1,2700.0,2700.0
06.02.2024,Colombo,C-4,3000.0,3000.0
06.02.2024,Colombo,C-5,3100.0,3100.0
06.02.2024,Colombo,C-5 Sp,3500.0,3500.0
06.02.2024,Colombo,H-2,2600.0,2600.0
13.02.2024,Matara,C-5 Sp,3700.0,3567.0
13.02.2024,Matara,Alba,5000.0,4975.0
13.02.2024,Galle,H-2,2700.0,2650.0
13.02.2024,Galle,H-1,2800.0,2750.0
13.02.2024,Galle,C-4,3050.0,3025.0
13.02.2024,Galle,C-5 Sp,4100.0,4050.0
13.02.2024,Galle,Alba,4800.0,4700.0
13.02.2024,Kalutara,H-2,2100.0,2100.0
13.02.2024,Kalutara,H-1,2200.0,2190.0
13.02.2024,Matara,C-5,3400.0,3125.0
13.02.2024,Galle,C-5,3400.0,3350.0
13.02.2024,Matara,C-4,3200.0,2975.0
13.02.2024,Monaragala,Gorosu,1600.0,1500.0
13.02.2024,Matara,M-4,3000.0,2800.0
13.02.2024,Matara,H-1,2900.0,2725.0
13.02.2024,Matara,H-2,2750.0,2600.0
13.02.2024,Matara,H-Faq,2300.0,2075.0
13.02.2024,Hambantota,C-5,3400.0,3350.0
13.02.2024,Hambantota,C-4,3100.0,3050.0
13.02.2024,Hambantota,H-1,2850.0,2800.0
13.02.2024,Hambantota,H-2,2750.0,2675.0
13.02.2024,Monaragala,H-1,2500.0,2450.0
13.02.2024,Monaragala,H-2,2300.0,2250.0
13.02.2024,Monaragala,Heen,2000.0,1900.0
13.02.2024,Matara,M-5,3100.0,2900.0
13.02.2024,Kalutara,M-4,2400.0,2380.0
13.02.2024,Kalutara,C-4,2700.0,2695.0
13.02.2024,Kalutara,C-5,3000.0,2970.0
13.02.2024,Ratnapura,Alba,5000.0,5000.0
13.02.2024,Ratnapura,C-5 Sp,3700.0,3650.0
13.02.2024,Ratnapura,C-5,3500.0,3400.0
13.02.2024,Ratnapura,C-4,3200.0,3100.0
13.02.2024,Ratnapura,H-1,2550.0,2500.0
13.02.2024,Ratnapura,H-2,2400.0,2320.0
13.02.2024,Badulla,C-5,3800.0,3800.0
13.02.2024,Badulla,C-4,3500.0,3500.0
13.02.2024,Badulla,H-1,3000.0,3000.0
13.02.2024,Badulla,H-2,2800.0,2800.0
13.02.2024,Badulla,Heen,2600.0,2266.0
13.02.2024,Badulla,Gorosu,2000.0,1833.0
13.02.2024,Kalutara,M-5,2500.0,2495.0
13.02.2024,Kurunegala,Gorosu,1800.0,1667.0
13.02.2024,Colombo,C-5 Sp,3500.0,3500.0
13.02.2024,Colombo,C-5,3200.0,3200.0
13.02.2024,Colombo,C-4,3000.0,3000.0
13.02.2024,Colombo,H-1,2700.0,2700.0
13.02.2024,Colombo,H-2,2600.0,2600.0
13.02.2024,Gampaha,C-5,3200.0,3100.0
13.02.2024,Gampaha,C-4,2800.0,2700.0
13.02.2024,Gampaha,Gorosu,2300.0,2200.0
13.02.2024,Kalutara,Alba,4800.0,4790.0
13.02.2024,Kalutara,C-5 Sp,3600.0,3590.0
13.02.2024,Kurunegala,Heen,2200.0,2200.0
20.02.2024,Matara,C-5 Sp,3600.0,3500.0
20.02.2024,Matara,Alba,5000.0,4925.0
20.02.2024,Galle,H-2,2700.0,2650.0
20.02.2024,Galle,H-1,2800.0,2750.0
20.02.2024,Kalutara,H-1,2200.0,2190.0
20.02.2024,Galle,C-5,3300.0,3250.0
20.02.2024,Galle,C-5 Sp,4100.0,4050.0
20.02.2024,Galle,Alba,4600.0,4550.0
20.02.2024,Kalutara,H-2,2100.0,2100.0
20.02.2024,Matara,C-5,3400.0,3167.0
20.02.2024,Galle,C-4,3000.0,3000.0
20.02.2024,Matara,C-4,3200.0,3000.0
20.02.2024,Hambantota,C-5,3300.0,3250.0
20.02.2024,Matara,M-4,2900.0,2800.0
20.02.2024,Matara,H-1,2700.0,2688.0
20.02.2024,Matara,H-2,2750.0,2629.0
20.02.2024,Matara,H-Faq,2200.0,2000.0
20.02.2024,Hambantota,C-4,3100.0,3000.0
20.02.2024,Hambantota,H-1,2750.0,2725.0
20.02.2024,Hambantota,H-2,2700.0,2650.0
20.02.2024,Monaragala,H-1,2400.0,2400.0
20.02.2024,Monaragala,H-2,2200.0,2150.0
20.02.2024,Monaragala,Heen,2000.0,1900.0
20.02.2024,Kalutara,M-4,2400.0,2380.0
20.02.2024,Matara,M-5,3000.0,2900.0
20.02.2024,Kalutara,M-5,2500.0,2495.0
20.02.2024,Monaragala,Gorosu,1800.0,1650.0
20.02.2024,Kalutara,C-5,3000.0,2970.0
20.02.2024,Ratnapura,Alba,5000.0,4975.0
20.02.2024,Ratnapura,C-5 Sp,4000.0,3875.0
20.02.2024,Ratnapura,C-5,3800.0,3750.0
20.02.2024,Ratnapura,C-4,3100.0,2850.0
20.02.2024,Ratnapura,H-1,2900.0,2700.0
20.02.2024,Ratnapura,H-2,2600.0,2350.0
20.02.2024,Badulla,C-5,3800.0,3800.0
20.02.2024,Badulla,C-4,3500.0,3500.0
20.02.2024,Badulla,H-1,3000.0,3000.0
20.02.2024,Badulla,H-2,2800.0,2800.0
20.02.2024,Badulla,Heen,2500.0,2316.0
20.02.2024,Badulla,Gorosu,2000.0,2000.0
20.02.2024,Kalutara,C-4,2700.0,2695.0
20.02.2024,Kurunegala,Gorosu,1900.0,1833.0
20.02.2024,Colombo,C-5 Sp,3500.0,3500.0
20.02.2024,Colombo,C-5,3100.0,3100.0
20.02.2024,Colombo,C-4,3000.0,3000.0
20.02.2024,Colombo,H-1,2700.0,2700.0
20.02.2024,Colombo,H-2,2600.0,2600.0
20.02.2024,Gampaha,C-5,3100.0,3000.0
20.02.2024,Gampaha,C-4,2700.0,2650.0
20.02.2024,Gampaha,Gorosu,2200.0,2100.0
20.02.2024,Kalutara,Alba,4800.0,4790.0
20.02.2024,Kalutara,C-5 Sp,3600.0,3590.0
20.02.2024,Kurunegala,Heen,2500.0,2500.0
27.02.2024,Matara,C-5 Sp,3500.0,3467.0
27.02.2024,Matara,Alba,5000.0,4925.0
27.02.2024,Galle,H-2,2700.0,2650.0
27.02.2024,Galle,H-1,2800.0,2750.0
27.02.2024,Kalutara,H-1,2200.0,2180.0
27.02.2024,Galle,C-5,3300.0,3250.0
27.02.2024,Galle,C-5 Sp,4100.0,4050.0
27.02.2024,Galle,Alba,4600.0,4550.0
27.02.2024,Kalutara,H-2,2100.0,2100.0
27.02.2024,Matara,C-5,3300.0,3167.0
27.02.2024,Galle,C-4,3000.0,3000.0
27.02.2024,Matara,C-4,3100.0,2967.0
27.02.2024,Hambantota,C-5,3300.0,3250.0
27.02.2024,Matara,M-4,2900.0,2767.0
27.02.2024,Matara,H-1,2800.0,2713.0
27.02.2024,Matara,H-2,2700.0,2614.0
27.02.2024,Matara,H-Faq,2200.0,2050.0
27.02.2024,Hambantota,C-4,3000.0,3000.0
27.02.2024,Hambantota,H-1,2800.0,2750.0
27.02.2024,Hambantota,H-2,2750.0,2725.0
27.02.2024,Monaragala,H-1,2500.0,2450.0
27.02.2024,Monaragala,H-2,2300.0,2275.0
27.02.2024,Monaragala,Heen,2000.0,1900.0
27.02.2024,Kalutara,M-4,2400.0,2380.0
27.02.2024,Matara,M-5,3000.0,2867.0
27.02.2024,Monaragala,Gorosu,1600.0,1550.0
27.02.2024,Kalutara,M-5,2500.0,2490.0
27.02.2024,Kalutara,C-5,3000.0,2980.0
27.02.2024,Kalutara,C-4,2700.0,2695.0
27.02.2024,Ratnapura,Alba,5000.0,4900.0
27.02.2024,Ratnapura,C-5 Sp,4000.0,3800.0
27.02.2024,Ratnapura,C-5,3500.0,3250.0
27.02.2024,Ratnapura,C-4,3100.0,3033.0
27.02.2024,Ratnapura,H-1,2800.0,2716.0
27.02.2024,Ratnapura,H-2,2400.0,2316.0
27.02.2024,Badulla,C-4,3500.0,3500.0
27.02.2024,Badulla,H-1,3300.0,3300.0
27.02.2024,Badulla,H-2,2800.0,2800.0
27.02.2024,Badulla,Heen,2600.0,2200.0
27.02.2024,Badulla,Gorosu,2000.0,1450.0
27.02.2024,Badulla,C-5,3800.0,3800.0
27.02.2024,Kurunegala,Gorosu,1900.0,1767.0
27.02.2024,Kurunegala,Heen,2300.0,2300.0
27.02.2024,Kalutara,Alba,4800.0,4790.0
27.02.2024,Gampaha,Gorosu,2300.0,2125.0
27.02.2024,Gampaha,C-4,2700.0,2625.0
27.02.2024,Gampaha,C-5,3000.0,3000.0
27.02.2024,Kalutara,C-5 Sp,3600.0,3590.0
27.02.2024,Colombo,H-1,2500.0,2500.0
27.02.2024,Colombo,C-4,3000.0,3000.0
27.02.2024,Colombo,C-5,3200.0,3200.0
27.02.2024,Colombo,C-5 Sp,3600.0,3600.0
27.02.2024,Colombo,H-2,2400.0,2400.0
05.03.2024,Matara,C-5 Sp,4000.0,3733.0
05.03.2024,Matara,Alba,4900.0,4825.0
05.03.2024,Galle,H-2,2700.0,2650.0
05.03.2024,Galle,H-1,2800.0,2750.0
05.03.2024,Galle,C-4,3000.0,3000.0
05.03.2024,Galle,C-5 Sp,4100.0,4050.0
05.03.2024,Galle,Alba,4600.0,4550.0
05.03.2024,Kalutara,H-2,2100.0,2100.0
05.03.2024,Kalutara,H-1,2200.0,2180.0
05.03.2024,Matara,C-5,3700.0,3433.0
05.03.2024,Galle,C-5,3300.0,3250.0
05.03.2024,Matara,C-4,3200.0,3025.0
05.03.2024,Kalutara,M-4,2400.0,2380.0
05.03.2024,Matara,M-4,3000.0,2800.0
05.03.2024,Matara,H-1,2900.0,2725.0
05.03.2024,Matara,H-2,2700.0,2636.0
05.03.2024,Matara,H-Faq,2200.0,2050.0
05.03.2024,Hambantota,C-5,3300.0,3250.0
05.03.2024,Hambantota,C-4,3000.0,3000.0
05.03.2024,Hambantota,H-1,2800.0,2750.0
05.03.2024,Hambantota,H-2,2750.0,2725.0
05.03.2024,Monaragala,H-1,2600.0,2500.0
05.03.2024,Monaragala,H-2,2300.0,2250.0
05.03.2024,Monaragala,Heen,2000.0,1900.0
05.03.2024,Matara,M-5,3100.0,2867.0
05.03.2024,Kalutara,M-5,2500.0,2490.0
05.03.2024,Monaragala,Gorosu,1600.0,1550.0
05.03.2024,Kalutara,C-5,3000.0,2980.0
05.03.2024,Ratnapura,Alba,5000.0,4933.0
05.03.2024,Ratnapura,C-5 Sp,4000.0,3700.0
05.03.2024,Ratnapura,C-5,3300.0,3200.0
05.03.2024,Ratnapura,C-4,3000.0,2833.0
05.03.2024,Ratnapura,H-1,2650.0,2583.0
05.03.2024,Ratnapura,H-2,2500.0,2266.0
05.03.2024,Badulla,C-5,3500.0,3500.0
05.03.2024,Badulla,C-4,3000.0,3000.0
05.03.2024,Badulla,H-1,2800.0,2800.0
05.03.2024,Badulla,H-2,2500.0,2500.0
05.03.2024,Badulla,Heen,2500.0,2283.0
05.03.2024,Badulla,Gorosu,2000.0,1500.0
05.03.2024,Kalutara,C-4,2900.0,2695.0
05.03.2024,Kurunegala,Gorosu,1800.0,1667.0
05.03.2024,Colombo,C-5 Sp,3800.0,3800.0
05.03.2024,Colombo,C-5,3600.0,3600.0
05.03.2024,Colombo,C-4,3300.0,3300.0
05.03.2024,Colombo,H-1,2700.0,2700.0
05.03.2024,Colombo,H-2,2600.0,2600.0
05.03.2024,Gampaha,C-5,3200.0,3100.0
05.03.2024,Gampaha,C-4,2900.0,2775.0
05.03.2024,Gampaha,Gorosu,2500.0,2375.0
05.03.2024,Kalutara,Alba,4800.0,4590.0
05.03.2024,Kalutara,C-5 Sp,3600.0,3590.0
05.03.2024,Kurunegala,Heen,2200.0,2200.0
12.03.2024,Matara,C-5,3400.0,3267.0
12.03.2024,Matara,C-5 Sp,4500.0,3967.0
12.03.2024,Matara,Alba,4900.0,4825.0
12.03.2024,Galle,H-2,2700.0,2650.0
12.03.2024,Kalutara,H-2,2100.0,2100.0
12.03.2024,Galle,C-5,3400.0,3350.0
12.03.2024,Galle,C-5 Sp,4050.0,4025.0
12.03.2024,Galle,Alba,4600.0,4550.0
12.03.2024,Matara,C-4,3200.0,3033.0
12.03.2024,Galle,H-1,2800.0,2750.0
12.03.2024,Matara,M-5,3100.0,2933.0
12.03.2024,Hambantota,C-5,3500.0,3500.0
12.03.2024,Matara,H-1,2800.0,2750.0
12.03.2024,Matara,H-2,2700.0,2557.0
12.03.2024,Matara,H-Faq,2300.0,2225.0
12.03.2024,Kalutara,H-1,2200.0,2190.0
12.03.2024,Hambantota,C-4,3100.0,3100.0
12.03.2024,Hambantota,H-1,2800.0,2800.0
12.03.2024,Hambantota,H-2,2700.0,2700.0
12.03.2024,Monaragala,H-1,2500.0,2400.0
12.03.2024,Monaragala,H-2,2200.0,2150.0
12.03.2024,Monaragala,Heen,2000.0,1900.0
12.03.2024,Monaragala,Gorosu,1700.0,1575.0
12.03.2024,Matara,M-4,3000.0,2800.0
12.03.2024,Kalutara,M-4,2400.0,2380.0
12.03.2024,Galle,C-4,3000.0,3000.0
12.03.2024,Kalutara,M-5,2500.0,2490.0
12.03.2024,Kalutara,C-4,2700.0,2695.0
12.03.2024,Ratnapura,Alba,5000.0,4733.0
12.03.2024,Ratnapura,C-5 Sp,4000.0,3933.0
12.03.2024,Ratnapura,C-5,3600.0,3500.0
12.03.2024,Ratnapura,C-4,3300.0,3100.0
12.03.2024,Ratnapura,H-1,2600.0,2566.0
12.03.2024,Ratnapura,H-2,2400.0,2366.0
12.03.2024,Badulla,C-4,3300.0,3300.0
12.03.2024,Badulla,H-1,2800.0,2800.0
12.03.2024,Badulla,H-2,2500.0,2500.0
12.03.2024,Badulla,Heen,2400.0,2266.0
12.03.2024,Badulla,Gorosu,2000.0,1533.0
12.03.2024,Badulla,C-5,3500.0,3500.0
12.03.2024,Kurunegala,Gorosu,1800.0,1667.0
12.03.2024,Kurunegala,Heen,2000.0,2000.0
12.03.2024,Kalutara,C-5 Sp,3600.0,3590.0
12.03.2024,Kalutara,Alba,4800.0,4790.0
12.03.2024,Gampaha,Gorosu,2500.0,2300.0
12.03.2024,Gampaha,C-4,3000.0,2700.0
12.03.2024,Gampaha,C-5,3300.0,3000.0
12.03.2024,Kalutara,C-5,3000.0,2980.0
12.03.2024,Colombo,H-1,2700.0,2700.0
12.03.2024,Colombo,C-4,3500.0,3500.0
12.03.2024,Colombo,C-5,3500.0,3500.0
12.03.2024,Colombo,C-5 Sp,3800.0,3800.0
12.03.2024,Colombo,H-2,2600.0,2600.0
19.03.2024,Matara,C-5,3500.0,3367.0
19.03.2024,Matara,C-5 Sp,4000.0,3733.0
19.03.2024,Matara,Alba,5000.0,4850.0
19.03.2024,Galle,H-2,2700.0,2650.0
19.03.2024,Galle,H-1,2800.0,2750.0
19.03.2024,Galle,C-5 Sp,4000.0,3950.0
19.03.2024,Galle,C-5,3400.0,3350.0
19.03.2024,Galle,Alba,4700.0,4650.0
19.03.2024,Kalutara,H-2,2100.0,2100.0
19.03.2024,Kalutara,H-1,2200.0,2190.0
19.03.2024,Galle,C-4,3100.0,3050.0
19.03.2024,Matara,C-4,3300.0,3075.0
19.03.2024,Kalutara,M-4,2400.0,2380.0
19.03.2024,Matara,M-4,3100.0,2867.0
19.03.2024,Matara,H-1,2900.0,2788.0
19.03.2024,Matara,H-2,2750.0,2650.0
19.03.2024,Matara,H-Faq,2400.0,2275.0
19.03.2024,Hambantota,C-5,3400.0,3375.0
19.03.2024,Hambantota,C-4,3150.0,3075.0
19.03.2024,Hambantota,H-1,2800.0,2800.0
19.03.2024,Hambantota,H-2,2700.0,2700.0
19.03.2024,Monaragala,H-1,2600.0,2500.0
19.03.2024,Monaragala,H-2,2400.0,2350.0
19.03.2024,Monaragala,Heen,2100.0,2000.0
19.03.2024,Matara,M-5,3200.0,3025.0
19.03.2024,Monaragala,Gorosu,1800.0,1750.0
19.03.2024,Kalutara,C-4,3100.0,3090.0
19.03.2024,Kalutara,C-5,3500.0,3470.0
19.03.2024,Ratnapura,Alba,5000.0,5000.0
19.03.2024,Ratnapura,C-5 Sp,4000.0,3800.0
19.03.2024,Ratnapura,C-5,3500.0,3338.0
19.03.2024,Ratnapura,C-4,3000.0,3000.0
19.03.2024,Ratnapura,H-1,2800.0,2800.0
19.03.2024,Ratnapura,H-2,2300.0,2250.0
19.03.2024,Badulla,C-5,3600.0,3600.0
19.03.2024,Badulla,C-4,3400.0,3400.0
19.03.2024,Badulla,H-1,2800.0,2800.0
19.03.2024,Badulla,H-2,2600.0,2600.0
19.03.2024,Badulla,Heen,2500.0,2333.0
19.03.2024,Badulla,Gorosu,2000.0,1616.0
19.03.2024,Kalutara,M-5,2500.0,2490.0
19.03.2024,Kurunegala,Gorosu,1800.0,1730.0
19.03.2024,Colombo,C-5 Sp,3800.0,3800.0
19.03.2024,Colombo,C-5,3600.0,3600.0
19.03.2024,Colombo,C-4,3300.0,3300.0
19.03.2024,Colombo,H-1,2700.0,2700.0
19.03.2024,Colombo,H-2,2600.0,2600.0
19.03.2024,Gampaha,C-5,3200.0,3100.0
19.03.2024,Gampaha,C-4,2800.0,2775.0
19.03.2024,Gampaha,Gorosu,2500.0,2400.0
19.03.2024,Kalutara,Alba,4800.0,4790.0
19.03.2024,Kalutara,C-5 Sp,3800.0,3785.0
19.03.2024,Kurunegala,Heen,2000.0,2000.0
26.03.2024,Matara,C-5 Sp,4000.0,3767.0
26.03.2024,Matara,Alba,4900.0,4825.0
26.03.2024,Galle,H-2,2700.0,2650.0
26.03.2024,Galle,H-1,2800.0,2750.0
26.03.2024,Kalutara,H-1,2200.0,2190.0
26.03.2024,Galle,C-5,3400.0,3350.0
26.03.2024,Galle,C-5 Sp,4000.0,3950.0
26.03.2024,Galle,Alba,4700.0,4650.0
26.03.2024,Kalutara,H-2,2100.0,2100.0
26.03.2024,Matara,C-5,3400.0,3300.0
26.03.2024,Galle,C-4,3100.0,3050.0
26.03.2024,Matara,C-4,3200.0,3100.0
26.03.2024,Hambantota,C-5,3400.0,3375.0
26.03.2024,Matara,M-4,3000.0,2867.0
26.03.2024,Matara,H-1,2800.0,2775.0
26.03.2024,Matara,H-2,2800.0,2686.0
26.03.2024,Matara,H-Faq,2400.0,2100.0
26.03.2024,Hambantota,C-4,3150.0,3075.0
26.03.2024,Hambantota,H-1,2800.0,2800.0
26.03.2024,Hambantota,H-2,2700.0,2700.0
26.03.2024,Monaragala,H-1,2600.0,2400.0
26.03.2024,Monaragala,H-2,2300.0,2200.0
26.03.2024,Monaragala,Heen,2000.0,1900.0
26.03.2024,Kalutara,M-4,2400.0,2380.0
26.03.2024,Matara,M-5,3100.0,2967.0
26.03.2024,Monaragala,Gorosu,1600.0,1450.0
26.03.2024,Kalutara,C-4,3100.0,3090.0
26.03.2024,Kalutara,C-5,3500.0,3470.0
26.03.2024,Kalutara,M-5,2500.0,2490.0
26.03.2024,Ratnapura,Alba,5000.0,5000.0
26.03.2024,Ratnapura,C-5 Sp,4000.0,3950.0
26.03.2024,Ratnapura,C-5,3500.0,3416.0
26.03.2024,Ratnapura,C-4,3000.0,3416.0
26.03.2024,Ratnapura,H-1,2800.0,2750.0
26.03.2024,Ratnapura,H-2,2300.0,2250.0
26.03.2024,Badulla,C-4,3500.0,3500.0
26.03.2024,Badulla,H-1,3300.0,3300.0
26.03.2024,Badulla,H-2,3000.0,3000.0
26.03.2024,Badulla,Heen,2500.0,2350.0
26.03.2024,Badulla,Gorosu,2000.0,1800.0
26.03.2024,Badulla,C-5,3800.0,3800.0
26.03.2024,Kurunegala,Gorosu,1700.0,1567.0
26.03.2024,Kurunegala,Heen,1800.0,1800.0
26.03.2024,Kalutara,Alba,4800.0,4790.0
26.03.2024,Gampaha,Gorosu,2300.0,2160.0
26.03.2024,Gampaha,C-4,3000.0,2830.0
26.03.2024,Gampaha,C-5,3300.0,3150.0
26.03.2024,Kalutara,C-5 Sp,3800.0,3785.0
26.03.2024,Colombo,H-1,2600.0,2600.0
26.03.2024,Colombo,C-4,3300.0,3300.0
26.03.2024,Colombo,C-5,3600.0,3600.0
26.03.2024,Colombo,C-5 Sp,3800.0,3800.0
26.03.2024,Colombo,H-2,2500.0,2500.0
02.04.2024,Matara,C-5,3600.0,3300.0
02.04.2024,Kalutara,H-2,2100.0,2100.0
02.04.2024,Galle,Alba,4700.0,4650.0
02.04.2024,Galle,C-5 Sp,3600.0,3550.0
02.04.2024,Galle,C-5,3300.0,3275.0
02.04.2024,Galle,C-4,3100.0,3050.0
02.04.2024,Galle,H-1,2800.0,2750.0
02.04.2024,Galle,H-2,2700.0,2650.0
02.04.2024,Matara,Alba,5000.0,4850.0
02.04.2024,Matara,C-5 Sp,3700.0,3667.0
02.04.2024,Matara,C-4,3200.0,3133.0
02.04.2024,Kalutara,H-1,2200.0,2190.0
02.04.2024,Matara,M-4,3000.0,2867.0
02.04.2024,Matara,H-1,2900.0,2787.0
02.04.2024,Matara,H-2,2800.0,2606.0
02.04.2024,Matara,H-Faq,2300.0,2075.0
02.04.2024,Hambantota,C-5,3400.0,3375.0
02.04.2024,Hambantota,C-4,3150.0,3125.0
02.04.2024,Hambantota,H-1,2800.0,2800.0
02.04.2024,Hambantota,H-2,2750.0,2725.0
02.04.2024,Monaragala,H-1,2600.0,2500.0
02.04.2024,Monaragala,Heen,2000.0,1900.0
02.04.2024,Monaragala,Gorosu,1700.0,1600.0
02.04.2024,Matara,M-5,3100.0,2980.0
02.04.2024,Kalutara,M-4,2400.0,2380.0
02.04.2024,Monaragala,H-2,2400.0,2300.0
02.04.2024,Kalutara,C-4,3100.0,3090.0
02.04.2024,Ratnapura,Alba,5000.0,4933.0
02.04.2024,Ratnapura,C-5 Sp,3800.0,3633.0
02.04.2024,Kalutara,M-5,2500.0,2490.0
02.04.2024,Ratnapura,C-5,3300.0,3133.0
02.04.2024,Ratnapura,C-4,3000.0,3000.0
02.04.2024,Ratnapura,H-1,2800.0,2400.0
02.04.2024,Badulla,C-5,3800.0,3800.0
02.04.2024,Badulla,C-4,3500.0,3500.0
02.04.2024,Badulla,Heen,2500.0,2500.0
02.04.2024,Badulla,Gorosu,2000.0,2000.0
02.04.2024,Kurunegala,Heen,1800.0,1800.0
02.04.2024,Ratnapura,H-2,2300.0,2066.0
02.04.2024,Colombo,C-5 Sp,4000.0,4000.0
02.04.2024,Kurunegala,Gorosu,1600.0,1533.0
02.04.2024,Kalutara,C-5 Sp,3800.0,3785.0
02.04.2024,Kalutara,Alba,4800.0,4790.0
02.04.2024,Gampaha,Gorosu,2300.0,2000.0
02.04.2024,Gampaha,C-4,3000.0,2800.0
02.04.2024,Kalutara,C-5,3500.0,3470.0
02.04.2024,Colombo,H-2,2700.0,2700.0
02.04.2024,Colombo,H-1,2800.0,2800.0
02.04.2024,Colombo,C-4,3300.0,3300.0
02.04.2024,Colombo,C-5,3800.0,3800.0
02.04.2024,Gampaha,C-5,3200.0,3000.0
08.04.2024,Matara,C-4,3150.0,3110.0
08.04.2024,Matara,C-5,3450.0,3237.0
08.04.2024,Matara,C-5 Sp,4200.0,3883.0
08.04.2024,Matara,Alba,4900.0,4850.0
08.04.2024,Galle,H-2,2700.0,2675.0
08.04.2024,Galle,C-5,3280.0,3265.0
08.04.2024,Galle,C-4,3050.0,3000.0
08.04.2024,Galle,C-5 Sp,3550.0,3525.0
08.04.2024,Galle,Alba,4650.0,4625.0
08.04.2024,Kalutara,H-2,2100.0,2100.0
08.04.2024,Galle,H-1,2800.0,2775.0
08.04.2024,Matara,M-5,3100.0,3017.0
08.04.2024,Monaragala,Gorosu,1700.0,1660.0
08.04.2024,Matara,H-1,2800.0,2800.0
08.04.2024,Matara,H-2,2750.0,2657.0
08.04.2024,Matara,H-Faq,2200.0,2050.0
08.04.2024,Hambantota,C-5,3500.0,3500.0
08.04.2024,Hambantota,C-4,3200.0,3175.0
08.04.2024,Hambantota,H-1,2850.0,2825.0
08.04.2024,Hambantota,H-2,2800.0,2750.0
08.04.2024,Monaragala,H-1,2600.0,2533.0
08.04.2024,Monaragala,H-2,2400.0,2300.0
08.04.2024,Monaragala,Heen,2000.0,1890.0
08.04.2024,Kalutara,H-1,2200.0,2190.0
08.04.2024,Matara,M-4,3000.0,2900.0
08.04.2024,Kalutara,M-4,2400.0,2380.0
08.04.2024,Kalutara,C-4,3100.0,3090.0
08.04.2024,Ratnapura,C-5 Sp,4100.0,4075.0
08.04.2024,Ratnapura,Alba,5000.0,4700.0
08.04.2024,Kalutara,M-5,2500.0,2490.0
08.04.2024,Ratnapura,C-5,3800.0,3600.0
08.04.2024,Ratnapura,C-4,3200.0,2950.0
08.04.2024,Ratnapura,H-1,2700.0,2612.0
08.04.2024,Ratnapura,H-2,2300.0,2200.0
08.04.2024,Badulla,C-5,3500.0,3500.0
08.04.2024,Badulla,C-4,3300.0,3300.0
08.04.2024,Badulla,H-2,2800.0,2800.0
08.04.2024,Badulla,Heen,2500.0,2500.0
08.04.2024,Badulla,Gorosu,2000.0,1666.0
08.04.2024,Kurunegala,Heen,1800.0,1800.0
08.04.2024,Badulla,H-1,3000.0,3000.0
08.04.2024,Colombo,C-5 Sp,3800.0,3800.0
08.04.2024,Kalutara,C-5,3500.0,3470.0
08.04.2024,Kurunegala,Gorosu,1600.0,1533.0
08.04.2024,Kalutara,Alba,4800.0,4790.0
08.04.2024,Gampaha,Gorosu,2300.0,2100.0
08.04.2024,Gampaha,C-4,3100.0,2900.0
08.04.2024,Kalutara,C-5 Sp,3800.0,3785.0
08.04.2024,Colombo,H-2,2600.0,2600.0
08.04.2024,Colombo,H-1,2700.0,2700.0
08.04.2024,Colombo,C-4,3300.0,3300.0
08.04.2024,Colombo,C-5,3600.0,3600.0
08.04.2024,Gampaha,C-5,3500.0,3200.0
16.04.2024,Matara,M-5,3100.0,2950.0
16.04.2024,Galle,C-5,3400.0,3390.0
16.04.2024,Galle,C-4,3100.0,3050.0
16.04.2024,Galle,H-1,2800.0,2775.0
16.04.2024,Galle,H-2,2750.0,2725.0
16.04.2024,Matara,Alba,4900.0,4850.0
16.04.2024,Matara,C-5 Sp,4200.0,3850.0
16.04.2024,Matara,C-5,3400.0,3275.0
16.04.2024,Matara,C-4,3200.0,3100.0
16.04.2024,Matara,M-4,3000.0,2850.0
16.04.2024,Galle,C-5 Sp,3600.0,3575.0
16.04.2024,Matara,H-2,2800.0,2700.0
16.04.2024,Matara,H-Faq,2300.0,2200.0
16.04.2024,Hambantota,C-5,3500.0,3500.0
16.04.2024,Hambantota,C-4,3200.0,3175.0
16.04.2024,Hambantota,H-1,2850.0,2825.0
16.04.2024,Hambantota,H-2,2800.0,2750.0
16.04.2024,Monaragala,H-1,2800.0,2750.0
16.04.2024,Monaragala,H-2,2600.0,2500.0
16.04.2024,Monaragala,Heen,2100.0,2050.0
16.04.2024,Monaragala,Gorosu,1700.0,1650.0
16.04.2024,Matara,H-1,2900.0,2787.0
16.04.2024,Galle,Alba,4700.0,4675.0
16.04.2024,Kalutara,H-1,2200.0,2190.0
16.04.2024,Kalutara,H-2,2100.0,2100.0
16.04.2024,Badulla,C-5,3800.0,3800.0
16.04.2024,Badulla,C-4,3500.0,3500.0
16.04.2024,Badulla,H-1,2800.0,2800.0
16.04.2024,Badulla,H-2,2600.0,2600.0
16.04.2024,Badulla,Heen,2500.0,2350.0
16.04.2024,Badulla,Gorosu,2200.0,1716.0
16.04.2024,Kurunegala,Gorosu,1600.0,1533.0
16.04.2024,Colombo,C-5 Sp,3800.0,3800.0
16.04.2024,Colombo,C-5,3500.0,3500.0
16.04.2024,Colombo,C-4,3200.0,3200.0
16.04.2024,Kurunegala,Heen,1800.0,1800.0
16.04.2024,Colombo,H-2,2600.0,2600.0
16.04.2024,Colombo,H-1,2700.0,2700.0
16.04.2024,Kalutara,M-5,2500.0,2490.0
16.04.2024,Kalutara,C-4,3100.0,3090.0
16.04.2024,Kalutara,C-5,3500.0,3470.0
16.04.2024,Kalutara,C-5 Sp,3800.0,3785.0
16.04.2024,Kalutara,M-4,2400.0,2380.0
16.04.2024,Gampaha,Gorosu,2300.0,2000.0
16.04.2024,Gampaha,C-4,3000.0,2800.0
16.04.2024,Gampaha,C-5,3200.0,3000.0
16.04.2024,Kalutara,Alba,4800.0,4790.0
24.04.2024,Matara,C-4,3200.0,3092.0
24.04.2024,Galle,Alba,4600.0,4550.0
24.04.2024,Galle,C-5 Sp,4000.0,3875.0
24.04.2024,Galle,C-5,3600.0,3550.0
24.04.2024,Galle,C-4,3100.0,3100.0
24.04.2024,Galle,H-1,2800.0,2800.0
24.04.2024,Galle,H-2,2700.0,2650.0
24.04.2024,Matara,Alba,4900.0,4850.0
24.04.2024,Matara,C-5 Sp,4300.0,3900.0
24.04.2024,Matara,C-5,3400.0,3200.0
24.04.2024,Matara,M-5,3100.0,3000.0
24.04.2024,Kalutara,H-1,2200.0,2190.0
24.04.2024,Matara,H-1,2900.0,2825.0
24.04.2024,Matara,H-2,2800.0,2725.0
24.04.2024,Matara,H-Faq,2300.0,2150.0
24.04.2024,Hambantota,C-5,3500.0,3500.0
24.04.2024,Hambantota,C-4,3200.0,3175.0
24.04.2024,Hambantota,H-1,2850.0,2825.0
24.04.2024,Hambantota,H-2,2800.0,2750.0
24.04.2024,Monaragala,H-1,2700.0,2650.0
24.04.2024,Monaragala,H-2,2500.0,2466.0
24.04.2024,Monaragala,Heen,2000.0,1950.0
24.04.2024,Kalutara,H-2,2100.0,2100.0
24.04.2024,Matara,M-4,3000.0,2900.0
24.04.2024,Monaragala,Gorosu,1700.0,1600.0
24.04.2024,Gampaha,Gorosu,2300.0,2000.0
24.04.2024,Kalutara,M-5,2500.0,2490.0
24.04.2024,Ratnapura,Alba,5000.0,4750.0
24.04.2024,Ratnapura,C-5 Sp,4000.0,3700.0
24.04.2024,Ratnapura,C-5,3500.0,3375.0
24.04.2024,Ratnapura,C-4,3000.0,3000.0
24.04.2024,Ratnapura,H-1,2700.0,2600.0
24.04.2024,Ratnapura,H-2,2500.0,2300.0
24.04.2024,Kalutara,M-4,2400.0,2380.0
24.04.2024,Badulla,C-5,3500.0,3500.0
24.04.2024,Badulla,H-1,2800.0,2800.0
24.04.2024,Badulla,H-2,2500.0,2500.0
24.04.2024,Kurunegala,Heen,3500.0,3500.0
24.04.2024,Kurunegala,Gorosu,2500.0,2500.0
24.04.2024,Badulla,C-5 Sp,3800.0,3800.0
24.04.2024,Colombo,C-5,3600.0,3600.0
24.04.2024,Colombo,C-4,3200.0,3200.0
24.04.2024,Colombo,H-1,2700.0,2700.0
24.04.2024,Colombo,H-2,2600.0,2600.0
24.04.2024,Gampaha,C-5,3200.0,3000.0
24.04.2024,Gampaha,C-4,3000.0,2800.0
24.04.2024,Kalutara,Alba,4800.0,4790.0
24.04.2024,Kalutara,C-5 Sp,3800.0,3785.0
24.04.2024,Kalutara,C-5,3500.0,3470.0
24.04.2024,Kalutara,C-4,3100.0,3090.0
24.04.2024,Colombo,C-5 Sp,3800.0,3800.0
30.04.2024,Matara,C-5,3300.0,3225.0
30.04.2024,Matara,C-5 Sp,4200.0,3833.0
30.04.2024,Matara,Alba,4900.0,4825.0
30.04.2024,Galle,H-2,2750.0,2675.0
30.04.2024,Galle,H-1,2850.0,2825.0
30.04.2024,Kalutara,H-1,2200.0,2190.0
30.04.2024,Galle,C-5,3600.0,3550.0
30.04.2024,Galle,C-5 Sp,4000.0,3900.0
30.04.2024,Galle,Alba,4600.0,4550.0
30.04.2024,Matara,C-4,3200.0,3125.0
30.04.2024,Galle,C-4,3100.0,3100.0
30.04.2024,Matara,M-5,3100.0,3033.0
30.04.2024,Kalutara,M-4,2400.0,2380.0
30.04.2024,Matara,H-1,2900.0,2810.0
30.04.2024,Matara,H-2,2800.0,2717.0
30.04.2024,Matara,H-Faq,2300.0,2125.0
30.04.2024,Hambantota,C-5,3500.0,3500.0
30.04.2024,Hambantota,C-4,3200.0,3175.0
30.04.2024,Hambantota,H-1,2850.0,2825.0
30.04.2024,Hambantota,H-2,2800.0,2750.0
30.04.2024,Monaragala,H-1,2700.0,2600.0
30.04.2024,Monaragala,H-2,2500.0,2450.0
30.04.2024,Monaragala,Heen,2000.0,1900.0
30.04.2024,Monaragala,Gorosu,1700.0,1650.0
30.04.2024,Matara,M-4,3000.0,2933.0
30.04.2024,Kalutara,M-5,2500.0,2490.0
30.04.2024,Kalutara,H-2,2100.0,2100.0
30.04.2024,Kalutara,C-5,3500.0,3470.0
30.04.2024,Ratnapura,Alba,5000.0,4938.0
30.04.2024,Ratnapura,C-5,3800.0,3625.0
30.04.2024,Ratnapura,C-4,3200.0,3050.0
30.04.2024,Ratnapura,H-1,2800.0,2412.0
30.04.2024,Ratnapura,H-2,2300.0,2175.0
30.04.2024,Badulla,C-5,3800.0,3800.0
30.04.2024,Badulla,C-4,3200.0,3200.0
30.04.2024,Badulla,H-1,2800.0,2800.0
30.04.2024,Badulla,H-2,2500.0,2500.0
30.04.2024,Badulla,Heen,2200.0,2200.0
30.04.2024,Badulla,Gorosu,1800.0,1533.0
30.04.2024,Kurunegala,Heen,2000.0,2000.0
30.04.2024,Ratnapura,C-5 Sp,4500.0,4051.0
30.04.2024,Colombo,C-5 Sp,3700.0,3700.0
30.04.2024,Colombo,C-5,3500.0,3500.0
30.04.2024,Colombo,C-4,3200.0,3200.0
30.04.2024,Colombo,H-1,2700.0,2700.0
30.04.2024,Colombo,H-2,2600.0,2600.0
30.04.2024,Gampaha,C-5,3800.0,3500.0
30.04.2024,Gampaha,C-4,3300.0,3100.0
30.04.2024,Gampaha,Gorosu,2500.0,2300.0
30.04.2024,Kalutara,Alba,4800.0,4790.0
30.04.2024,Kalutara,C-4,3100.0,3090.0
30.04.2024,Kalutara,C-5 Sp,3800.0,3785.0
30.04.2024,Kurunegala,Gorosu,1700.0,1633.0
07.05.2024,Matara,C-4,3200.0,3125.0
07.05.2024,Matara,C-5,3500.0,3275.0
07.05.2024,Matara,C-5 Sp,4500.0,4133.0
07.05.2024,Kalutara,M-5,2500.0,2490.0
07.05.2024,Kalutara,H-2,2100.0,2100.0
07.05.2024,Kalutara,H-1,2200.0,2190.0
07.05.2024,Kalutara,M-4,2400.0,2380.0
07.05.2024,Matara,M-5,3100.0,3067.0
07.05.2024,Matara,Alba,5000.0,4850.0
07.05.2024,Matara,M-4,3000.0,2967.0
07.05.2024,Hambantota,H-1,2850.0,2816.0
07.05.2024,Matara,H-2,2800.0,2657.0
07.05.2024,Matara,H-Faq,2300.0,2200.0
07.05.2024,Hambantota,C-5,3500.0,3500.0
07.05.2024,Hambantota,C-4,3200.0,3183.0
07.05.2024,Hambantota,H-2,2800.0,2750.0
07.05.2024,Monaragala,H-1,2700.0,2650.0
07.05.2024,Monaragala,H-2,2500.0,2400.0
07.05.2024,Monaragala,Heen,2000.0,1900.0
07.05.2024,Monaragala,Gorosu,1700.0,1650.0
07.05.2024,Kalutara,C-4,3100.0,3090.0
07.05.2024,Matara,H-1,2850.0,2813.0
07.05.2024,Kalutara,C-5,3500.0,3470.0
07.05.2024,Kalutara,C-5 Sp,3800.0,3785.0
07.05.2024,Kalutara,Alba,4800.0,4790.0
07.05.2024,Ratnapura,Alba,5500.0,5075.0
07.05.2024,Ratnapura,C-5 Sp,4000.0,4000.0
07.05.2024,Ratnapura,C-5,3800.0,3625.0
07.05.2024,Ratnapura,C-4,3000.0,3000.0
07.05.2024,Ratnapura,H-1,2800.0,2675.0
07.05.2024,Badulla,C-5,4000.0,4000.0
07.05.2024,Badulla,C-4,3600.0,3600.0
07.05.2024,Badulla,H-1,2800.0,2800.0
07.05.2024,Badulla,H-2,2500.0,2500.0
07.05.2024,Badulla,Heen,2350.0,2241.0
07.05.2024,Ratnapura,H-2,2500.0,2275.0
07.05.2024,Kurunegala,Heen,2000.0,2000.0
07.05.2024,Kurunegala,Gorosu,1800.0,1700.0
07.05.2024,Colombo,C-5 Sp,3600.0,3600.0
07.05.2024,Colombo,C-5,3500.0,3500.0
07.05.2024,Colombo,C-4,3200.0,3200.0
07.05.2024,Colombo,H-1,2700.0,2700.0
07.05.2024,Colombo,H-2,2600.0,2600.0
07.05.2024,Gampaha,C-5,3800.0,3500.0
07.05.2024,Gampaha,C-4,3300.0,3100.0
07.05.2024,Gampaha,Gorosu,2500.0,2300.0
07.05.2024,Badulla,Gorosu,2000.0,1883.0
14.05.2024,Matara,C-4,3200.0,3121.0
14.05.2024,Matara,C-5,3400.0,3260.0
14.05.2024,Matara,C-5 Sp,3800.0,3700.0
14.05.2024,Matara,Alba,4900.0,4850.0
14.05.2024,Galle,H-2,2800.0,2700.0
14.05.2024,Galle,Alba,4800.0,4650.0
14.05.2024,Galle,C-4,3200.0,3150.0
14.05.2024,Monaragala,Gorosu,1700.0,1600.0
14.05.2024,Galle,C-5 Sp,4000.0,3750.0
14.05.2024,Matara,M-5,3100.0,3000.0
14.05.2024,Galle,H-1,2900.0,2850.0
14.05.2024,Matara,M-4,3000.0,2900.0
14.05.2024,Monaragala,H-2,2500.0,2400.0
14.05.2024,Matara,H-2,2800.0,2738.0
14.05.2024,Matara,H-Faq,2500.0,2240.0
14.05.2024,Hambantota,C-5,3500.0,3500.0
14.05.2024,Hambantota,C-4,3200.0,3200.0
14.05.2024,Hambantota,H-1,2850.0,2816.0
14.05.2024,Hambantota,H-2,2800.0,2750.0
14.05.2024,Monaragala,C-5,3500.0,3500.0
14.05.2024,Monaragala,C-4,3200.0,3100.0
14.05.2024,Monaragala,H-1,2700.0,2600.0
14.05.2024,Kalutara,H-2,2100.0,2100.0
14.05.2024,Monaragala,Heen,2000.0,1880.0
14.05.2024,Matara,H-1,3000.0,2860.0
14.05.2024,Kalutara,H-1,2200.0,2190.0
14.05.2024,Galle,C-5,3600.0,3550.0
14.05.2024,Kalutara,M-5,2500.0,2490.0
14.05.2024,Ratnapura,Alba,5000.0,4950.0
14.05.2024,Ratnapura,C-5 Sp,4100.0,4033.0
14.05.2024,Ratnapura,C-5,3200.0,3150.0
14.05.2024,Ratnapura,C-4,3100.0,3033.0
14.05.2024,Ratnapura,H-1,2900.0,2700.0
14.05.2024,Ratnapura,H-2,2400.0,2350.0
14.05.2024,Badulla,C-5,3800.0,3800.0
14.05.2024,Badulla,C-4,3600.0,3600.0
14.05.2024,Badulla,H-1,2800.0,2800.0
14.05.2024,Badulla,Heen,2500.0,2366.0
14.05.2024,Badulla,Gorosu,2000.0,1883.0
14.05.2024,Kurunegala,Heen,2000.0,2000.0
14.05.2024,Kalutara,M-4,2400.0,2380.0
14.05.2024,Colombo,C-5 Sp,3700.0,3700.0
14.05.2024,Kalutara,C-4,3100.0,3090.0
14.05.2024,Kalutara,C-5,3500.0,3470.0
14.05.2024,Kalutara,C-5 Sp,3800.0,3785.0
14.05.2024,Kurunegala,Gorosu,1700.0,1633.0
14.05.2024,Gampaha,Gorosu,2500.0,2300.0
14.05.2024,Kalutara,Alba,4800.0,4790.0
14.05.2024,Gampaha,C-5,3800.0,3500.0
14.05.2024,Colombo,H-2,2600.0,2600.0
14.05.2024,Colombo,H-1,2700.0,2700.0
14.05.2024,Colombo,C-4,3100.0,3100.0
14.05.2024,Colombo,C-5,3500.0,3500.0
14.05.2024,Gampaha,C-4,3300.0,3100.0
21.05.2024,Matara,C-5,3600.0,3310.0
21.05.2024,Matara,C-5 Sp,3800.0,3700.0
21.05.2024,Matara,Alba,4900.0,4850.0
21.05.2024,Galle,H-2,2800.0,2700.0
21.05.2024,Kalutara,H-2,2100.0,2100.0
21.05.2024,Galle,C-4,3100.0,3100.0
21.05.2024,Galle,C-5,3600.0,3550.0
21.05.2024,Galle,C-5 Sp,4000.0,3750.0
21.05.2024,Galle,Alba,4500.0,4500.0
21.05.2024,Matara,C-4,3200.0,3136.0
21.05.2024,Galle,H-1,2850.0,2800.0
21.05.2024,Matara,M-5,3100.0,3025.0
21.05.2024,Hambantota,H-1,2900.0,2875.0
21.05.2024,Matara,H-1,2900.0,2860.0
21.05.2024,Matara,H-2,2850.0,2744.0
21.05.2024,Matara,H-Faq,2500.0,2300.0
21.05.2024,Hambantota,C-5,3500.0,3500.0
21.05.2024,Hambantota,C-4,3200.0,3200.0
21.05.2024,Hambantota,H-2,2800.0,2800.0
21.05.2024,Monaragala,C-5,3500.0,3500.0
21.05.2024,Monaragala,C-4,3200.0,3150.0
21.05.2024,Monaragala,H-1,2700.0,2650.0
21.05.2024,Monaragala,H-2,2400.0,2300.0
21.05.2024,Monaragala,Heen,2000.0,1900.0
21.05.2024,Kalutara,H-1,2200.0,2190.0
21.05.2024,Matara,M-4,3000.0,2925.0
21.05.2024,Monaragala,Gorosu,1600.0,1500.0
21.05.2024,Kalutara,M-4,2400.0,2380.0
21.05.2024,Kalutara,C-4,3100.0,3090.0
21.05.2024,Kalutara,M-5,2500.0,2490.0
21.05.2024,Ratnapura,Alba,5000.0,4766.0
21.05.2024,Ratnapura,C-5 Sp,4000.0,3933.0
21.05.2024,Ratnapura,C-5,3500.0,3500.0
21.05.2024,Ratnapura,C-4,3000.0,3000.0
21.05.2024,Ratnapura,H-1,2700.0,2500.0
21.05.2024,Ratnapura,H-2,2500.0,2266.0
21.05.2024,Badulla,C-4,3600.0,3600.0
21.05.2024,Badulla,H-1,2800.0,2800.0
21.05.2024,Badulla,H-2,2600.0,2600.0
21.05.2024,Badulla,Heen,2500.0,2233.0
21.05.2024,Badulla,Gorosu,2000.0,1600.0
21.05.2024,Badulla,C-5,3800.0,3800.0
21.05.2024,Kurunegala,Gorosu,1700.0,1633.0
21.05.2024,Kurunegala,Heen,2000.0,2000.0
21.05.2024,Kalutara,C-5 Sp,3800.0,3785.0
21.05.2024,Kalutara,Alba,4800.0,4790.0
21.05.2024,Gampaha,Gorosu,2000.0,1800.0
21.05.2024,Gampaha,C-4,3200.0,3100.0
21.05.2024,Gampaha,C-5,3600.0,3500.0
21.05.2024,Kalutara,C-5,3500.0,3470.0
21.05.2024,Colombo,H-1,2700.0,2700.0
21.05.2024,Colombo,C-4,3200.0,3200.0
21.05.2024,Colombo,C-5,3600.0,3600.0
21.05.2024,Colombo,C-5 Sp,3800.0,3800.0
21.05.2024,Colombo,H-2,2600.0,2600.0
28.05.2024,Matara,M-5,3100.0,2988.0
28.05.2024,Matara,C-4,3200.0,3136.0
28.05.2024,Matara,C-5,3500.0,3310.0
28.05.2024,Matara,C-5 Sp,4200.0,3833.0
28.05.2024,Matara,Alba,4900.0,4850.0
28.05.2024,Galle,C-4,3200.0,3150.0
28.05.2024,Galle,H-1,2900.0,2850.0
28.05.2024,Galle,C-5,3500.0,3400.0
28.05.2024,Galle,C-5 Sp,4200.0,3850.0
28.05.2024,Galle,Alba,4900.0,4700.0
28.05.2024,Galle,H-2,2800.0,2750.0
28.05.2024,Matara,M-4,3000.0,2913.0
28.05.2024,Kalutara,H-2,2100.0,2100.0
28.05.2024,Matara,H-2,2800.0,2719.0
28.05.2024,Matara,H-Faq,2200.0,2180.0
28.05.2024,Hambantota,C-5,3500.0,3500.0
28.05.2024,Hambantota,C-4,3250.0,3225.0
28.05.2024,Hambantota,H-1,2900.0,2900.0
28.05.2024,Hambantota,H-2,2850.0,2825.0
28.05.2024,Monaragala,C-5,3400.0,3350.0
28.05.2024,Monaragala,C-4,3200.0,3150.0
28.05.2024,Monaragala,H-1,2800.0,2750.0
28.05.2024,Monaragala,H-2,2500.0,2450.0
28.05.2024,Monaragala,Heen,2000.0,1900.0
28.05.2024,Monaragala,Gorosu,1700.0,1650.0
28.05.2024,Matara,H-1,2900.0,2840.0
28.05.2024,Kalutara,H-1,2200.0,2190.0
28.05.2024,Badulla,H-1,2800.0,2800.0
28.05.2024,Kalutara,M-5,2500.0,2490.0
28.05.2024,Ratnapura,C-5 Sp,3600.0,3533.0
28.05.2024,Ratnapura,C-5,3400.0,3310.0
28.05.2024,Ratnapura,C-4,3100.0,3050.0
28.05.2024,Ratnapura,H-1,2750.0,2550.0
28.05.2024,Ratnapura,H-2,2400.0,2333.0
28.05.2024,Badulla,C-5,3800.0,3800.0
28.05.2024,Badulla,C-4,3500.0,3500.0
28.05.2024,Kalutara,M-4,2400.0,2380.0
28.05.2024,Badulla,H-2,2500.0,2500.0
28.05.2024,Badulla,Heen,2200.0,2066.0
28.05.2024,Badulla,Gorosu,2000.0,1700.0
28.05.2024,Kurunegala,Heen,2200.0,2200.0
28.05.2024,Ratnapura,Alba,4900.0,4666.0
28.05.2024,Colombo,C-5 Sp,3700.0,3700.0
28.05.2024,Kalutara,C-4,3100.0,3090.0
28.05.2024,Kalutara,C-5,3500.0,3470.0
28.05.2024,Kalutara,C-5 Sp,3800.0,3785.0
28.05.2024,Kurunegala,Gorosu,1700.0,1633.0
28.05.2024,Gampaha,Gorosu,2000.0,1800.0
28.05.2024,Kalutara,Alba,4800.0,4790.0
28.05.2024,Gampaha,C-5,3600.0,3500.0
28.05.2024,Colombo,H-2,2500.0,2500.0
28.05.2024,Colombo,H-1,2600.0,2600.0
28.05.2024,Colombo,C-4,3100.0,3100.0
28.05.2024,Colombo,C-5,3500.0,3500.0
28.05.2024,Gampaha,C-4,3200.0,3100.0
04.06.2024,Matara,C-5,3500.0,3263.0
04.06.2024,Matara,C-5 Sp,3700.0,3667.0
04.06.2024,Matara,Alba,4900.0,4825.0
04.06.2024,Galle,H-2,2650.0,2600.0
04.06.2024,Kalutara,H-2,2100.0,2100.0
04.06.2024,Galle,C-4,3200.0,3100.0
04.06.2024,Galle,C-5,3500.0,3400.0
04.06.2024,Galle,C-5 Sp,4200.0,3850.0
04.06.2024,Galle,Alba,5000.0,4850.0
04.06.2024,Matara,C-4,3300.0,3150.0
04.06.2024,Galle,H-1,2800.0,2750.0
04.06.2024,Matara,M-5,3100.0,3000.0
04.06.2024,Hambantota,H-1,2900.0,2875.0
04.06.2024,Matara,H-1,2900.0,2840.0
04.06.2024,Matara,H-2,2850.0,2700.0
04.06.2024,Matara,H-Faq,2300.0,2180.0
04.06.2024,Hambantota,C-5,3500.0,3400.0
04.06.2024,Hambantota,C-4,3200.0,3175.0
04.06.2024,Hambantota,H-2,2800.0,2800.0
04.06.2024,Monaragala,C-5,3500.0,3500.0
04.06.2024,Monaragala,C-4,3200.0,3100.0
04.06.2024,Monaragala,H-1,2800.0,2700.0
04.06.2024,Monaragala,H-2,2500.0,2416.0
04.06.2024,Monaragala,Heen,2000.0,1850.0
04.06.2024,Kalutara,H-1,2200.0,2190.0
04.06.2024,Matara,M-4,3000.0,2900.0
04.06.2024,Kalutara,M-4,2400.0,2380.0
04.06.2024,Monaragala,Gorosu,1700.0,1650.0
04.06.2024,Kalutara,C-4,3100.0,3090.0
04.06.2024,Ratnapura,Alba,4800.0,4633.0
04.06.2024,Ratnapura,C-5 Sp,4500.0,3933.0
04.06.2024,Ratnapura,C-5,3800.0,3533.0
04.06.2024,Ratnapura,C-4,3100.0,3060.0
04.06.2024,Ratnapura,H-1,2600.0,2533.0
04.06.2024,Ratnapura,H-2,2400.0,2350.0
04.06.2024,Badulla,C-5,4000.0,4000.0
04.06.2024,Badulla,C-4,3500.0,3500.0
04.06.2024,Badulla,H-1,3000.0,3000.0
04.06.2024,Badulla,H-2,2800.0,2800.0
04.06.2024,Badulla,Heen,2500.0,2350.0
04.06.2024,Badulla,Gorosu,2000.0,1734.0
04.06.2024,Kalutara,M-5,2500.0,2490.0
04.06.2024,Kurunegala,Gorosu,1600.0,1533.0
04.06.2024,Kalutara,C-5,3500.0,3470.0
04.06.2024,Kalutara,C-5 Sp,3800.0,3790.0
04.06.2024,Kalutara,Alba,4800.0,4795.0
04.06.2024,Kurunegala,Heen,2200.0,2200.0
04.06.2024,Gampaha,C-4,3100.0,3000.0
04.06.2024,Gampaha,Gorosu,2000.0,1800.0
04.06.2024,Colombo,H-2,2600.0,2600.0
04.06.2024,Colombo,H-1,2700.0,2700.0
04.06.2024,Colombo,C-4,3200.0,3200.0
04.06.2024,Colombo,C-5,3500.0,3500.0
04.06.2024,Colombo,C-5 Sp,3700.0,3700.0
04.06.2024,Gampaha,C-5,3500.0,3400.0
11.06.2024,Matara,C-5,3700.0,3375.0
11.06.2024,Matara,C-5 Sp,4200.0,3833.0
11.06.2024,Matara,Alba,5000.0,4850.0
11.06.2024,Galle,H-2,2850.0,2775.0
11.06.2024,Kalutara,H-2,2100.0,2100.0
11.06.2024,Galle,C-4,3200.0,3150.0
11.06.2024,Galle,C-5,3600.0,3450.0
11.06.2024,Galle,C-5 Sp,3800.0,3650.0
11.06.2024,Galle,Alba,5000.0,4750.0
11.06.2024,Matara,C-4,3200.0,3183.0
11.06.2024,Galle,H-1,3000.0,2900.0
11.06.2024,Matara,M-5,3100.0,3067.0
11.06.2024,Hambantota,H-1,2900.0,2900.0
11.06.2024,Matara,H-1,2915.0,2900.0
11.06.2024,Matara,H-2,2850.0,2779.0
11.06.2024,Matara,H-Faq,2300.0,2225.0
11.06.2024,Hambantota,C-5,3500.0,3500.0
11.06.2024,Hambantota,C-4,3250.0,3200.0
11.06.2024,Hambantota,H-2,2850.0,2825.0
11.06.2024,Monaragala,C-5,3400.0,3350.0
11.06.2024,Monaragala,C-4,3200.0,3150.0
11.06.2024,Monaragala,H-1,2800.0,2750.0
11.06.2024,Monaragala,H-2,2600.0,2550.0
11.06.2024,Monaragala,Heen,2000.0,1900.0
11.06.2024,Kalutara,H-1,2200.0,2190.0
11.06.2024,Matara,M-4,3000.0,2933.0
11.06.2024,Monaragala,Gorosu,1700.0,1650.0
11.06.2024,Kalutara,M-5,2500.0,2490.0
11.06.2024,Kalutara,C-4,3100.0,3090.0
11.06.2024,Kalutara,M-4,2400.0,2380.0
11.06.2024,Ratnapura,Alba,5000.0,4900.0
11.06.2024,Ratnapura,C-5 Sp,4300.0,4033.0
11.06.2024,Ratnapura,C-5,3900.0,3633.0
11.06.2024,Ratnapura,C-4,3000.0,2950.0
11.06.2024,Ratnapura,H-1,2550.0,2466.0
11.06.2024,Ratnapura,H-2,2400.0,2350.0
11.06.2024,Badulla,C-4,3500.0,3500.0
11.06.2024,Badulla,H-1,2800.0,2800.0
11.06.2024,Badulla,H-2,2500.0,2500.0
11.06.2024,Badulla,Heen,2400.0,2266.0
11.06.2024,Badulla,Gorosu,2000.0,1667.0
11.06.2024,Badulla,C-5,3800.0,3800.0
11.06.2024,Kurunegala,Gorosu,1700.0,1633.0
11.06.2024,Kurunegala,Heen,2200.0,2000.0
11.06.2024,Kalutara,C-5 Sp,3800.0,3790.0
11.06.2024,Kalutara,Alba,4800.0,4795.0
11.06.2024,Gampaha,Gorosu,2000.0,1800.0
11.06.2024,Gampaha,C-4,3100.0,3000.0
11.06.2024,Gampaha,C-5,3500.0,3400.0
11.06.2024,Kalutara,C-5,3500.0,3470.0
11.06.2024,Colombo,H-1,2600.0,2600.0
11.06.2024,Colombo,C-4,3200.0,3200.0
11.06.2024,Colombo,C-5,3500.0,3500.0
11.06.2024,Colombo,C-5 Sp,3750.0,3750.0
11.06.2024,Colombo,H-2,2500.0,2500.0
18.06.2024,Matara,M-5,3100.0,3033.0
18.06.2024,Matara,C-4,3200.0,3167.0
18.06.2024,Matara,C-5,3700.0,3350.0
18.06.2024,Matara,C-5 Sp,4200.0,3733.0
18.06.2024,Matara,Alba,4900.0,4600.0
18.06.2024,Galle,C-4,3200.0,3200.0
18.06.2024,Galle,H-1,3050.0,2975.0
18.06.2024,Galle,C-5,3700.0,3450.0
18.06.2024,Galle,C-5 Sp,4300.0,3950.0
18.06.2024,Galle,Alba,5200.0,4850.0
18.06.2024,Galle,H-2,2750.0,2650.0
18.06.2024,Matara,M-4,3000.0,2917.0
18.06.2024,Kalutara,H-2,2100.0,2100.0
18.06.2024,Matara,H-2,2850.0,2800.0
18.06.2024,Matara,H-Faq,2400.0,2250.0
18.06.2024,Hambantota,C-5,3500.0,3450.0
18.06.2024,Hambantota,C-4,3250.0,3225.0
18.06.2024,Hambantota,H-1,2950.0,2900.0
18.06.2024,Hambantota,H-2,2850.0,2825.0
18.06.2024,Monaragala,C-5,3500.0,3500.0
18.06.2024,Monaragala,C-4,3200.0,3150.0
18.06.2024,Monaragala,Gorosu,1700.0,1600.0
18.06.2024,Monaragala,H-2,2600.0,2450.0
18.06.2024,Monaragala,Heen,2000.0,1850.0
18.06.2024,Matara,H-1,2900.0,2880.0
18.06.2024,Kalutara,H-1,2200.0,2190.0
18.06.2024,Monaragala,H-1,2800.0,2700.0
18.06.2024,Kalutara,M-5,2500.0,2490.0
18.06.2024,Kalutara,M-4,2400.0,2380.0
18.06.2024,Ratnapura,Alba,5000.0,4900.0
18.06.2024,Ratnapura,C-5,3800.0,3738.0
18.06.2024,Ratnapura,C-4,3200.0,3100.0
18.06.2024,Ratnapura,H-1,2650.0,2550.0
18.06.2024,Ratnapura,H-2,2200.0,2100.0
18.06.2024,Badulla,C-5,3800.0,3800.0
18.06.2024,Badulla,C-4,3500.0,3500.0
18.06.2024,Badulla,H-1,2800.0,2800.0
18.06.2024,Badulla,Heen,2500.0,2000.0
18.06.2024,Badulla,Gorosu,1800.0,1533.0
18.06.2024,Kurunegala,Heen,2500.0,2500.0
18.06.2024,Ratnapura,C-5 Sp,4100.0,4012.0
18.06.2024,Colombo,C-5 Sp,3700.0,3700.0
18.06.2024,Kurunegala,Gorosu,1800.0,1767.0
18.06.2024,Kalutara,C-4,3100.0,3090.0
18.06.2024,Kalutara,C-5 Sp,3800.0,3790.0
18.06.2024,Kalutara,Alba,4800.0,4795.0
18.06.2024,Gampaha,Gorosu,2000.0,1800.0
18.06.2024,Kalutara,C-5,3500.0,3470.0
18.06.2024,Gampaha,C-5,3500.0,3400.0
18.06.2024,Colombo,H-2,2500.0,2500.0
18.06.2024,Colombo,H-1,2600.0,2600.0
18.06.2024,Colombo,C-4,3100.0,3100.0
18.06.2024,Colombo,C-5,3500.0,3500.0
18.06.2024,Gampaha,C-4,3100.0,3000.0
25.06.2024,Kalutara,H-1,2200.0,2190.0
25.06.2024,Matara,H-1,2900.0,2867.0
25.06.2024,Kalutara,H-2,2100.0,2100.0
25.06.2024,Matara,Alba,4500.0,4500.0
25.06.2024,Matara,C-5 Sp,4000.0,3667.0
25.06.2024,Matara,C-5,3700.0,3400.0
25.06.2024,Matara,C-4,3300.0,3214.0
25.06.2024,Matara,M-5,3100.0,3033.0
25.06.2024,Matara,M-4,3000.0,2933.0
25.06.2024,Matara,H-2,2850.0,2786.0
25.06.2024,Monaragala,C-4,3200.0,3100.0
25.06.2024,Hambantota,C-5,3500.0,3500.0
25.06.2024,Hambantota,C-4,3250.0,3225.0
25.06.2024,Hambantota,H-1,3000.0,2950.0
25.06.2024,Hambantota,H-2,2850.0,2825.0
25.06.2024,Monaragala,C-5,3500.0,3350.0
25.06.2024,Monaragala,H-1,2800.0,2750.0
25.06.2024,Monaragala,H-2,2600.0,2500.0
25.06.2024,Monaragala,Heen,2000.0,1450.0
25.06.2024,Monaragala,Gorosu,1700.0,1550.0
25.06.2024,Kalutara,M-4,2400.0,2380.0
25.06.2024,Matara,H-Faq,2400.0,2275.0
25.06.2024,Kalutara,M-5,2500.0,2490.0
25.06.2024,Kalutara,C-4,3100.0,3090.0
25.06.2024,Kalutara,C-5,3500.0,3470.0
25.06.2024,Ratnapura,Alba,4600.0,4566.0
25.06.2024,Ratnapura,C-5 Sp,3600.0,3533.0
25.06.2024,Ratnapura,C-5,3300.0,3233.0
25.06.2024,Ratnapura,C-4,3100.0,3066.0
25.06.2024,Ratnapura,H-1,2800.0,2633.0
25.06.2024,Badulla,C-5,3800.0,3800.0
25.06.2024,Badulla,C-4,3500.0,3500.0
25.06.2024,Badulla,Heen,3000.0,2433.0
25.06.2024,Badulla,Gorosu,2000.0,1733.0
25.06.2024,Kurunegala,Heen,2500.0,2500.0
25.06.2024,Ratnapura,H-2,2500.0,2400.0
25.06.2024,Colombo,C-5 Sp,3750.0,3750.0
25.06.2024,Colombo,C-5,3500.0,3500.0
25.06.2024,Colombo,C-4,3200.0,3200.0
25.06.2024,Colombo,H-1,2500.0,2500.0
25.06.2024,Colombo,H-2,2400.0,2400.0
25.06.2024,Gampaha,C-5,3500.0,3400.0
25.06.2024,Gampaha,C-4,3100.0,3000.0
25.06.2024,Gampaha,Gorosu,2000.0,1800.0
25.06.2024,Kalutara,Alba,4800.0,4795.0
25.06.2024,Kalutara,C-5 Sp,3800.0,3790.0
25.06.2024,Kurunegala,Gorosu,1800.0,1767.0
02.07.2024,Matara,C-5,3400.0,3267.0
02.07.2024,Matara,C-5 Sp,3600.0,3533.0
02.07.2024,Matara,Alba,4500.0,4125.0
02.07.2024,Galle,H-2,2900.0,2850.0
02.07.2024,Galle,H-1,2900.0,2850.0
02.07.2024,Kalutara,H-2,2100.0,2100.0
02.07.2024,Galle,C-5,3400.0,3350.0
02.07.2024,Monaragala,Gorosu,1700.0,1600.0
02.07.2024,Galle,Alba,4600.0,4400.0
02.07.2024,Matara,C-4,3300.0,3158.0
02.07.2024,Galle,C-4,3150.0,3125.0
02.07.2024,Matara,M-5,3050.0,2967.0
02.07.2024,Monaragala,H-2,2600.0,2450.0
02.07.2024,Matara,H-1,3000.0,2913.0
02.07.2024,Matara,H-2,2900.0,2807.0
02.07.2024,Matara,H-Faq,2400.0,2275.0
02.07.2024,Hambantota,C-5,3500.0,3400.0
02.07.2024,Hambantota,C-4,3200.0,3200.0
02.07.2024,Hambantota,H-1,2900.0,2900.0
02.07.2024,Hambantota,H-2,2850.0,2850.0
02.07.2024,Monaragala,C-5,3500.0,3300.0
02.07.2024,Monaragala,C-4,3200.0,3150.0
02.07.2024,Monaragala,H-1,2800.0,2700.0
02.07.2024,Kalutara,H-1,2200.0,2190.0
02.07.2024,Monaragala,Heen,2000.0,1800.0
02.07.2024,Matara,M-4,3000.0,2950.0
02.07.2024,Kalutara,M-4,2400.0,2380.0
02.07.2024,Galle,C-5 Sp,3800.0,3750.0
02.07.2024,Kalutara,C-4,3100.0,3090.0
02.07.2024,Ratnapura,Alba,4600.0,4366.0
02.07.2024,Ratnapura,C-5 Sp,3700.0,3600.0
02.07.2024,Ratnapura,C-5,3400.0,3300.0
02.07.2024,Ratnapura,C-4,3100.0,3100.0
02.07.2024,Ratnapura,H-1,2850.0,2583.0
02.07.2024,Ratnapura,H-2,2300.0,2266.0
02.07.2024,Badulla,C-5,3800.0,3800.0
02.07.2024,Badulla,C-4,3600.0,3600.0
02.07.2024,Badulla,H-1,3000.0,3000.0
02.07.2024,Badulla,H-2,2800.0,2800.0
02.07.2024,Badulla,Heen,2500.0,2166.0
02.07.2024,Badulla,Gorosu,1800.0,1600.0
02.07.2024,Kalutara,M-5,2500.0,2490.0
02.07.2024,Kurunegala,Gorosu,1800.0,1767.0
02.07.2024,Kalutara,C-5,3300.0,3200.0
02.07.2024,Kalutara,C-5 Sp,3500.0,3470.0
02.07.2024,Kalutara,Alba,4500.0,4485.0
02.07.2024,Kurunegala,Heen,2500.0,2500.0
02.07.2024,Gampaha,C-4,3100.0,3000.0
02.07.2024,Gampaha,Gorosu,2000.0,1800.0
02.07.2024,Colombo,H-2,2400.0,2400.0
02.07.2024,Colombo,H-1,2500.0,2500.0
02.07.2024,Colombo,C-4,3200.0,3200.0
02.07.2024,Colombo,C-5,3500.0,3500.0
02.07.2024,Colombo,C-5 Sp,3700.0,3700.0
02.07.2024,Gampaha,C-5,3500.0,3400.0
16.07.2024,Matara,C-5,3400.0,3267.0
16.07.2024,Matara,C-5 Sp,3700.0,3517.0
16.07.2024,Matara,Alba,4200.0,4100.0
16.07.2024,Galle,H-2,2950.0,2875.0
16.07.2024,Kalutara,H-2,2100.0,2100.0
16.07.2024,Galle,C-4,3200.0,3175.0
16.07.2024,Galle,C-5,3300.0,3275.0
16.07.2024,Galle,C-5 Sp,3600.0,3550.0
16.07.2024,Galle,Alba,4400.0,4350.0
16.07.2024,Matara,C-4,3300.0,3194.0
16.07.2024,Galle,H-1,2900.0,2875.0
16.07.2024,Matara,M-5,3100.0,3050.0
16.07.2024,Hambantota,H-1,3000.0,3000.0
16.07.2024,Matara,H-1,3000.0,2930.0
16.07.2024,Matara,H-2,2900.0,2856.0
16.07.2024,Matara,H-Faq,2500.0,2280.0
16.07.2024,Hambantota,C-5,3350.0,3325.0
16.07.2024,Hambantota,C-4,3200.0,3150.0
16.07.2024,Hambantota,H-2,2900.0,2875.0
16.07.2024,Monaragala,C-5,3600.0,3550.0
16.07.2024,Monaragala,C-4,3300.0,3250.0
16.07.2024,Monaragala,H-1,2900.0,2800.0
16.07.2024,Monaragala,H-2,2600.0,2500.0
16.07.2024,Monaragala,Heen,2000.0,1900.0
16.07.2024,Kalutara,H-1,2200.0,2190.0
16.07.2024,Matara,M-4,3050.0,2983.0
16.07.2024,Monaragala,Gorosu,1700.0,1600.0
16.07.2024,Kalutara,M-4,2400.0,2380.0
16.07.2024,Kalutara,C-4,3100.0,3090.0
16.07.2024,Kalutara,M-5,2500.0,2490.0
16.07.2024,Ratnapura,Alba,4400.0,4300.0
16.07.2024,Ratnapura,C-5 Sp,3500.0,3400.0
16.07.2024,Ratnapura,C-5,3250.0,3216.0
16.07.2024,Ratnapura,C-4,3100.0,3066.0
16.07.2024,Ratnapura,H-1,2850.0,2633.0
16.07.2024,Ratnapura,H-2,2600.0,2400.0
16.07.2024,Badulla,C-4,3600.0,3600.0
16.07.2024,Badulla,H-1,3000.0,3000.0
16.07.2024,Badulla,H-2,2800.0,2800.0
16.07.2024,Badulla,Heen,2500.0,2333.0
16.07.2024,Badulla,Gorosu,2000.0,1850.0
16.07.2024,Badulla,C-5,3800.0,3800.0
16.07.2024,Kurunegala,Gorosu,1800.0,1767.0
16.07.2024,Kurunegala,Heen,2200.0,2200.0
16.07.2024,Kalutara,C-5 Sp,3500.0,3470.0
16.07.2024,Kalutara,Alba,4500.0,4485.0
16.07.2024,Gampaha,Gorosu,2000.0,1800.0
16.07.2024,Gampaha,C-4,3100.0,3000.0
16.07.2024,Gampaha,C-5,3400.0,3300.0
16.07.2024,Kalutara,C-5,3300.0,3200.0
16.07.2024,Colombo,H-1,2500.0,2500.0
16.07.2024,Colombo,C-4,3200.0,3200.0
16.07.2024,Colombo,C-5,3500.0,3500.0
16.07.2024,Colombo,C-5 Sp,3600.0,3600.0
16.07.2024,Colombo,H-2,2400.0,2400.0
23.07.2024,Matara,M-5,3200.0,3150.0
23.07.2024,Matara,C-4,3400.0,3231.0
23.07.2024,Matara,C-5,3500.0,3367.0
23.07.2024,Matara,C-5 Sp,3700.0,3550.0
23.07.2024,Matara,Alba,4200.0,4200.0
23.07.2024,Galle,C-4,3250.0,3225.0
23.07.2024,Galle,H-1,3000.0,2950.0
23.07.2024,Galle,C-5,3400.0,3350.0
23.07.2024,Galle,C-5 Sp,3600.0,3600.0
23.07.2024,Galle,Alba,4200.0,4100.0
23.07.2024,Galle,H-2,2800.0,2650.0
23.07.2024,Matara,M-4,3100.0,3033.0
23.07.2024,Kalutara,H-2,2100.0,2100.0
23.07.2024,Matara,H-2,2950.0,2886.0
23.07.2024,Matara,H-Faq,2500.0,2360.0
23.07.2024,Hambantota,C-5,3400.0,3375.0
23.07.2024,Hambantota,C-4,3200.0,3200.0
23.07.2024,Hambantota,H-1,3000.0,3000.0
23.07.2024,Hambantota,H-2,2950.0,2950.0
23.07.2024,Monaragala,C-5,3400.0,3200.0
23.07.2024,Monaragala,C-4,3100.0,3000.0
23.07.2024,Monaragala,H-1,2700.0,2600.0
23.07.2024,Monaragala,H-2,2500.0,2450.0
23.07.2024,Monaragala,Heen,2000.0,1850.0
23.07.2024,Monaragala,Gorosu,1700.0,1600.0
23.07.2024,Matara,H-1,3050.0,2970.0
23.07.2024,Kalutara,H-1,2200.0,2190.0
23.07.2024,Ratnapura,Alba,4500.0,4333.0
23.07.2024,Kalutara,M-5,2500.0,2490.0
23.07.2024,Kalutara,M-4,2400.0,2380.0
23.07.2024,Ratnapura,C-5,3500.0,3166.0
23.07.2024,Ratnapura,C-4,3000.0,2866.0
23.07.2024,Ratnapura,H-1,2600.0,2533.0
23.07.2024,Ratnapura,H-2,2400.0,2333.0
23.07.2024,Badulla,C-5,3800.0,3800.0
23.07.2024,Badulla,C-4,3600.0,3600.0
23.07.2024,Badulla,H-1,3000.0,3000.0
23.07.2024,Badulla,H-2,2800.0,2800.0
23.07.2024,Badulla,Heen,2500.0,2333.0
23.07.2024,Badulla,Gorosu,2000.0,1883.0
23.07.2024,Kurunegala,Heen,2200.0,2200.0
23.07.2024,Ratnapura,C-5 Sp,3800.0,3633.0
23.07.2024,Colombo,C-5 Sp,3600.0,3600.0
23.07.2024,Kalutara,C-4,3100.0,3090.0
23.07.2024,Kalutara,C-5,3300.0,3200.0
23.07.2024,Kalutara,C-5 Sp,3500.0,3470.0
23.07.2024,Kurunegala,Gorosu,1800.0,1767.0
23.07.2024,Gampaha,Gorosu,2000.0,1800.0
23.07.2024,Kalutara,Alba,4100.0,4090.0
23.07.2024,Gampaha,C-5,3400.0,3300.0
23.07.2024,Colombo,H-2,2500.0,2500.0
23.07.2024,Colombo,H-1,2600.0,2600.0
23.07.2024,Colombo,C-4,3200.0,3200.0
23.07.2024,Colombo,C-5,3400.0,3400.0
23.07.2024,Gampaha,C-4,3100.0,3000.0
30.07.2024,Matara,M-5,3150.0,3107.0
30.07.2024,Matara,C-4,3300.0,3229.0
30.07.2024,Matara,C-5,3500.0,3383.0
30.07.2024,Matara,C-5 Sp,3800.0,3583.0
30.07.2024,Galle,C-5,3400.0,3350.0
30.07.2024,Galle,H-2,2850.0,2825.0
30.07.2024,Galle,H-1,2950.0,2925.0
30.07.2024,Galle,C-4,3250.0,3225.0
30.07.2024,Matara,M-4,3100.0,3075.0
30.07.2024,Matara,Alba,4200.0,4133.0
30.07.2024,Matara,H-1,3100.0,3020.0
30.07.2024,Monaragala,C-5,3400.0,3350.0
30.07.2024,Matara,H-Faq,2700.0,2540.0
30.07.2024,Hambantota,C-5,3400.0,3400.0
30.07.2024,Hambantota,C-4,3200.0,3200.0
30.07.2024,Hambantota,H-1,3000.0,3000.0
30.07.2024,Hambantota,H-2,2950.0,2950.0
30.07.2024,Monaragala,C-4,3200.0,3175.0
30.07.2024,Monaragala,H-1,2800.0,2700.0
30.07.2024,Monaragala,H-2,2600.0,2500.0
30.07.2024,Monaragala,Heen,2000.0,1800.0
30.07.2024,Monaragala,Gorosu,1700.0,1600.0
30.07.2024,Galle,C-5 Sp,3700.0,3650.0
30.07.2024,Matara,H-2,3000.0,2936.0
30.07.2024,Galle,Alba,4100.0,4050.0
30.07.2024,Kalutara,H-2,2100.0,2100.0
30.07.2024,Kalutara,H-1,2200.0,2190.0
30.07.2024,Ratnapura,Alba,4200.0,4100.0
30.07.2024,Ratnapura,C-5 Sp,3800.0,3700.0
30.07.2024,Ratnapura,C-5,3450.0,3350.0
30.07.2024,Ratnapura,C-4,3100.0,3033.0
30.07.2024,Ratnapura,H-1,2800.0,2666.0
30.07.2024,Ratnapura,H-2,2500.0,2466.0
30.07.2024,Badulla,C-4,3600.0,3600.0
30.07.2024,Badulla,H-1,3000.0,3000.0
30.07.2024,Badulla,H-2,2800.0,2800.0
30.07.2024,Badulla,Heen,2500.0,2100.0
30.07.2024,Badulla,Gorosu,2000.0,1766.0
30.07.2024,Badulla,C-5,3700.0,3700.0
30.07.2024,Kurunegala,Gorosu,1800.0,1800.0
30.07.2024,Gampaha,C-5,3400.0,3300.0
30.07.2024,Gampaha,C-4,3100.0,3000.0
30.07.2024,Gampaha,Gorosu,2000.0,1800.0
30.07.2024,Kalutara,Alba,4100.0,4090.0
30.07.2024,Kalutara,C-5 Sp,3500.0,3470.0
30.07.2024,Kalutara,C-5,3300.0,3200.0
30.07.2024,Kalutara,C-4,3100.0,3090.0
30.07.2024,Kalutara,M-5,2500.0,2490.0
30.07.2024,Kalutara,M-4,2400.0,2380.0
30.07.2024,Kurunegala,Heen,2200.0,2200.0
06.08.2024,Matara,M-5,3150.0,3112.0
06.08.2024,Matara,C-4,3300.0,3200.0
06.08.2024,Matara,C-5,3500.0,3340.0
06.08.2024,Matara,C-5 Sp,3600.0,3517.0
06.08.2024,Matara,Alba,4200.0,4200.0
06.08.2024,Galle,C-5 Sp,3600.0,3600.0
06.08.2024,Galle,H-1,3050.0,2975.0
06.08.2024,Galle,C-4,3250.0,3250.0
06.08.2024,Galle,C-5,3400.0,3400.0
06.08.2024,Matara,M-4,3100.0,3100.0
06.08.2024,Galle,H-2,3000.0,2900.0
06.08.2024,Matara,H-1,3100.0,3050.0
06.08.2024,Monaragala,Gorosu,1700.0,1600.0
06.08.2024,Matara,H-Faq,2500.0,2425.0
06.08.2024,Hambantota,C-5,3500.0,3475.0
06.08.2024,Hambantota,C-4,3350.0,3325.0
06.08.2024,Hambantota,H-1,3100.0,3100.0
06.08.2024,Hambantota,H-2,3050.0,3025.0
06.08.2024,Monaragala,C-5,3500.0,3350.0
06.08.2024,Monaragala,C-4,3300.0,3200.0
06.08.2024,Monaragala,H-1,2800.0,2700.0
06.08.2024,Monaragala,H-2,2500.0,2450.0
06.08.2024,Monaragala,Heen,2000.0,1850.0
06.08.2024,Galle,Alba,4300.0,4150.0
06.08.2024,Matara,H-2,3050.0,2944.0
06.08.2024,Kalutara,H-2,2100.0,2100.0
06.08.2024,Kalutara,H-1,2200.0,2190.0
06.08.2024,Kalutara,M-4,2400.0,2380.0
06.08.2024,Ratnapura,C-5 Sp,3700.0,3666.0
06.08.2024,Ratnapura,C-5,3400.0,3266.0
06.08.2024,Ratnapura,C-4,3100.0,3033.0
06.08.2024,Ratnapura,H-1,2800.0,2633.0
06.08.2024,Ratnapura,H-2,2400.0,2316.0
06.08.2024,Badulla,C-5,3800.0,3800.0
06.08.2024,Badulla,C-4,3500.0,3500.0
06.08.2024,Badulla,Heen,2700.0,2434.0
06.08.2024,Badulla,Gorosu,2000.0,1634.0
06.08.2024,Kurunegala,Heen,2200.0,2200.0
06.08.2024,Kurunegala,Gorosu,1800.0,1800.0
06.08.2024,Colombo,C-5 Sp,3600.0,3600.0
06.08.2024,Ratnapura,Alba,4600.0,4333.0
06.08.2024,Colombo,C-4,3100.0,3100.0
06.08.2024,Colombo,H-1,2500.0,2500.0
06.08.2024,Colombo,H-2,2400.0,2400.0
06.08.2024,Gampaha,C-5,3500.0,3450.0
06.08.2024,Gampaha,C-4,3200.0,3150.0
06.08.2024,Gampaha,Gorosu,2000.0,1950.0
06.08.2024,Kalutara,Alba,4100.0,4090.0
06.08.2024,Kalutara,C-5 Sp,3500.0,3470.0
06.08.2024,Kalutara,C-5,3300.0,3200.0
06.08.2024,Kalutara,C-4,3100.0,3090.0
06.08.2024,Kalutara,M-5,2500.0,2490.0
06.08.2024,Colombo,C-5,3400.0,3400.0
13.08.2024,Matara,C-5,3500.0,3360.0
13.08.2024,Matara,C-5 Sp,3700.0,3633.0
13.08.2024,Matara,Alba,4200.0,4200.0
13.08.2024,Galle,H-2,3000.0,2850.0
13.08.2024,Galle,Alba,4700.0,4350.0
13.08.2024,Galle,C-4,3300.0,3250.0
13.08.2024,Galle,C-5,3500.0,3400.0
13.08.2024,Galle,C-5 Sp,4000.0,3850.0
13.08.2024,Matara,C-4,3300.0,3257.0
13.08.2024,Galle,H-1,3100.0,3050.0
13.08.2024,Matara,M-5,3250.0,3187.0
13.08.2024,Hambantota,C-4,3350.0,3325.0
13.08.2024,Matara,H-1,3200.0,3120.0
13.08.2024,Matara,H-2,3150.0,3037.0
13.08.2024,Matara,H-Faq,2700.0,2400.0
13.08.2024,Hambantota,C-5,3500.0,3475.0
13.08.2024,Hambantota,H-1,3200.0,3175.0
13.08.2024,Hambantota,H-2,3100.0,3050.0
13.08.2024,Monaragala,H-1,2500.0,2400.0
13.08.2024,Monaragala,H-2,2300.0,2266.0
13.08.2024,Monaragala,Heen,1900.0,1850.0
13.08.2024,Monaragala,Gorosu,1600.0,1566.0
13.08.2024,Kalutara,H-2,2100.0,2100.0
13.08.2024,Matara,M-4,3200.0,3133.0
13.08.2024,Kalutara,H-1,2200.0,2185.0
13.08.2024,Kalutara,M-4,2400.0,2380.0
13.08.2024,Kalutara,M-5,2500.0,2490.0
13.08.2024,Ratnapura,Alba,4700.0,4600.0
13.08.2024,Ratnapura,C-5 Sp,3700.0,3550.0
13.08.2024,Ratnapura,C-5,3400.0,3300.0
13.08.2024,Ratnapura,C-4,3200.0,3133.0
13.08.2024,Ratnapura,H-1,3000.0,2900.0
13.08.2024,Ratnapura,H-2,2900.0,2850.0
13.08.2024,Badulla,C-4,3700.0,3700.0
13.08.2024,Badulla,Heen,2700.0,2400.0
13.08.2024,Badulla,Gorosu,2000.0,1667.0
13.08.2024,Kurunegala,Heen,1800.0,1800.0
13.08.2024,Kurunegala,Gorosu,1500.0,1500.0
13.08.2024,Badulla,C-5,3900.0,3900.0
13.08.2024,Colombo,C-5,3500.0,3500.0
13.08.2024,Colombo,C-5 Sp,3800.0,3800.0
13.08.2024,Kalutara,C-5,3300.0,3200.0
13.08.2024,Kalutara,C-5 Sp,3500.0,3470.0
13.08.2024,Kalutara,Alba,4100.0,4090.0
13.08.2024,Gampaha,Gorosu,2000.0,1800.0
13.08.2024,Kalutara,C-4,3100.0,3090.0
13.08.2024,Gampaha,C-5,3400.0,3300.0
13.08.2024,Colombo,H-2,2700.0,2700.0
13.08.2024,Colombo,H-1,2800.0,2800.0
13.08.2024,Colombo,C-4,3300.0,3300.0
13.08.2024,Gampaha,C-4,3100.0,3000.0
20.08.2024,Matara,C-4,3500.0,3357.0
20.08.2024,Matara,C-5,3700.0,3475.0
20.08.2024,Matara,C-5 Sp,3800.0,3667.0
20.08.2024,Matara,Alba,4500.0,4500.0
20.08.2024,Galle,H-2,3050.0,3025.0
20.08.2024,Galle,C-5,3400.0,3350.0
20.08.2024,Galle,C-4,3300.0,3300.0
20.08.2024,Galle,C-5 Sp,3600.0,3550.0
20.08.2024,Galle,Alba,4700.0,4600.0
20.08.2024,Kalutara,H-2,2100.0,2100.0
20.08.2024,Galle,H-1,3100.0,3100.0
20.08.2024,Matara,M-5,3400.0,3317.0
20.08.2024,Monaragala,Heen,2000.0,1900.0
20.08.2024,Matara,H-1,3250.0,3212.0
20.08.2024,Matara,H-2,3200.0,3093.0
20.08.2024,Matara,H-Faq,2700.0,2575.0
20.08.2024,Hambantota,C-5,3700.0,3600.0
20.08.2024,Hambantota,C-4,3400.0,3375.0
20.08.2024,Hambantota,H-1,3200.0,3200.0
20.08.2024,Hambantota,H-2,3150.0,3125.0
20.08.2024,Monaragala,H-1,2800.0,2700.0
20.08.2024,Monaragala,H-2,2500.0,2450.0
20.08.2024,Monaragala,Gorosu,1700.0,1650.0
20.08.2024,Kalutara,H-1,2200.0,2185.0
20.08.2024,Matara,M-4,3350.0,3262.0
20.08.2024,Kalutara,M-4,2400.0,2380.0
20.08.2024,Ratnapura,C-5 Sp,3700.0,3650.0
20.08.2024,Kalutara,C-4,3100.0,3090.0
20.08.2024,Ratnapura,Alba,4500.0,4400.0
20.08.2024,Ratnapura,C-5,3500.0,3433.0
20.08.2024,Ratnapura,C-4,3300.0,3230.0
20.08.2024,Ratnapura,H-1,3000.0,2900.0
20.08.2024,Ratnapura,H-2,2700.0,2500.0
20.08.2024,Badulla,C-5,3800.0,3800.0
20.08.2024,Badulla,C-4,3500.0,3500.0
20.08.2024,Badulla,H-1,3000.0,3000.0
20.08.2024,Badulla,H-2,2800.0,2800.0
20.08.2024,Badulla,Heen,2500.0,2416.0
20.08.2024,Badulla,Gorosu,2300.0,1933.0
20.08.2024,Kurunegala,Heen,1800.0,1800.0
20.08.2024,Kalutara,M-5,2500.0,2490.0
20.08.2024,Colombo,C-5 Sp,3700.0,3700.0
20.08.2024,Colombo,C-5,3500.0,3500.0
20.08.2024,Colombo,C-4,3250.0,3250.0
20.08.2024,Colombo,H-1,2700.0,2700.0
20.08.2024,Colombo,H-2,2600.0,2600.0
20.08.2024,Gampaha,C-5,3400.0,3300.0
20.08.2024,Gampaha,C-4,3100.0,3000.0
20.08.2024,Gampaha,Gorosu,2000.0,1800.0
20.08.2024,Kalutara,Alba,4100.0,4090.0
20.08.2024,Kalutara,C-5 Sp,3500.0,3470.0
20.08.2024,Kalutara,C-5,3300.0,3200.0
20.08.2024,Kurunegala,Gorosu,1400.0,1400.0
27.08.2024,Matara,C-5 Sp,3500.0,3500.0
27.08.2024,Matara,Alba,4500.0,4400.0
27.08.2024,Galle,H-2,3000.0,2950.0
27.08.2024,Galle,H-1,3100.0,3100.0
27.08.2024,Kalutara,H-1,2200.0,2185.0
27.08.2024,Galle,C-5,3600.0,3500.0
27.08.2024,Galle,C-5 Sp,3900.0,3850.0
27.08.2024,Galle,Alba,4900.0,4700.0
27.08.2024,Kalutara,H-2,2100.0,2100.0
27.08.2024,Matara,C-5,3500.0,3460.0
27.08.2024,Galle,C-4,3400.0,3375.0
27.08.2024,Matara,C-4,3450.0,3395.0
27.08.2024,Hambantota,C-5,3700.0,3650.0
27.08.2024,Matara,M-4,3300.0,3267.0
27.08.2024,Matara,H-1,3300.0,3250.0
27.08.2024,Matara,H-2,3200.0,3117.0
27.08.2024,Matara,H-Faq,2800.0,2667.0
27.08.2024,Hambantota,C-4,3450.0,3400.0
27.08.2024,Hambantota,H-1,3200.0,3200.0
27.08.2024,Hambantota,H-2,3150.0,3150.0
27.08.2024,Monaragala,H-1,2800.0,2700.0
27.08.2024,Monaragala,H-2,2500.0,2450.0
27.08.2024,Monaragala,Heen,2000.0,1900.0
27.08.2024,Kalutara,M-4,2400.0,2380.0
27.08.2024,Matara,M-5,3350.0,3310.0
27.08.2024,Kalutara,M-5,2500.0,2490.0
27.08.2024,Monaragala,Gorosu,1700.0,1650.0
27.08.2024,Kalutara,C-5,3300.0,3200.0
27.08.2024,Ratnapura,Alba,4500.0,4500.0
27.08.2024,Ratnapura,C-5 Sp,4000.0,3900.0
27.08.2024,Ratnapura,C-5,3500.0,3450.0
27.08.2024,Ratnapura,C-4,3300.0,3150.0
27.08.2024,Ratnapura,H-1,3000.0,2900.0
27.08.2024,Ratnapura,H-2,2700.0,2650.0
27.08.2024,Badulla,M-5,3700.0,3700.0
27.08.2024,Badulla,M-4,3500.0,3500.0
27.08.2024,Badulla,H-1,3000.0,3000.0
27.08.2024,Badulla,H-2,2800.0,2800.0
27.08.2024,Badulla,Heen,2500.0,2450.0
27.08.2024,Badulla,Gorosu,2000.0,1400.0
27.08.2024,Kalutara,C-4,3100.0,3090.0
27.08.2024,Kurunegala,Gorosu,1500.0,1500.0
27.08.2024,Colombo,C-5 Sp,3600.0,3600.0
27.08.2024,Colombo,C-5,3500.0,3500.0
27.08.2024,Colombo,C-4,3200.0,3200.0
27.08.2024,Colombo,H-1,2700.0,2700.0
27.08.2024,Colombo,H-2,2600.0,2600.0
27.08.2024,Gampaha,C-5,3400.0,3300.0
27.08.2024,Gampaha,C-4,3100.0,3000.0
27.08.2024,Gampaha,Gorosu,2000.0,1800.0
27.08.2024,Kalutara,Alba,4100.0,4090.0
27.08.2024,Kalutara,C-5 Sp,3500.0,3470.0
27.08.2024,Kurunegala,Heen,1800.0,1800.0
03.09.2024,Matara,C-5 Sp,3700.0,3667.0
03.09.2024,Matara,Alba,4500.0,4500.0
03.09.2024,Galle,H-2,3100.0,3100.0
03.09.2024,Galle,H-1,3250.0,3225.0
03.09.2024,Kalutara,H-1,2400.0,2380.0
03.09.2024,Galle,C-5,3700.0,3650.0
03.09.2024,Galle,C-5 Sp,4200.0,3950.0
03.09.2024,Galle,Alba,5000.0,4750.0
03.09.2024,Kalutara,H-2,2200.0,2200.0
03.09.2024,Matara,C-5,3550.0,3490.0
03.09.2024,Galle,C-4,3400.0,3350.0
03.09.2024,Matara,C-4,3500.0,3391.0
03.09.2024,Hambantota,C-5,3500.0,3465.0
03.09.2024,Matara,M-4,3300.0,3275.0
03.09.2024,Matara,H-1,3300.0,3260.0
03.09.2024,Matara,H-2,3250.0,3188.0
03.09.2024,Matara,H-Faq,2800.0,2620.0
03.09.2024,Hambantota,C-4,3400.0,3375.0
03.09.2024,Hambantota,H-1,3275.0,3262.0
03.09.2024,Hambantota,H-2,3250.0,3225.0
03.09.2024,Monaragala,H-1,2800.0,2700.0
03.09.2024,Monaragala,H-2,2500.0,2450.0
03.09.2024,Monaragala,Heen,2000.0,1900.0
03.09.2024,Kalutara,M-4,2600.0,2585.0
03.09.2024,Matara,M-5,3400.0,3338.0
03.09.2024,Monaragala,Gorosu,1700.0,1650.0
03.09.2024,Kalutara,M-5,2800.0,2790.0
03.09.2024,Kalutara,C-5,3400.0,3385.0
03.09.2024,Kalutara,C-4,3200.0,3180.0
03.09.2024,Ratnapura,Alba,4600.0,4500.0
03.09.2024,Ratnapura,C-5 Sp,4000.0,3800.0
03.09.2024,Ratnapura,C-5,3600.0,3500.0
03.09.2024,Ratnapura,C-4,3350.0,3300.0
03.09.2024,Ratnapura,H-1,3100.0,3000.0
03.09.2024,Ratnapura,H-2,2800.0,2750.0
03.09.2024,Badulla,C-4,3700.0,3700.0
03.09.2024,Badulla,H-1,3000.0,3000.0
03.09.2024,Badulla,H-2,2800.0,2800.0
03.09.2024,Badulla,Heen,2500.0,2333.0
03.09.2024,Badulla,Gorosu,1800.0,1666.0
03.09.2024,Badulla,C-5,3900.0,3900.0
03.09.2024,Kurunegala,Gorosu,1500.0,1500.0
03.09.2024,Kurunegala,Heen,2500.0,2500.0
03.09.2024,Kalutara,Alba,4200.0,4170.0
03.09.2024,Gampaha,Gorosu,2000.0,1800.0
03.09.2024,Gampaha,C-4,3300.0,3250.0
03.09.2024,Gampaha,C-5,3500.0,3450.0
03.09.2024,Kalutara,C-5 Sp,3600.0,3565.0
03.09.2024,Colombo,H-1,2500.0,2500.0
03.09.2024,Colombo,C-4,3300.0,3300.0
03.09.2024,Colombo,C-5,3400.0,3400.0
03.09.2024,Colombo,C-5 Sp,3500.0,3500.0
03.09.2024,Colombo,H-2,2400.0,2400.0
10.09.2024,Matara,C-5 Sp,3800.0,3767.0
10.09.2024,Matara,Alba,4500.0,4500.0
10.09.2024,Galle,H-2,3100.0,3075.0
10.09.2024,Galle,H-1,3250.0,3225.0
10.09.2024,Galle,C-4,3400.0,3350.0
10.09.2024,Galle,C-5 Sp,4200.0,4000.0
10.09.2024,Galle,Alba,5000.0,4725.0
10.09.2024,Kalutara,H-2,2200.0,2200.0
10.09.2024,Kalutara,H-1,2400.0,2380.0
10.09.2024,Matara,C-5,3500.0,3470.0
10.09.2024,Galle,C-5,4000.0,3750.0
10.09.2024,Matara,C-4,3450.0,3418.0
10.09.2024,Monaragala,Gorosu,1600.0,1400.0
10.09.2024,Matara,M-4,3350.0,3317.0
10.09.2024,Matara,H-1,3300.0,3290.0
10.09.2024,Matara,H-2,3300.0,3221.0
10.09.2024,Matara,H-Faq,2950.0,2788.0
10.09.2024,Hambantota,C-5,3600.0,3550.0
10.09.2024,Hambantota,C-4,3450.0,3425.0
10.09.2024,Hambantota,H-1,3350.0,3325.0
10.09.2024,Hambantota,H-2,3300.0,3275.0
10.09.2024,Monaragala,H-1,2700.0,2600.0
10.09.2024,Monaragala,H-2,2400.0,2350.0
10.09.2024,Monaragala,Heen,1900.0,1850.0
10.09.2024,Matara,M-5,3400.0,3367.0
10.09.2024,Kalutara,M-5,2800.0,2790.0
10.09.2024,Kalutara,M-4,2600.0,2585.0
10.09.2024,Kalutara,C-5,3400.0,3385.0
10.09.2024,Ratnapura,Alba,4500.0,4500.0
10.09.2024,Ratnapura,C-5 Sp,4200.0,4000.0
10.09.2024,Ratnapura,C-5,3800.0,3600.0
10.09.2024,Ratnapura,C-4,3350.0,3300.0
10.09.2024,Ratnapura,H-1,3200.0,3000.0
10.09.2024,Ratnapura,H-2,3000.0,2800.0
10.09.2024,Badulla,C-5,3800.0,3800.0
10.09.2024,Badulla,C-4,3700.0,3700.0
10.09.2024,Badulla,H-1,3000.0,3000.0
10.09.2024,Badulla,H-2,2800.0,2800.0
10.09.2024,Badulla,Heen,2500.0,2416.0
10.09.2024,Badulla,Gorosu,2000.0,1583.0
10.09.2024,Kalutara,C-4,3200.0,3180.0
10.09.2024,Kurunegala,Gorosu,1500.0,1500.0
10.09.2024,Colombo,C-5 Sp,3700.0,3700.0
10.09.2024,Colombo,C-5,3500.0,3500.0
10.09.2024,Colombo,C-4,3300.0,3300.0
10.09.2024,Colombo,H-1,2700.0,2700.0
10.09.2024,Colombo,H-2,2600.0,2600.0
10.09.2024,Gampaha,C-5,3500.0,3450.0
10.09.2024,Gampaha,C-4,3300.0,3250.0
10.09.2024,Gampaha,Gorosu,2000.0,1800.0
10.09.2024,Kalutara,Alba,4200.0,4170.0
10.09.2024,Kalutara,C-5 Sp,3600.0,3565.0
10.09.2024,Kurunegala,Heen,1800.0,1800.0
18.09.2024,Matara,C-5,3600.0,3533.0
18.09.2024,Matara,C-5 Sp,3800.0,3717.0
18.09.2024,Matara,Alba,4500.0,4500.0
18.09.2024,Galle,H-2,3300.0,3200.0
18.09.2024,Galle,Alba,5000.0,4750.0
18.09.2024,Galle,C-4,3500.0,3450.0
18.09.2024,Galle,C-5,4000.0,3850.0
18.09.2024,Galle,C-5 Sp,4200.0,4000.0
18.09.2024,Matara,C-4,3500.0,3463.0
18.09.2024,Galle,H-1,3350.0,3300.0
18.09.2024,Matara,M-5,3450.0,3400.0
18.09.2024,Hambantota,C-4,3500.0,3475.0
18.09.2024,Matara,H-1,3350.0,3333.0
18.09.2024,Matara,H-2,3300.0,3263.0
18.09.2024,Matara,H-Faq,3000.0,2750.0
18.09.2024,Hambantota,C-5,3650.0,3625.0
18.09.2024,Hambantota,H-1,3400.0,3375.0
18.09.2024,Hambantota,H-2,3350.0,3325.0
18.09.2024,Monaragala,H-1,2600.0,2500.0
18.09.2024,Monaragala,H-2,2400.0,2350.0
18.09.2024,Monaragala,Heen,2000.0,1950.0
18.09.2024,Monaragala,Gorosu,1700.0,1600.0
18.09.2024,Kalutara,H-2,2200.0,2200.0
18.09.2024,Matara,M-4,3400.0,3350.0
18.09.2024,Kalutara,H-1,2400.0,2380.0
18.09.2024,Kalutara,M-4,2600.0,2584.0
18.09.2024,Kalutara,M-5,2800.0,2790.0
18.09.2024,Ratnapura,Alba,4500.0,4500.0
18.09.2024,Ratnapura,C-5 Sp,4100.0,4000.0
18.09.2024,Ratnapura,C-5,3800.0,3700.0
18.09.2024,Ratnapura,C-4,3400.0,3350.0
18.09.2024,Ratnapura,H-1,3200.0,3000.0
18.09.2024,Ratnapura,H-2,3000.0,2800.0
18.09.2024,Badulla,C-4,3500.0,3500.0
18.09.2024,Badulla,Heen,2500.0,2416.0
18.09.2024,Badulla,Gorosu,2000.0,1766.0
18.09.2024,Kurunegala,Heen,2800.0,2800.0
18.09.2024,Kurunegala,Gorosu,1900.0,1900.0
18.09.2024,Badulla,C-5,3800.0,3800.0
18.09.2024,Colombo,C-5,3600.0,3600.0
18.09.2024,Colombo,C-5 Sp,3800.0,3800.0
18.09.2024,Kalutara,C-5,3400.0,3385.0
18.09.2024,Kalutara,C-5 Sp,3600.0,3565.0
18.09.2024,Kalutara,Alba,4200.0,4170.0
18.09.2024,Gampaha,Gorosu,2000.0,1800.0
18.09.2024,Kalutara,C-4,3200.0,3180.0
18.09.2024,Gampaha,C-5,3500.0,3450.0
18.09.2024,Colombo,H-2,2700.0,2700.0
18.09.2024,Colombo,H-1,2800.0,2800.0
18.09.2024,Colombo,C-4,3500.0,3500.0
18.09.2024,Gampaha,C-4,3300.0,3250.0
24.09.2024,Matara,C-4,3500.0,3469.0
24.09.2024,Matara,C-5,3700.0,3570.0
24.09.2024,Matara,C-5 Sp,4000.0,3800.0
24.09.2024,Matara,Alba,4500.0,4500.0
24.09.2024,Galle,H-2,3300.0,3275.0
24.09.2024,Galle,C-5,3900.0,3750.0
24.09.2024,Galle,C-4,3500.0,3450.0
24.09.2024,Galle,C-5 Sp,4200.0,4000.0
24.09.2024,Galle,Alba,4800.0,4700.0
24.09.2024,Kalutara,H-2,2200.0,2200.0
24.09.2024,Galle,H-1,3400.0,3325.0
24.09.2024,Matara,M-5,3450.0,3450.0
24.09.2024,Monaragala,Gorosu,1700.0,1650.0
24.09.2024,Matara,H-1,3425.0,3375.0
24.09.2024,Matara,H-2,3400.0,3281.0
24.09.2024,Matara,H-Faq,3000.0,2920.0
24.09.2024,Hambantota,C-5,3650.0,3625.0
24.09.2024,Hambantota,C-4,3500.0,3475.0
24.09.2024,Hambantota,H-1,3400.0,3400.0
24.09.2024,Hambantota,H-2,3350.0,3350.0
24.09.2024,Monaragala,H-1,3000.0,2900.0
24.09.2024,Monaragala,H-2,2800.0,2600.0
24.09.2024,Monaragala,Heen,2000.0,1900.0
24.09.2024,Kalutara,H-1,2400.0,2380.0
24.09.2024,Matara,M-4,3450.0,3375.0
24.09.2024,Kalutara,M-5,2800.0,2790.0
24.09.2024,Kalutara,M-4,2600.0,2585.0
24.09.2024,Kalutara,C-4,3200.0,3180.0
24.09.2024,Ratnapura,Alba,4600.0,4500.0
24.09.2024,Ratnapura,C-5 Sp,3800.0,3700.0
24.09.2024,Ratnapura,C-5,3600.0,3500.0
24.09.2024,Ratnapura,C-4,3450.0,3400.0
24.09.2024,Ratnapura,H-1,3350.0,3500.0
24.09.2024,Ratnapura,H-2,3100.0,3000.0
24.09.2024,Badulla,C-5,3800.0,3800.0
24.09.2024,Badulla,H-1,3000.0,3000.0
24.09.2024,Badulla,H-2,2800.0,2800.0
24.09.2024,Badulla,Heen,2500.0,2410.0
24.09.2024,Badulla,Gorosu,2100.0,2016.0
24.09.2024,Kurunegala,Heen,2500.0,2500.0
24.09.2024,Badulla,C-4,3500.0,3500.0
24.09.2024,Colombo,C-5 Sp,3700.0,3700.0
24.09.2024,Kurunegala,Gorosu,1800.0,1800.0
24.09.2024,Kalutara,C-5 Sp,3600.0,3565.0
24.09.2024,Kalutara,Alba,4200.0,4170.0
24.09.2024,Gampaha,Gorosu,2000.0,2000.0
24.09.2024,Gampaha,C-4,3300.0,3250.0
24.09.2024,Kalutara,C-5,3400.0,3385.0
24.09.2024,Colombo,H-2,2600.0,2600.0
24.09.2024,Colombo,H-1,2700.0,2700.0
24.09.2024,Colombo,C-4,3500.0,3500.0
24.09.2024,Colombo,C-5,3600.0,3600.0
24.09.2024,Gampaha,C-5,3500.0,3450.0
01.10.2024,Matara,C-5 Sp,3800.0,3750.0
01.10.2024,Matara,Alba,4600.0,4525.0
01.10.2024,Galle,H-2,3350.0,3325.0
01.10.2024,Galle,H-1,3475.0,3463.0
01.10.2024,Galle,C-4,3550.0,3525.0
01.10.2024,Galle,C-5 Sp,4100.0,4000.0
01.10.2024,Galle,Alba,4500.0,4500.0
01.10.2024,Kalutara,H-2,2200.0,2200.0
01.10.2024,Kalutara,H-1,2400.0,2380.0
01.10.2024,Matara,C-5,3700.0,3633.0
01.10.2024,Galle,C-5,3750.0,3725.0
01.10.2024,Matara,C-4,3600.0,3544.0
01.10.2024,Kalutara,M-5,2800.0,2790.0
01.10.2024,Matara,M-4,3500.0,3467.0
01.10.2024,Matara,H-1,3450.0,3430.0
01.10.2024,Matara,H-2,3400.0,3319.0
01.10.2024,Matara,H-Faq,3100.0,2950.0
01.10.2024,Hambantota,C-5,3700.0,3700.0
01.10.2024,Hambantota,C-4,3600.0,3575.0
01.10.2024,Hambantota,H-1,3500.0,3475.0
01.10.2024,Hambantota,H-2,3450.0,3425.0
01.10.2024,Monaragala,H-1,2800.0,2700.0
01.10.2024,Monaragala,H-2,2600.0,2500.0
01.10.2024,Monaragala,Heen,2000.0,1900.0
01.10.2024,Kalutara,M-4,2600.0,2585.0
01.10.2024,Matara,M-5,3550.0,3500.0
01.10.2024,Monaragala,Gorosu,1700.0,1650.0
01.10.2024,Gampaha,C-5,3500.0,3450.0
01.10.2024,Kalutara,C-5,3400.0,3385.0
01.10.2024,Ratnapura,Alba,4600.0,4500.0
01.10.2024,Ratnapura,C-5 Sp,3750.0,3700.0
01.10.2024,Ratnapura,C-5,3600.0,3550.0
01.10.2024,Ratnapura,C-4,3500.0,3450.0
01.10.2024,Ratnapura,H-1,3400.0,3300.0
01.10.2024,Ratnapura,H-2,3200.0,3000.0
01.10.2024,Kalutara,C-4,3200.0,3180.0
01.10.2024,Badulla,C-4,3800.0,3800.0
01.10.2024,Badulla,H-1,3500.0,3500.0
01.10.2024,Badulla,H-2,3000.0,3000.0
01.10.2024,Badulla,Heen,2500.0,2416.0
01.10.2024,Badulla,Gorosu,2000.0,1825.0
01.10.2024,Badulla,C-5,4000.0,4000.0
01.10.2024,Kurunegala,Gorosu,1800.0,1800.0
01.10.2024,Colombo,C-5 Sp,3700.0,3700.0
01.10.2024,Colombo,C-5,3500.0,3500.0
01.10.2024,Colombo,C-4,3400.0,3400.0
01.10.2024,Colombo,H-1,2900.0,2900.0
01.10.2024,Colombo,H-2,2800.0,2800.0
01.10.2024,Gampaha,C-4,3300.0,3250.0
01.10.2024,Gampaha,Gorosu,2000.0,1800.0
01.10.2024,Kalutara,Alba,4200.0,4170.0
01.10.2024,Kalutara,C-5 Sp,3600.0,3565.0
01.10.2024,Kurunegala,Heen,2500.0,2500.0
15.10.2024,Matara,C-5,3700.0,3625.0
15.10.2024,Matara,C-5 Sp,3900.0,3800.0
15.10.2024,Matara,Alba,4600.0,4525.0
15.10.2024,Galle,H-2,3350.0,3275.0
15.10.2024,Galle,H-1,3500.0,3450.0
15.10.2024,Kalutara,H-2,2200.0,2200.0
15.10.2024,Galle,C-5,3800.0,3750.0
15.10.2024,Galle,C-5 Sp,4000.0,3925.0
15.10.2024,Galle,Alba,4900.0,4700.0
15.10.2024,Matara,C-4,3600.0,3550.0
15.10.2024,Galle,C-4,3600.0,3550.0
15.10.2024,Matara,M-5,3550.0,3517.0
15.10.2024,Kalutara,H-1,2400.0,2380.0
15.10.2024,Matara,H-1,3450.0,3450.0
15.10.2024,Matara,H-2,3420.0,3353.0
15.10.2024,Matara,H-Faq,3200.0,3075.0
15.10.2024,Hambantota,C-5,3700.0,3650.0
15.10.2024,Hambantota,C-4,3550.0,3525.0
15.10.2024,Hambantota,H-1,3450.0,3425.0
15.10.2024,Hambantota,H-2,3400.0,3350.0
15.10.2024,Monaragala,H-1,3000.0,2900.0
15.10.2024,Monaragala,H-2,2800.0,2600.0
15.10.2024,Monaragala,Heen,2000.0,1900.0
15.10.2024,Monaragala,Gorosu,1800.0,1700.0
15.10.2024,Matara,M-4,3500.0,3488.0
15.10.2024,Kalutara,M-4,2600.0,2585.0
15.10.2024,Ratnapura,Alba,4500.0,4500.0
15.10.2024,Kalutara,C-4,3200.0,3180.0
15.10.2024,Ratnapura,C-5 Sp,3750.0,3700.0
15.10.2024,Ratnapura,C-5,3600.0,3550.0
15.10.2024,Ratnapura,C-4,3500.0,3400.0
15.10.2024,Ratnapura,H-1,3350.0,3300.0
15.10.2024,Ratnapura,H-2,3200.0,3100.0
15.10.2024,Badulla,C-5,3800.0,3800.0
15.10.2024,Badulla,C-4,3500.0,3500.0
15.10.2024,Badulla,H-1,3000.0,3000.0
15.10.2024,Badulla,H-2,2800.0,2800.0
15.10.2024,Badulla,Heen,2500.0,2400.0
15.10.2024,Badulla,Gorosu,2000.0,1950.0
15.10.2024,Kurunegala,Heen,2500.0,2500.0
15.10.2024,Kalutara,M-5,2800.0,2790.0
15.10.2024,Colombo,C-5 Sp,3800.0,3800.0
15.10.2024,Colombo,C-5,3600.0,3600.0
15.10.2024,Colombo,C-4,3500.0,3500.0
15.10.2024,Colombo,H-1,2900.0,2900.0
15.10.2024,Colombo,H-2,2800.0,2800.0
15.10.2024,Gampaha,C-5,3600.0,3500.0
15.10.2024,Gampaha,C-4,3400.0,3300.0
15.10.2024,Gampaha,Gorosu,2200.0,2000.0
15.10.2024,Kalutara,Alba,4200.0,4170.0
15.10.2024,Kalutara,C-5 Sp,3600.0,3565.0
15.10.2024,Kalutara,C-5,3400.0,3385.0
15.10.2024,Kurunegala,Gorosu,2000.0,2000.0
22.10.2024,Matara,C-5 Sp,3900.0,3800.0
22.10.2024,Matara,Alba,4600.0,4550.0
22.10.2024,Galle,H-2,3300.0,3250.0
22.10.2024,Galle,H-1,3450.0,3375.0
22.10.2024,Kalutara,H-1,2400.0,2380.0
22.10.2024,Galle,C-5,3750.0,3725.0
22.10.2024,Galle,C-5 Sp,4200.0,4200.0
22.10.2024,Galle,Alba,5000.0,4800.0
22.10.2024,Kalutara,H-2,2200.0,2200.0
22.10.2024,Matara,C-5,3800.0,3675.0
22.10.2024,Galle,C-4,3650.0,3600.0
22.10.2024,Matara,C-4,3600.0,3756.0
22.10.2024,Hambantota,C-5,3700.0,3700.0
22.10.2024,Matara,M-4,3500.0,3500.0
22.10.2024,Matara,H-1,3500.0,3460.0
22.10.2024,Matara,H-2,3450.0,3388.0
22.10.2024,Matara,H-Faq,3250.0,3188.0
22.10.2024,Hambantota,C-4,3600.0,3600.0
22.10.2024,Hambantota,H-1,3500.0,3500.0
22.10.2024,Hambantota,H-2,3450.0,3425.0
22.10.2024,Monaragala,H-1,2800.0,2700.0
22.10.2024,Monaragala,H-2,2600.0,2400.0
22.10.2024,Monaragala,Heen,1900.0,1850.0
22.10.2024,Kalutara,M-4,2600.0,2585.0
22.10.2024,Matara,M-5,3550.0,3550.0
22.10.2024,Kalutara,M-5,2800.0,2790.0
22.10.2024,Monaragala,Gorosu,1700.0,1500.0
22.10.2024,Kalutara,C-5,3400.0,3395.0
22.10.2024,Ratnapura,Alba,4600.0,4500.0
22.10.2024,Ratnapura,C-5 Sp,3800.0,3800.0
22.10.2024,Ratnapura,C-5,3650.0,3550.0
22.10.2024,Ratnapura,C-4,3500.0,3400.0
22.10.2024,Ratnapura,H-1,3350.0,3300.0
22.10.2024,Ratnapura,H-2,3250.0,3100.0
22.10.2024,Badulla,C-5,3800.0,3800.0
22.10.2024,Badulla,C-4,3500.0,3500.0
22.10.2024,Badulla,H-1,3000.0,3000.0
22.10.2024,Badulla,H-2,2800.0,2800.0
22.10.2024,Badulla,Heen,2700.0,2467.0
22.10.2024,Badulla,Gorosu,1000.0,967.0
22.10.2024,Kalutara,C-4,3200.0,3190.0
22.10.2024,Kurunegala,Gorosu,2000.0,2000.0
22.10.2024,Colombo,C-5 Sp,3800.0,3800.0
22.10.2024,Colombo,C-5,3650.0,3650.0
22.10.2024,Colombo,C-4,3500.0,3500.0
22.10.2024,Colombo,H-1,2800.0,2800.0
22.10.2024,Colombo,H-2,2700.0,2700.0
22.10.2024,Gampaha,C-5,3600.0,3500.0
22.10.2024,Gampaha,C-4,3400.0,3300.0
22.10.2024,Gampaha,Gorosu,2200.0,2000.0
22.10.2024,Kalutara,Alba,4200.0,4170.0
22.10.2024,Kalutara,C-5 Sp,3600.0,3565.0
22.10.2024,Kurunegala,Heen,2500.0,2500.0
29.10.2024,Matara,C-5 Sp,3800.0,3767.0
29.10.2024,Matara,Alba,4500.0,4500.0
29.10.2024,Galle,H-2,3350.0,3300.0
29.10.2024,Galle,H-1,3500.0,3475.0
29.10.2024,Kalutara,H-1,2400.0,2380.0
29.10.2024,Galle,C-5,3800.0,3750.0
29.10.2024,Galle,C-5 Sp,4200.0,4050.0
29.10.2024,Galle,Alba,4800.0,4650.0
29.10.2024,Kalutara,H-2,2200.0,2200.0
29.10.2024,Matara,C-5,3700.0,3660.0
29.10.2024,Galle,C-4,3600.0,3600.0
29.10.2024,Matara,C-4,3600.0,3550.0
29.10.2024,Hambantota,C-5,3700.0,3700.0
29.10.2024,Matara,M-4,3500.0,3495.0
29.10.2024,Matara,H-1,3500.0,3463.0
29.10.2024,Matara,H-2,3470.0,3396.0
29.10.2024,Matara,H-Faq,3200.0,3100.0
29.10.2024,Hambantota,C-4,3600.0,3600.0
29.10.2024,Hambantota,H-1,3550.0,3525.0
29.10.2024,Hambantota,H-2,3450.0,3425.0
29.10.2024,Monaragala,H-1,3000.0,2800.0
29.10.2024,Monaragala,H-2,2700.0,2600.0
29.10.2024,Monaragala,Heen,2000.0,1900.0
29.10.2024,Kalutara,M-4,2600.0,2585.0
29.10.2024,Matara,M-5,3550.0,3517.0
29.10.2024,Monaragala,Gorosu,1700.0,1600.0
29.10.2024,Kalutara,M-5,2800.0,2790.0
29.10.2024,Kalutara,C-5,3400.0,3385.0
29.10.2024,Kalutara,C-4,3200.0,3180.0
29.10.2024,Ratnapura,Alba,4600.0,4500.0
29.10.2024,Ratnapura,C-5 Sp,3900.0,3800.0
29.10.2024,Ratnapura,C-5,3700.0,3600.0
29.10.2024,Ratnapura,C-4,3550.0,3400.0
29.10.2024,Ratnapura,H-1,3350.0,3300.0
29.10.2024,Ratnapura,H-2,3250.0,3100.0
29.10.2024,Badulla,C-4,3500.0,3500.0
29.10.2024,Badulla,H-1,3000.0,3000.0
29.10.2024,Badulla,H-2,2800.0,2800.0
29.10.2024,Badulla,Heen,2600.0,2425.0
29.10.2024,Badulla,Gorosu,2300.0,1625.0
29.10.2024,Badulla,C-5,3800.0,3800.0
29.10.2024,Kurunegala,Gorosu,2000.0,2000.0
29.10.2024,Kurunegala,Heen,2500.0,2500.0
29.10.2024,Kalutara,Alba,4200.0,4180.0
29.10.2024,Gampaha,Gorosu,2400.0,2200.0
29.10.2024,Gampaha,C-4,3500.0,3400.0
29.10.2024,Gampaha,Alba,3600.0,3500.0
29.10.2024,Kalutara,C-5 Sp,3600.0,3570.0
29.10.2024,Colombo,H-1,3100.0,3100.0
29.10.2024,Colombo,C-4,3500.0,3500.0
29.10.2024,Colombo,C-5,3600.0,3600.0
29.10.2024,Colombo,C-5 Sp,3900.0,3900.0
29.10.2024,Colombo,H-2,3000.0,3000.0
05.11.2024,Matara,C-5 Sp,3900.0,3833.0
05.11.2024,Matara,Alba,4500.0,4500.0
05.11.2024,Galle,H-2,3400.0,3325.0
05.11.2024,Galle,H-1,3550.0,3500.0
05.11.2024,Galle,C-4,3650.0,3625.0
05.11.2024,Galle,C-5 Sp,4500.0,4200.0
05.11.2024,Monaragala,Gorosu,1800.0,1700.0
05.11.2024,Kalutara,H-2,2200.0,2200.0
05.11.2024,Kalutara,H-1,2400.0,2380.0
05.11.2024,Matara,C-5,3700.0,3688.0
05.11.2024,Galle,C-5,3800.0,3750.0
05.11.2024,Matara,C-4,3680.0,3564.0
05.11.2024,Kalutara,M-4,2600.0,2585.0
05.11.2024,Matara,M-4,3500.0,3500.0
05.11.2024,Matara,H-1,3500.0,3454.0
05.11.2024,Matara,H-2,3400.0,3394.0
05.11.2024,Matara,H-Faq,3300.0,3080.0
05.11.2024,Hambantota,C-5,3700.0,3700.0
05.11.2024,Hambantota,C-4,3650.0,3650.0
05.11.2024,Hambantota,H-1,3550.0,3525.0
05.11.2024,Hambantota,H-2,3500.0,3475.0
05.11.2024,Monaragala,H-1,3000.0,2900.0
05.11.2024,Monaragala,H-2,2800.0,2700.0
05.11.2024,Monaragala,Heen,2000.0,1900.0
05.11.2024,Matara,M-5,3550.0,3550.0
05.11.2024,Kalutara,M-5,2800.0,2780.0
05.11.2024,Galle,Alba,5000.0,4750.0
05.11.2024,Kalutara,C-5,3400.0,3385.0
05.11.2024,Ratnapura,Alba,4500.0,4500.0
05.11.2024,Ratnapura,C-5 Sp,4000.0,3900.0
05.11.2024,Ratnapura,C-5,3800.0,3700.0
05.11.2024,Ratnapura,C-4,3600.0,3450.0
05.11.2024,Ratnapura,H-1,3400.0,3300.0
05.11.2024,Ratnapura,H-2,3250.0,3200.0
05.11.2024,Badulla,C-5,3800.0,3800.0
05.11.2024,Badulla,C-4,3500.0,3500.0
05.11.2024,Badulla,H-1,3000.0,3000.0
05.11.2024,Badulla,H-2,2800.0,2800.0
05.11.2024,Badulla,Heen,2500.0,2275.0
05.11.2024,Badulla,Gorosu,2000.0,1900.0
05.11.2024,Kalutara,C-4,3200.0,3180.0
05.11.2024,Kurunegala,Gorosu,1500.0,1500.0
05.11.2024,Colombo,C-5 Sp,3900.0,3900.0
05.11.2024,Colombo,C-5,3700.0,3700.0
05.11.2024,Colombo,C-4,3500.0,3500.0
05.11.2024,Colombo,H-1,3100.0,3100.0
05.11.2024,Colombo,H-2,3000.0,3000.0
05.11.2024,Gampaha,C-5,3600.0,3500.0
05.11.2024,Gampaha,C-4,3500.0,3400.0
05.11.2024,Gampaha,Gorosu,2400.0,2200.0
05.11.2024,Kalutara,Alba,4200.0,4180.0
05.11.2024,Kalutara,C-5 Sp,3600.0,3570.0
05.11.2024,Kurunegala,Heen,2000.0,2000.0
12.11.2024,Matara,C-5 Sp,3900.0,3817.0
12.11.2024,Matara,Alba,4600.0,4525.0
12.11.2024,Galle,H-2,3400.0,3350.0
12.11.2024,Galle,H-1,3550.0,3500.0
12.11.2024,Kalutara,H-1,2500.0,2495.0
12.11.2024,Galle,C-5,3900.0,3800.0
12.11.2024,Galle,C-5 Sp,4500.0,4200.0
12.11.2024,Galle,Alba,5000.0,4750.0
12.11.2024,Kalutara,H-2,2300.0,2300.0
12.11.2024,Matara,C-5,3800.0,3733.0
12.11.2024,Galle,C-4,3700.0,3650.0
12.11.2024,Matara,C-4,3700.0,3621.0
12.11.2024,Hambantota,C-5,3700.0,3700.0
12.11.2024,Matara,M-4,3550.0,3533.0
12.11.2024,Matara,H-1,3520.0,3504.0
12.11.2024,Matara,H-2,3500.0,3443.0
12.11.2024,Matara,H-Faq,3250.0,3110.0
12.11.2024,Hambantota,C-4,3650.0,3650.0
12.11.2024,Hambantota,H-1,3550.0,3525.0
12.11.2024,Hambantota,H-2,3500.0,3475.0
12.11.2024,Monaragala,H-1,3200.0,3066.0
12.11.2024,Monaragala,H-2,3000.0,2900.0
12.11.2024,Monaragala,Heen,2200.0,2000.0
12.11.2024,Kalutara,M-4,3000.0,2970.0
12.11.2024,Matara,M-5,3600.0,3593.0
12.11.2024,Kalutara,M-5,3100.0,3065.0
12.11.2024,Monaragala,Gorosu,1900.0,1850.0
12.11.2024,Kalutara,C-5,3700.0,3695.0
12.11.2024,Ratnapura,Alba,4600.0,4500.0
12.11.2024,Ratnapura,C-5 Sp,3850.0,3800.0
12.11.2024,Ratnapura,C-5,3750.0,3700.0
12.11.2024,Ratnapura,C-4,3600.0,3550.0
12.11.2024,Ratnapura,H-1,3450.0,3400.0
12.11.2024,Ratnapura,H-2,3300.0,3200.0
12.11.2024,Badulla,C-5,3800.0,3800.0
12.11.2024,Badulla,C-4,3600.0,3600.0
12.11.2024,Badulla,H-1,3000.0,3000.0
12.11.2024,Badulla,H-2,2800.0,2800.0
12.11.2024,Badulla,Heen,2500.0,2350.0
12.11.2024,Badulla,Gorosu,2000.0,1933.0
12.11.2024,Kalutara,C-4,3500.0,3490.0
12.11.2024,Kurunegala,Gorosu,1500.0,1500.0
12.11.2024,Colombo,C-5 Sp,4000.0,4000.0
12.11.2024,Colombo,C-5,3800.0,3800.0
12.11.2024,Colombo,C-4,3500.0,3500.0
12.11.2024,Colombo,H-1,3100.0,3100.0
12.11.2024,Colombo,H-2,3000.0,3000.0
12.11.2024,Gampaha,C-5,3750.0,3700.0
12.11.2024,Gampaha,C-4,3600.0,3550.0
12.11.2024,Gampaha,Gorosu,2400.0,2200.0
12.11.2024,Kalutara,Alba,4500.0,4470.0
12.11.2024,Kalutara,C-5 Sp,4100.0,4065.0
12.11.2024,Kurunegala,Heen,2000.0,2000.0
19.11.2024,Matara,C-5 Sp,3950.0,3883.0
19.11.2024,Matara,Alba,4500.0,4500.0
19.11.2024,Galle,H-2,3500.0,3375.0
19.11.2024,Galle,H-1,3600.0,3550.0
19.11.2024,Kalutara,H-1,2500.0,2495.0
19.11.2024,Galle,C-5,3800.0,3775.0
19.11.2024,Galle,C-5 Sp,4300.0,4100.0
19.11.2024,Galle,Alba,5000.0,4750.0
19.11.2024,Kalutara,H-2,2300.0,2300.0
19.11.2024,Matara,C-5,3800.0,3733.0
19.11.2024,Galle,C-4,3650.0,3650.0
19.11.2024,Matara,C-4,3700.0,3629.0
19.11.2024,Hambantota,C-5,3800.0,3775.0
19.11.2024,Matara,M-4,3600.0,3567.0
19.11.2024,Matara,H-1,3550.0,3530.0
19.11.2024,Matara,H-2,3500.0,3443.0
19.11.2024,Matara,H-Faq,3300.0,3180.0
19.11.2024,Hambantota,C-4,3650.0,3625.0
19.11.2024,Hambantota,H-1,3550.0,3525.0
19.11.2024,Hambantota,H-2,3500.0,3500.0
19.11.2024,Monaragala,H-1,3200.0,3100.0
19.11.2024,Monaragala,H-2,3000.0,2900.0
19.11.2024,Monaragala,Heen,2200.0,2100.0
19.11.2024,Kalutara,M-4,3000.0,2970.0
19.11.2024,Matara,M-5,3680.0,3600.0
19.11.2024,Monaragala,Gorosu,1900.0,1850.0
19.11.2024,Kalutara,M-5,3100.0,3065.0
19.11.2024,Kalutara,C-5,3700.0,3695.0
19.11.2024,Kalutara,C-4,3500.0,3490.0
19.11.2024,Ratnapura,Alba,4600.0,4500.0
19.11.2024,Ratnapura,C-5 Sp,3850.0,3750.0
19.11.2024,Ratnapura,C-5,3700.0,3650.0
19.11.2024,Ratnapura,C-4,3600.0,3500.0
19.11.2024,Ratnapura,H-1,3450.0,3350.0
19.11.2024,Ratnapura,H-2,3300.0,3200.0
19.11.2024,Badulla,C-4,3600.0,3600.0
19.11.2024,Badulla,H-1,3000.0,3000.0
19.11.2024,Badulla,H-2,2800.0,2800.0
19.11.2024,Badulla,Heen,2500.0,2350.0
19.11.2024,Badulla,Gorosu,2000.0,1966.0
19.11.2024,Badulla,C-5,3800.0,3800.0
19.11.2024,Kurunegala,Gorosu,1500.0,1500.0
19.11.2024,Kurunegala,Heen,2000.0,2000.0
19.11.2024,Kalutara,Alba,4500.0,4470.0
19.11.2024,Gampaha,Gorosu,2400.0,2200.0
19.11.2024,Gampaha,C-4,3600.0,3550.0
19.11.2024,Gampaha,C-5,3750.0,3700.0
19.11.2024,Kalutara,C-5 Sp,4100.0,4065.0
19.11.2024,Colombo,H-1,3200.0,3200.0
19.11.2024,Colombo,C-4,3500.0,3500.0
19.11.2024,Colombo,C-5,3700.0,3700.0
19.11.2024,Colombo,C-5 Sp,4000.0,4000.0
19.11.2024,Colombo,H-2,3100.0,3100.0
26.11.2024,Matara,C-5 Sp,4100.0,3933.0
26.11.2024,Matara,Alba,4600.0,4525.0
26.11.2024,Galle,H-2,3500.0,3425.0
26.11.2024,Galle,H-1,3600.0,3575.0
26.11.2024,Galle,C-4,3700.0,3700.0
26.11.2024,Galle,C-5 Sp,4100.0,4050.0
26.11.2024,Galle,Alba,4800.0,4700.0
26.11.2024,Kalutara,H-2,2300.0,2300.0
26.11.2024,Kalutara,H-1,2500.0,2495.0
26.11.2024,Matara,C-5,3750.0,3710.0
26.11.2024,Galle,C-5,3800.0,3800.0
26.11.2024,Matara,C-4,3700.0,3666.0
26.11.2024,Kalutara,M-4,3000.0,2970.0
26.11.2024,Matara,M-4,3500.0,3500.0
26.11.2024,Matara,H-1,3500.0,3475.0
26.11.2024,Matara,H-2,3450.0,3442.0
26.11.2024,Matara,H-Faq,3300.0,3160.0
26.11.2024,Hambantota,C-5,3800.0,3775.0
26.11.2024,Hambantota,C-4,3650.0,3625.0
26.11.2024,Hambantota,H-1,3550.0,3550.0
26.11.2024,Hambantota,H-2,3500.0,3500.0
26.11.2024,Monaragala,H-1,3000.0,2900.0
26.11.2024,Monaragala,Heen,2000.0,1900.0
26.11.2024,Monaragala,Gorosu,1800.0,1700.0
26.11.2024,Matara,M-5,3600.0,3583.0
26.11.2024,Kalutara,M-5,3100.0,3065.0
26.11.2024,Monaragala,H-2,2800.0,2600.0
26.11.2024,Kalutara,C-5,3700.0,3695.0
26.11.2024,Ratnapura,C-5 Sp,3900.0,3850.0
26.11.2024,Ratnapura,C-5,3800.0,3700.0
26.11.2024,Ratnapura,C-4,3650.0,3600.0
26.11.2024,Ratnapura,H-1,3500.0,3400.0
26.11.2024,Ratnapura,H-2,3350.0,3250.0
26.11.2024,Badulla,C-5,3800.0,3800.0
26.11.2024,Badulla,C-4,3500.0,3500.0
26.11.2024,Badulla,H-1,3000.0,3000.0
26.11.2024,Badulla,H-2,2800.0,2800.0
26.11.2024,Badulla,Heen,2500.0,2350.0
26.11.2024,Badulla,Gorosu,2000.0,2000.0
26.11.2024,Ratnapura,Alba,4600.0,4500.0
26.11.2024,Kurunegala,Gorosu,1500.0,1500.0
26.11.2024,Kurunegala,Heen,2000.0,2000.0
26.11.2024,Kalutara,C-5 Sp,4100.0,4065.0
26.11.2024,Kalutara,Alba,4500.0,4470.0
26.11.2024,Gampaha,Gorosu,2400.0,2200.0
26.11.2024,Gampaha,C-4,3600.0,3550.0
26.11.2024,Kalutara,C-4,3500.0,3490.0
26.11.2024,Colombo,H-2,3100.0,3100.0
26.11.2024,Colombo,H-1,3200.0,3200.0
26.11.2024,Colombo,C-4,3600.0,3600.0
26.11.2024,Gampaha,C-5,3750.0,3700.0
26.11.2024,Colombo,C-5,3700.0,3700.0
26.11.2024,Colombo,C-5 Sp,4000.0,4000.0
03.12.2024,Matara,C-5 Sp,3900.0,3850.0
03.12.2024,Matara,Alba,4600.0,4525.0
03.12.2024,Galle,H-2,3550.0,3425.0
03.12.2024,Galle,H-1,3600.0,3550.0
03.12.2024,Galle,C-5,3900.0,3850.0
03.12.2024,Matara,C-5,3850.0,3770.0
03.12.2024,Galle,C-5 Sp,4300.0,4300.0
03.12.2024,Galle,Alba,5000.0,4750.0
03.12.2024,Kalutara,H-2,2300.0,2300.0
03.12.2024,Kalutara,H-1,2500.0,2495.0
03.12.2024,Galle,C-4,3750.0,3725.0
03.12.2024,Matara,C-4,3750.0,3700.0
03.12.2024,Matara,H-1,3600.0,3557.0
03.12.2024,Matara,M-4,3650.0,3583.0
03.12.2024,Matara,H-2,3550.0,3442.0
03.12.2024,Matara,H-Faq,3300.0,3300.0
03.12.2024,Hambantota,C-4,3750.0,3725.0
03.12.2024,Hambantota,H-1,3600.0,3600.0
03.12.2024,Hambantota,H-2,3550.0,3525.0
03.12.2024,Monaragala,H-1,3500.0,3400.0
03.12.2024,Monaragala,H-2,3300.0,3150.0
03.12.2024,Monaragala,Heen,2000.0,1900.0
03.12.2024,Kalutara,M-4,3000.0,2970.0
03.12.2024,Monaragala,Gorosu,1800.0,1700.0
03.12.2024,Matara,M-5,3700.0,3650.0
03.12.2024,Hambantota,C-5,3900.0,3850.0
03.12.2024,Kalutara,M-5,3100.0,3065.0
03.12.2024,Kalutara,C-5,3700.0,3695.0
03.12.2024,Kalutara,C-4,3500.0,3490.0
03.12.2024,Ratnapura,Alba,4600.0,4500.0
03.12.2024,Ratnapura,C-5 Sp,3850.0,3800.0
03.12.2024,Ratnapura,C-5,3750.0,3700.0
03.12.2024,Ratnapura,C-4,3650.0,3600.0
03.12.2024,Ratnapura,H-1,3550.0,3400.0
03.12.2024,Ratnapura,H-2,3350.0,3250.0
03.12.2024,Badulla,C-4,3600.0,3600.0
03.12.2024,Badulla,H-1,3000.0,3000.0
03.12.2024,Badulla,H-2,2800.0,2800.0
03.12.2024,Badulla,Heen,2500.0,2225.0
03.12.2024,Badulla,Gorosu,2000.0,1750.0
03.12.2024,Badulla,C-5,3800.0,3800.0
03.12.2024,Kurunegala,Gorosu,1500.0,1500.0
03.12.2024,Kurunegala,Heen,2000.0,2000.0
03.12.2024,Kalutara,Alba,4500.0,4470.0
03.12.2024,Gampaha,Gorosu,2400.0,2200.0
03.12.2024,Gampaha,C-4,3600.0,3550.0
03.12.2024,Gampaha,C-5,3750.0,3700.0
03.12.2024,Kalutara,C-5 Sp,4100.0,4065.0
03.12.2024,Colombo,H-1,3300.0,3300.0
03.12.2024,Colombo,C-4,3600.0,3600.0
03.12.2024,Colombo,C-5,3700.0,3700.0
03.12.2024,Colombo,C-5 Sp,3900.0,3900.0
03.12.2024,Colombo,H-2,3200.0,3200.0
10.12.2024,Matara,C-5 Sp,4000.0,3900.0
10.12.2024,Matara,Alba,4600.0,4525.0
10.12.2024,Galle,H-2,3550.0,3425.0
10.12.2024,Galle,H-1,3650.0,3625.0
10.12.2024,Galle,C-4,3760.0,3755.0
10.12.2024,Galle,C-5 Sp,4000.0,4000.0
10.12.2024,Galle,Alba,5000.0,4950.0
10.12.2024,Kalutara,H-2,2300.0,2300.0
10.12.2024,Kalutara,H-1,2500.0,2495.0
10.12.2024,Matara,C-5,3850.0,3790.0
10.12.2024,Galle,C-5,3900.0,3875.0
10.12.2024,Matara,C-4,3750.0,3707.0
10.12.2024,Monaragala,Gorosu,2000.0,2000.0
10.12.2024,Matara,M-4,3600.0,3600.0
10.12.2024,Matara,H-1,3650.0,3600.0
10.12.2024,Matara,H-2,3600.0,3543.0
10.12.2024,Matara,H-Faq,3400.0,3175.0
10.12.2024,Hambantota,C-5,4200.0,4000.0
10.12.2024,Hambantota,C-4,3800.0,3760.0
10.12.2024,Hambantota,H-1,3650.0,3625.0
10.12.2024,Hambantota,H-2,3600.0,3575.0
10.12.2024,Monaragala,H-1,3500.0,3500.0
10.12.2024,Monaragala,H-2,3300.0,3250.0
10.12.2024,Monaragala,Heen,2200.0,2150.0
10.12.2024,Matara,M-5,3650.0,3633.0
10.12.2024,Kalutara,M-4,3000.0,2970.0
10.12.2024,Kalutara,C-5,3700.0,3695.0
10.12.2024,Kalutara,C-4,3500.0,3490.0
10.12.2024,Ratnapura,Alba,4500.0,4500.0
10.12.2024,Ratnapura,C-5 Sp,3850.0,3800.0
10.12.2024,Ratnapura,C-5,3750.0,3700.0
10.12.2024,Ratnapura,C-4,3650.0,3600.0
10.12.2024,Ratnapura,H-1,3500.0,3450.0
10.12.2024,Ratnapura,H-2,3400.0,3300.0
10.12.2024,Badulla,C-5,3800.0,3800.0
10.12.2024,Badulla,C-4,3000.0,3000.0
10.12.2024,Badulla,H-1,3000.0,3000.0
10.12.2024,Badulla,H-2,2800.0,2800.0
10.12.2024,Badulla,Heen,2700.0,2350.0
10.12.2024,Badulla,Gorosu,2000.0,1650.0
10.12.2024,Kalutara,M-5,3100.0,3065.0
10.12.2024,Kurunegala,Gorosu,1500.0,1500.0
10.12.2024,Colombo,C-5 Sp,3900.0,3900.0
10.12.2024,Colombo,C-5,3750.0,3750.0
10.12.2024,Colombo,C-4,3600.0,3600.0
10.12.2024,Colombo,H-1,3200.0,3200.0
10.12.2024,Colombo,H-2,3100.0,3100.0
10.12.2024,Gampaha,C-5,3750.0,3700.0
10.12.2024,Gampaha,C-4,3600.0,3550.0
10.12.2024,Gampaha,Gorosu,2400.0,2200.0
10.12.2024,Kalutara,Alba,4500.0,4470.0
10.12.2024,Kalutara,C-5 Sp,4100.0,4064.0
10.12.2024,Kurunegala,Heen,2000.0,2000.0
17.12.2024,Matara,C-5 Sp,4000.0,3900.0
17.12.2024,Matara,Alba,4600.0,4550.0
17.12.2024,Galle,H-2,3550.0,3425.0
17.12.2024,Galle,H-1,3600.0,3600.0
17.12.2024,Kalutara,H-2,2300.0,2300.0
17.12.2024,Galle,C-5,4000.0,3900.0
17.12.2024,Galle,C-5 Sp,4500.0,4225.0
17.12.2024,Galle,Alba,5200.0,4850.0
17.12.2024,Matara,C-5,3900.0,3810.0
17.12.2024,Galle,C-4,3950.0,3825.0
17.12.2024,Matara,C-4,3800.0,3744.0
17.12.2024,Hambantota,C-5,4000.0,3925.0
17.12.2024,Matara,M-4,3700.0,3675.0
17.12.2024,Matara,H-1,3650.0,3610.0
17.12.2024,Matara,H-2,3600.0,3564.0
17.12.2024,Matara,H-Faq,3400.0,3300.0
17.12.2024,Hambantota,C-4,3850.0,3800.0
17.12.2024,Hambantota,H-1,3650.0,3650.0
17.12.2024,Hambantota,H-2,3600.0,3600.0
17.12.2024,Monaragala,H-1,3500.0,3400.0
17.12.2024,Monaragala,H-2,3300.0,3266.0
17.12.2024,Monaragala,Heen,2200.0,2140.0
17.12.2024,Kalutara,H-1,2500.0,2495.0
17.12.2024,Matara,M-5,3750.0,3687.0
17.12.2024,Monaragala,Gorosu,1900.0,1810.0
17.12.2024,Kalutara,M-5,3100.0,3065.0
17.12.2024,Kalutara,C-4,3500.0,3490.0
17.12.2024,Kalutara,M-4,3000.0,2970.0
17.12.2024,Badulla,C-5,3800.0,3800.0
17.12.2024,Badulla,C-4,3600.0,3600.0
17.12.2024,Badulla,H-1,3000.0,3000.0
17.12.2024,Badulla,H-2,2800.0,2800.0
17.12.2024,Badulla,Heen,2500.0,2450.0
17.12.2024,Badulla,Gorosu,2000.0,2000.0
17.12.2024,Kurunegala,Gorosu,1500.0,1500.0
17.12.2024,Colombo,C-5 Sp,4000.0,4000.0
17.12.2024,Colombo,C-5,3800.0,3800.0
17.12.2024,Colombo,C-4,3600.0,3600.0
17.12.2024,Kurunegala,Heen,2000.0,2000.0
17.12.2024,Colombo,H-2,3000.0,3000.0
17.12.2024,Colombo,H-1,3200.0,3200.0
17.12.2024,Kalutara,C-5 Sp,4100.0,4065.0
17.12.2024,Kalutara,Alba,4500.0,4470.0
17.12.2024,Gampaha,Gorosu,2100.0,1900.0
17.12.2024,Gampaha,H-2,3400.0,3350.0
17.12.2024,Kalutara,C-5,3700.0,3695.0
17.12.2024,Gampaha,C-4,3700.0,3650.0
17.12.2024,Gampaha,C-5,3900.0,3800.0
17.12.2024,Gampaha,C-5 Sp,4000.0,3950.0
17.12.2024,Gampaha,Alba,4600.0,4500.0
17.12.2024,Gampaha,H-1,3600.0,3500.0
24.12.2024,Matara,C-4,3800.0,3750.0
24.12.2024,Galle,Alba,5500.0,5000.0
24.12.2024,Galle,C-5 Sp,4000.0,3975.0
24.12.2024,Galle,C-5,3900.0,3875.0
24.12.2024,Galle,C-4,3800.0,3750.0
24.12.2024,Galle,H-1,3600.0,3600.0
24.12.2024,Galle,H-2,3500.0,3400.0
24.12.2024,Matara,Alba,4600.0,4525.0
24.12.2024,Matara,C-5 Sp,4200.0,4000.0
24.12.2024,Matara,C-5,4000.0,3883.0
24.12.2024,Matara,M-5,3750.0,3683.0
24.12.2024,Kalutara,H-2,2300.0,2300.0
24.12.2024,Matara,H-1,3650.0,3625.0
24.12.2024,Matara,H-2,3600.0,3542.0
24.12.2024,Matara,H-Faq,3400.0,3350.0
24.12.2024,Hambantota,C-5,4100.0,4050.0
24.12.2024,Hambantota,C-4,3950.0,3900.0
24.12.2024,Hambantota,H-1,3650.0,3650.0
24.12.2024,Hambantota,H-2,3600.0,3600.0
24.12.2024,Monaragala,H-1,3500.0,3500.0
24.12.2024,Monaragala,H-2,3300.0,3150.0
24.12.2024,Monaragala,Heen,2200.0,2100.0
24.12.2024,Matara,M-4,3700.0,3650.0
24.12.2024,Kalutara,H-1,2500.0,2495.0
24.12.2024,Monaragala,Gorosu,1900.0,1800.0
24.12.2024,Kalutara,M-5,3100.0,3065.0
24.12.2024,Kalutara,M-4,3000.0,2970.0
24.12.2024,Ratnapura,Alba,4500.0,4500.0
24.12.2024,Ratnapura,C-5 Sp,4000.0,3900.0
24.12.2024,Ratnapura,C-5,3850.0,3775.0
24.12.2024,Ratnapura,C-4,3750.0,3650.0
24.12.2024,Ratnapura,H-1,3600.0,3500.0
24.12.2024,Badulla,Heen,2800.0,2500.0
24.12.2024,Badulla,Gorosu,1200.0,1133.0
24.12.2024,Kurunegala,Heen,2000.0,2000.0
24.12.2024,Kurunegala,Gorosu,1500.0,1500.0
24.12.2024,Colombo,C-5 Sp,4000.0,4000.0
24.12.2024,Ratnapura,H-2,3450.0,3300.0
24.12.2024,Colombo,C-4,3600.0,3600.0
24.12.2024,Colombo,C-5,3800.0,3800.0
24.12.2024,Kalutara,C-5,3700.0,3695.0
24.12.2024,Kalutara,C-5 Sp,4100.0,4065.0
24.12.2024,Kalutara,Alba,4500.0,4480.0
24.12.2024,Gampaha,Gorosu,2100.0,1900.0
24.12.2024,Kalutara,C-4,3500.0,3490.0
24.12.2024,Gampaha,C-5,3800.0,3700.0
24.12.2024,Colombo,H-2,3400.0,3400.0
24.12.2024,Colombo,H-1,3500.0,3500.0
24.12.2024,Gampaha,C-4,3600.0,3550.0
31.12.2024,Matara,C-5,4000.0,3830.0
31.12.2024,Kalutara,H-1,2500.0,2495.0
31.12.2024,Kalutara,H-2,2300.0,2300.0
31.12.2024,Galle,Alba,5500.0,5050.0
31.12.2024,Galle,C-5 Sp,4500.0,4300.0
31.12.2024,Galle,C-5,4000.0,3975.0
31.12.2024,Galle,C-4,3850.0,3825.0
31.12.2024,Galle,H-1,3600.0,3600.0
31.12.2024,Galle,H-2,3550.0,3500.0
31.12.2024,Matara,Alba,4600.0,4525.0
31.12.2024,Matara,C-5 Sp,4200.0,4050.0
31.12.2024,Matara,C-4,3800.0,3731.0
31.12.2024,Monaragala,Heen,2200.0,2100.0
31.12.2024,Matara,M-4,3700.0,3675.0
31.12.2024,Matara,H-1,3650.0,3620.0
31.12.2024,Matara,H-2,3600.0,3571.0
31.12.2024,Matara,H-Faq,3300.0,3233.0
31.12.2024,Hambantota,C-5,4000.0,3975.0
31.12.2024,Hambantota,C-4,3850.0,3825.0
31.12.2024,Hambantota,H-1,3650.0,3650.0
31.12.2024,Hambantota,H-2,3600.0,3600.0
31.12.2024,Monaragala,H-1,3500.0,3450.0
31.12.2024,Monaragala,H-2,3300.0,3250.0
31.12.2024,Monaragala,Gorosu,1900.0,1830.0
31.12.2024,Matara,M-5,3750.0,3688.0
31.12.2024,Kalutara,M-5,3100.0,3065.0
31.12.2024,Kalutara,M-4,3000.0,2970.0
31.12.2024,Kalutara,C-5,3700.0,3695.0
31.12.2024,Kalutara,C-4,3500.0,3490.0
31.12.2024,Ratnapura,Alba,4500.0,4500.0
31.12.2024,Ratnapura,C-5 Sp,4000.0,3900.0
31.12.2024,Ratnapura,C-5,3850.0,3770.0
31.12.2024,Ratnapura,C-4,3750.0,3650.0
31.12.2024,Ratnapura,H-1,3600.0,3500.0
31.12.2024,Ratnapura,H-2,3450.0,3300.0
31.12.2024,Badulla,C-4,3600.0,3600.0
31.12.2024,Badulla,H-1,3000.0,3000.0
31.12.2024,Badulla,H-2,2800.0,2800.0
31.12.2024,Badulla,Heen,2600.0,2533.0
31.12.2024,Badulla,Gorosu,1800.0,1633.0
31.12.2024,Badulla,C-5,3800.0,3800.0
31.12.2024,Kurunegala,Gorosu,1500.0,1500.0
31.12.2024,Kurunegala,Heen,2000.0,2000.0
31.12.2024,Kalutara,Alba,4500.0,4480.0
31.12.2024,Gampaha,Gorosu,2100.0,1900.0
31.12.2024,Gampaha,C-4,3600.0,3550.0
31.12.2024,Gampaha,C-5,3800.0,3700.0
31.12.2024,Kalutara,C-5 Sp,4100.0,4065.0
31.12.2024,Colombo,H-1,3400.0,3400.0
31.12.2024,Colombo,C-4,3700.0,3700.0
31.12.2024,Colombo,C-5,3900.0,3900.0
31.12.2024,Colombo,C-5 Sp,4000.0,4000.0
31.12.2024,Colombo,H-2,3300.0,3300.0
07.01.2025,Matara,C-5 Sp,4200.0,4100.0
07.01.2025,Matara,Alba,4600.0,4525.0
07.01.2025,Galle,H-2,3550.0,3425.0
07.01.2025,Galle,H-1,3650.0,3650.0
07.01.2025,Galle,C-4,3800.0,3800.0
07.01.2025,Galle,C-5 Sp,4300.0,4200.0
07.01.2025,Galle,Alba,5500.0,5100.0
07.01.2025,Kalutara,H-2,2300.0,2300.0
07.01.2025,Kalutara,H-1,2500.0,2495.0
07.01.2025,Matara,C-5,4000.0,3860.0
07.01.2025,Galle,C-5,4000.0,3550.0
07.01.2025,Matara,C-4,3800.0,3764.0
07.01.2025,Monaragala,Gorosu,1900.0,1850.0
07.01.2025,Matara,M-4,3700.0,3613.0
07.01.2025,Matara,H-1,3680.0,3650.0
07.01.2025,Matara,H-2,3600.0,3529.0
07.01.2025,Matara,H-Faq,3400.0,3220.0
07.01.2025,Hambantota,C-5,4000.0,3950.0
07.01.2025,Hambantota,C-4,3800.0,3800.0
07.01.2025,Hambantota,H-1,3650.0,3575.0
07.01.2025,Hambantota,H-2,3600.0,3600.0
07.01.2025,Monaragala,H-1,3500.0,3300.0
07.01.2025,Monaragala,H-2,3300.0,3200.0
07.01.2025,Monaragala,Heen,2200.0,2100.0
07.01.2025,Matara,M-5,3750.0,3675.0
07.01.2025,Kalutara,M-5,3100.0,3065.0
07.01.2025,Kalutara,M-4,3000.0,2970.0
07.01.2025,Kalutara,C-5,3700.0,3695.0
07.01.2025,Ratnapura,Alba,4600.0,4500.0
07.01.2025,Ratnapura,C-5 Sp,4000.0,3800.0
07.01.2025,Ratnapura,C-5,3850.0,3750.0
07.01.2025,Ratnapura,C-4,3700.0,3650.0
07.01.2025,Ratnapura,H-1,3600.0,3500.0
07.01.2025,Ratnapura,H-2,3400.0,3250.0
07.01.2025,Badulla,C-5,3800.0,3800.0
07.01.2025,Badulla,C-4,3600.0,3600.0
07.01.2025,Badulla,H-1,3000.0,3000.0
07.01.2025,Badulla,H-2,2800.0,2800.0
07.01.2025,Badulla,Heen,2500.0,2500.0
07.01.2025,Badulla,Gorosu,2000.0,2000.0
07.01.2025,Kalutara,C-4,3500.0,3490.0
07.01.2025,Kurunegala,Gorosu,1500.0,1500.0
07.01.2025,Colombo,C-5 Sp,4000.0,4000.0
07.01.2025,Colombo,C-5,3900.0,3900.0
07.01.2025,Colombo,C-4,3700.0,3700.0
07.01.2025,Colombo,H-1,3400.0,3400.0
07.01.2025,Colombo,H-2,3200.0,3200.0
07.01.2025,Gampaha,C-5,3750.0,3700.0
07.01.2025,Gampaha,C-4,3600.0,3550.0
07.01.2025,Gampaha,Gorosu,2100.0,1900.0
07.01.2025,Kalutara,Alba,4500.0,4480.0
07.01.2025,Kalutara,C-5 Sp,4100.0,4065.0
07.01.2025,Kurunegala,Heen,2000.0,2000.0
15.01.2025,Matara,C-5,3900.0,3810.0
15.01.2025,Matara,C-5 Sp,4200.0,4000.0
15.01.2025,Matara,Alba,4600.0,4525.0
15.01.2025,Galle,H-2,3500.0,3500.0
15.01.2025,Galle,Alba,5200.0,4800.0
15.01.2025,Galle,C-4,3850.0,3825.0
15.01.2025,Galle,C-5,4000.0,3950.0
15.01.2025,Galle,C-5 Sp,4200.0,4100.0
15.01.2025,Matara,C-4,3800.0,3707.0
15.01.2025,Galle,H-1,3600.0,3600.0
15.01.2025,Matara,M-5,3700.0,3625.0
15.01.2025,Hambantota,C-4,3850.0,3825.0
15.01.2025,Matara,H-1,3600.0,3520.0
15.01.2025,Matara,H-2,3550.0,3479.0
15.01.2025,Matara,H-Faq,3300.0,3188.0
15.01.2025,Hambantota,C-5,4000.0,4000.0
15.01.2025,Hambantota,H-1,3550.0,3525.0
15.01.2025,Hambantota,H-2,3500.0,3475.0
15.01.2025,Monaragala,C-4,3600.0,3550.0
15.01.2025,Monaragala,H-1,3400.0,3350.0
15.01.2025,Monaragala,H-2,3200.0,3100.0
15.01.2025,Monaragala,Heen,2300.0,2166.0
15.01.2025,Kalutara,H-2,2300.0,2300.0
15.01.2025,Matara,M-4,3650.0,3563.0
15.01.2025,Monaragala,Gorosu,2000.0,1960.0
15.01.2025,Kalutara,H-1,2500.0,2495.0
15.01.2025,Kalutara,M-5,3100.0,3065.0
15.01.2025,Kalutara,M-4,3000.0,2970.0
15.01.2025,Ratnapura,Alba,4500.0,4500.0
15.01.2025,Ratnapura,C-5 Sp,4000.0,3900.0
15.01.2025,Ratnapura,C-5,3800.0,3700.0
15.01.2025,Ratnapura,C-4,3650.0,3600.0
15.01.2025,Ratnapura,H-1,3500.0,3400.0
15.01.2025,Ratnapura,H-2,3350.0,3300.0
15.01.2025,Badulla,C-4,3600.0,3600.0
15.01.2025,Badulla,H-1,3000.0,3000.0
15.01.2025,Badulla,H-2,2800.0,2800.0
15.01.2025,Kurunegala,Heen,2000.0,2000.0
15.01.2025,Kurunegala,Gorosu,1500.0,1500.0
15.01.2025,Badulla,C-5,3800.0,3800.0
15.01.2025,Colombo,C-5,3900.0,3900.0
15.01.2025,Kalutara,C-4,3500.0,3490.0
15.01.2025,Colombo,C-5 Sp,4000.0,4000.0
15.01.2025,Kalutara,C-5,3700.0,3695.0
15.01.2025,Kalutara,C-5 Sp,4100.0,4065.0
15.01.2025,Gampaha,Gorosu,2100.0,1900.0
15.01.2025,Kalutara,Alba,4500.0,4480.0
15.01.2025,Gampaha,C-5,3750.0,3700.0
15.01.2025,Colombo,H-2,3200.0,3200.0
15.01.2025,Colombo,H-1,3300.0,3300.0
15.01.2025,Colombo,C-4,3750.0,3750.0
15.01.2025,Gampaha,C-4,3600.0,3550.0
21.01.2025,Galle,H-1,3550.0,3525.0
21.01.2025,Matara,C-5 Sp,4200.0,4033.0
21.01.2025,Matara,Alba,4500.0,4500.0
21.01.2025,Galle,H-2,3450.0,3425.0
21.01.2025,Galle,C-4,3850.0,3775.0
21.01.2025,Kalutara,H-1,2500.0,2495.0
21.01.2025,Galle,C-5 Sp,4500.0,4250.0
21.01.2025,Galle,Alba,5200.0,4500.0
21.01.2025,Kalutara,H-2,2300.0,2300.0
21.01.2025,Matara,C-5,4000.0,3830.0
21.01.2025,Galle,C-5,4000.0,3800.0
21.01.2025,Matara,C-4,3800.0,3736.0
21.01.2025,Monaragala,Heen,2300.0,2200.0
21.01.2025,Matara,M-4,3650.0,3588.0
21.01.2025,Matara,H-1,3600.0,3550.0
21.01.2025,Matara,H-2,3550.0,3486.0
21.01.2025,Matara,H-Faq,3450.0,3280.0
21.01.2025,Hambantota,C-5,4000.0,4000.0
21.01.2025,Hambantota,C-4,3850.0,3825.0
21.01.2025,Hambantota,H-1,3500.0,3500.0
21.01.2025,Hambantota,H-2,3450.0,3450.0
21.01.2025,Monaragala,C-4,3500.0,3500.0
21.01.2025,Monaragala,H-1,3300.0,3200.0
21.01.2025,Monaragala,H-2,3200.0,3000.0
21.01.2025,Monaragala,Gorosu,2000.0,1900.0
21.01.2025,Matara,M-5,3700.0,3650.0
21.01.2025,Kalutara,M-4,3000.0,2970.0
21.01.2025,Kalutara,C-4,3500.0,3490.0
21.01.2025,Kalutara,C-5,3700.0,3695.0
21.01.2025,Ratnapura,Alba,4500.0,4500.0
21.01.2025,Ratnapura,C-5 Sp,4000.0,3900.0
21.01.2025,Ratnapura,C-5,3850.0,3700.0
21.01.2025,Ratnapura,C-4,3600.0,3550.0
21.01.2025,Ratnapura,H-1,3550.0,3400.0
21.01.2025,Ratnapura,H-2,3350.0,3300.0
21.01.2025,Badulla,C-5,3800.0,3800.0
21.01.2025,Badulla,C-4,3600.0,3600.0
21.01.2025,Badulla,H-1,3000.0,3000.0
21.01.2025,Badulla,H-2,2800.0,2800.0
21.01.2025,Badulla,Heen,2500.0,2500.0
21.01.2025,Badulla,Gorosu,2000.0,2000.0
21.01.2025,Kalutara,M-5,3100.0,3065.0
21.01.2025,Kurunegala,Gorosu,1500.0,1500.0
21.01.2025,Colombo,C-5 Sp,4000.0,4000.0
21.01.2025,Colombo,C-5,3900.0,3900.0
21.01.2025,Colombo,C-4,3800.0,3800.0
21.01.2025,Colombo,H-1,3400.0,3400.0
21.01.2025,Colombo,H-2,3300.0,3300.0
21.01.2025,Gampaha,C-5,3750.0,3700.0
21.01.2025,Gampaha,C-4,3600.0,3550.0
21.01.2025,Gampaha,Gorosu,2100.0,1900.0
21.01.2025,Kalutara,Alba,4500.0,4480.0
21.01.2025,Kalutara,C-5 Sp,4100.0,4065.0
21.01.2025,Kurunegala,Heen,2000.0,2000.0
28.01.2025,Matara,C-5 Sp,4200.0,4083.0
28.01.2025,Matara,Alba,4600.0,4550.0
28.01.2025,Galle,H-2,3450.0,3425.0
28.01.2025,Galle,H-1,3600.0,3575.0
28.01.2025,Kalutara,H-1,2500.0,2495.0
28.01.2025,Galle,C-5,3950.0,3925.0
28.01.2025,Galle,Alba,5000.0,4750.0
28.01.2025,Kalutara,H-2,2300.0,2300.0
28.01.2025,Matara,C-5,4000.0,3900.0
28.01.2025,Galle,C-4,3800.0,3800.0
28.01.2025,Matara,C-4,3800.0,3781.0
28.01.2025,Hambantota,C-5,3800.0,3800.0
28.01.2025,Matara,M-4,3700.0,3688.0
28.01.2025,Matara,H-1,3650.0,3610.0
28.01.2025,Matara,H-2,3650.0,3550.0
28.01.2025,Matara,H-Faq,3400.0,3260.0
28.01.2025,Kalutara,M-4,3000.0,2970.0
28.01.2025,Hambantota,C-4,3700.0,3700.0
28.01.2025,Hambantota,H-1,3600.0,3600.0
28.01.2025,Hambantota,H-2,3500.0,3500.0
28.01.2025,Monaragala,H-1,3500.0,3500.0
28.01.2025,Monaragala,H-2,3300.0,3200.0
28.01.2025,Monaragala,Heen,2200.0,2100.0
28.01.2025,Monaragala,Gorosu,2000.0,1950.0
28.01.2025,Matara,M-5,3750.0,3725.0
28.01.2025,Kalutara,M-5,3100.0,3065.0
28.01.2025,Galle,C-5 Sp,4100.0,4025.0
28.01.2025,Ratnapura,Alba,4500.0,4500.0
28.01.2025,Kalutara,C-4,3500.0,3490.0
28.01.2025,Ratnapura,C-5 Sp,4000.0,3900.0
28.01.2025,Ratnapura,C-5,3850.0,3750.0
28.01.2025,Ratnapura,C-4,3700.0,3600.0
28.01.2025,Ratnapura,H-1,3550.0,3400.0
28.01.2025,Ratnapura,H-2,3350.0,3300.0
28.01.2025,Badulla,C-5,4000.0,4000.0
28.01.2025,Badulla,C-4,3700.0,3700.0
28.01.2025,Badulla,H-1,3400.0,3400.0
28.01.2025,Badulla,H-2,3200.0,3200.0
28.01.2025,Badulla,Heen,2500.0,2450.0
28.01.2025,Badulla,Gorosu,2000.0,1750.0
28.01.2025,Kalutara,C-5,3700.0,3695.0
28.01.2025,Kurunegala,Gorosu,1500.0,1500.0
28.01.2025,Kurunegala,Heen,2000.0,2000.0
28.01.2025,Kalutara,Alba,4500.0,4480.0
28.01.2025,Gampaha,Gorosu,2100.0,1900.0
28.01.2025,Gampaha,C-4,3600.0,3550.0
28.01.2025,Gampaha,C-5,3750.0,3700.0
28.01.2025,Kalutara,C-5 Sp,4100.0,4065.0
28.01.2025,Colombo,H-1,3200.0,3200.0
28.01.2025,Colombo,C-4,3600.0,3600.0
28.01.2025,Colombo,C-5,3800.0,3800.0
28.01.2025,Colombo,C-5 Sp,4000.0,4000.0
28.01.2025,Colombo,H-2,3000.0,3000.0
05.02.2025,Matara,C-4,3800.0,3729.0
05.02.2025,Galle,C-5 Sp,4300.0,4125.0
05.02.2025,Galle,C-5,4000.0,3900.0
05.02.2025,Galle,C-4,3750.0,3725.0
05.02.2025,Galle,H-1,3600.0,3600.0
05.02.2025,Galle,H-2,3500.0,3450.0
05.02.2025,Matara,Alba,4600.0,4550.0
05.02.2025,Matara,C-5 Sp,4200.0,4000.0
05.02.2025,Matara,C-5,3900.0,3813.0
05.02.2025,Matara,M-5,3750.0,3683.0
05.02.2025,Hambantota,C-4,3850.0,3850.0
05.02.2025,Matara,H-1,3650.0,3600.0
05.02.2025,Matara,H-2,3550.0,3500.0
05.02.2025,Matara,H-Faq,3480.0,3460.0
05.02.2025,Hambantota,C-5,4000.0,4000.0
05.02.2025,Hambantota,H-1,3650.0,3625.0
05.02.2025,Hambantota,H-2,3550.0,3525.0
05.02.2025,Monaragala,H-1,3600.0,3600.0
05.02.2025,Monaragala,H-2,3400.0,3300.0
05.02.2025,Monaragala,Heen,2250.0,2100.0
05.02.2025,Monaragala,Gorosu,2000.0,1960.0
05.02.2025,Matara,M-4,3700.0,3633.0
05.02.2025,Galle,Alba,5000.0,4750.0
05.02.2025,Kalutara,H-2,2300.0,2300.0
05.02.2025,Kalutara,M-4,3000.0,2970.0
05.02.2025,Kalutara,H-1,2500.0,2495.0
05.02.2025,Ratnapura,Alba,4500.0,4500.0
05.02.2025,Ratnapura,C-5 Sp,4000.0,3900.0
05.02.2025,Ratnapura,C-5,3850.0,3750.0
05.02.2025,Ratnapura,C-4,3700.0,3600.0
05.02.2025,Ratnapura,H-2,3350.0,3300.0
05.02.2025,Kurunegala,Heen,2000.0,2000.0
05.02.2025,Kurunegala,Gorosu,1500.0,1500.0
05.02.2025,Colombo,C-5 Sp,4000.0,4000.0
05.02.2025,Colombo,C-5,3800.0,3800.0
05.02.2025,Ratnapura,H-1,3550.0,3400.0
05.02.2025,Colombo,H-1,3300.0,3300.0
05.02.2025,Colombo,H-2,3100.0,3100.0
05.02.2025,Gampaha,C-5,3700.0,3600.0
05.02.2025,Gampaha,C-4,3600.0,3550.0
05.02.2025,Gampaha,Gorosu,2100.0,1900.0
05.02.2025,Kalutara,Alba,4500.0,4480.0
05.02.2025,Kalutara,C-5 Sp,4100.0,4065.0
05.02.2025,Kalutara,C-5,3700.0,3695.0
05.02.2025,Kalutara,C-4,3500.0,3490.0
05.02.2025,Colombo,C-4,3600.0,3600.0
05.02.2025,Kalutara,M-5,3100.0,3065.0
11.02.2025,Matara,C-5 Sp,4000.0,3950.0
11.02.2025,Matara,Alba,4600.0,4550.0
11.02.2025,Galle,H-2,3500.0,3425.0
11.02.2025,Galle,H-1,3600.0,3575.0
11.02.2025,Galle,C-4,3750.0,3750.0
11.02.2025,Kalutara,H-2,2300.0,2300.0
11.02.2025,Galle,C-5 Sp,4300.0,4150.0
11.02.2025,Galle,Alba,5000.0,4750.0
11.02.2025,Kalutara,H-1,2500.0,2495.0
11.02.2025,Matara,C-5,3900.0,3863.0
11.02.2025,Galle,C-5,3900.0,3850.0
11.02.2025,Matara,C-4,3800.0,3760.0
11.02.2025,Monaragala,H-2,3400.0,3300.0
11.02.2025,Matara,M-4,3700.0,3650.0
11.02.2025,Matara,H-1,3600.0,3600.0
11.02.2025,Matara,H-2,3550.0,3483.0
11.02.2025,Matara,H-Faq,3500.0,3275.0
11.02.2025,Hambantota,C-5,4200.0,4100.0
11.02.2025,Hambantota,C-4,3850.0,3825.0
11.02.2025,Hambantota,H-1,3650.0,3650.0
11.02.2025,Hambantota,H-2,3500.0,3500.0
11.02.2025,Monaragala,H-1,3500.0,3450.0
11.02.2025,Monaragala,Heen,2300.0,2200.0
11.02.2025,Monaragala,Gorosu,2000.0,1975.0
11.02.2025,Matara,M-5,3750.0,3717.0
11.02.2025,Kalutara,M-5,3100.0,3065.0
11.02.2025,Kalutara,M-4,3000.0,2970.0
11.02.2025,Kalutara,C-5,3700.0,3695.0
11.02.2025,Kalutara,C-4,3500.0,3490.0
11.02.2025,Ratnapura,Alba,4600.0,4500.0
11.02.2025,Ratnapura,C-5 Sp,4000.0,3900.0
11.02.2025,Ratnapura,C-5,3850.0,3800.0
11.02.2025,Ratnapura,C-4,3750.0,3600.0
11.02.2025,Ratnapura,H-1,3550.0,3500.0
11.02.2025,Ratnapura,H-2,3450.0,3300.0
11.02.2025,Badulla,C-4,3600.0,3600.0
11.02.2025,Badulla,H-1,3500.0,3500.0
11.02.2025,Badulla,H-2,3300.0,3300.0
11.02.2025,Badulla,Heen,2900.0,2666.0
11.02.2025,Badulla,Gorosu,2000.0,1700.0
11.02.2025,Badulla,C-5,3800.0,3800.0
11.02.2025,Kurunegala,Gorosu,1500.0,1500.0
11.02.2025,Kurunegala,Heen,2000.0,2000.0
11.02.2025,Kalutara,Alba,4500.0,4480.0
11.02.2025,Gampaha,Gorosu,2100.0,1900.0
11.02.2025,Gampaha,C-4,3600.0,3550.0
11.02.2025,Gampaha,C-5,3700.0,3600.0
11.02.2025,Kalutara,C-5 Sp,4100.0,4065.0
11.02.2025,Colombo,H-1,3300.0,3300.0
11.02.2025,Colombo,C-4,3600.0,3600.0
11.02.2025,Colombo,C-5,3700.0,3700.0
11.02.2025,Colombo,C-5 Sp,3900.0,3900.0
11.02.2025,Colombo,H-2,3200.0,3200.0
18.02.2025,Matara,C-5,3900.0,3838.0
18.02.2025,Matara,C-5 Sp,4200.0,4033.0
18.02.2025,Matara,Alba,4600.0,4550.0
18.02.2025,Galle,H-2,3500.0,3450.0
18.02.2025,Galle,H-1,3700.0,3650.0
18.02.2025,Galle,C-5,3900.0,3875.0
18.02.2025,Galle,C-5 Sp,4000.0,3975.0
18.02.2025,Galle,Alba,4600.0,4550.0
18.02.2025,Kalutara,H-2,2300.0,2300.0
18.02.2025,Matara,C-4,3850.0,3770.0
18.02.2025,Galle,C-4,3800.0,3775.0
18.02.2025,Matara,M-5,3700.0,3700.0
18.02.2025,Kalutara,H-1,2500.0,2495.0
18.02.2025,Matara,H-1,3650.0,3600.0
18.02.2025,Matara,H-2,3550.0,3463.0
18.02.2025,Matara,H-Faq,3300.0,3263.0
18.02.2025,Hambantota,C-5,4000.0,4000.0
18.02.2025,Hambantota,C-4,3850.0,3825.0
18.02.2025,Hambantota,H-1,3650.0,3650.0
18.02.2025,Hambantota,H-2,3600.0,3600.0
18.02.2025,Monaragala,H-1,3400.0,3300.0
18.02.2025,Monaragala,H-2,3200.0,3150.0
18.02.2025,Monaragala,Heen,2100.0,2000.0
18.02.2025,Monaragala,Gorosu,1800.0,1700.0
18.02.2025,Matara,M-4,3700.0,3650.0
18.02.2025,Kalutara,M-4,3000.0,2975.0
18.02.2025,Ratnapura,H-1,3500.0,3300.0
18.02.2025,Kalutara,C-4,3500.0,3490.0
18.02.2025,Ratnapura,C-5 Sp,4000.0,3900.0
18.02.2025,Ratnapura,C-5,3800.0,3800.0
18.02.2025,Ratnapura,C-4,3700.0,3600.0
18.02.2025,Kalutara,M-5,3100.0,3065.0
18.02.2025,Ratnapura,H-2,3300.0,3200.0
18.02.2025,Badulla,C-5,3800.0,3800.0
18.02.2025,Badulla,C-4,3600.0,3600.0
18.02.2025,Badulla,H-1,3500.0,3500.0
18.02.2025,Badulla,H-2,3400.0,3400.0
18.02.2025,Badulla,Heen,2500.0,2366.0
18.02.2025,Badulla,Gorosu,2000.0,1700.0
18.02.2025,Kurunegala,Heen,2000.0,2000.0
18.02.2025,Ratnapura,Alba,4500.0,4500.0
18.02.2025,Colombo,C-5 Sp,4000.0,4000.0
18.02.2025,Colombo,C-5,3900.0,3900.0
18.02.2025,Colombo,C-4,3800.0,3800.0
18.02.2025,Colombo,H-1,3300.0,3300.0
18.02.2025,Colombo,H-2,3100.0,3100.0
18.02.2025,Gampaha,C-5,3700.0,3600.0
18.02.2025,Gampaha,C-4,3600.0,3550.0
18.02.2025,Gampaha,Gorosu,2100.0,1900.0
18.02.2025,Kalutara,Alba,4500.0,4480.0
18.02.2025,Kalutara,C-5 Sp,4100.0,4065.0
18.02.2025,Kalutara,C-5,3700.0,3695.0
18.02.2025,Kurunegala,Gorosu,1500.0,1500.0
25.02.2025,Matara,C-5 Sp,4000.0,3933.0
25.02.2025,Matara,Alba,4600.0,4525.0
25.02.2025,Galle,H-2,3500.0,3425.0
25.02.2025,Galle,H-1,3600.0,3575.0
25.02.2025,Kalutara,H-1,2500.0,2495.0
25.02.2025,Galle,C-5,4000.0,3900.0
25.02.2025,Galle,C-5 Sp,4300.0,4150.0
25.02.2025,Galle,Alba,5000.0,4750.0
25.02.2025,Kalutara,H-2,2300.0,2300.0
25.02.2025,Matara,C-5,3900.0,3838.0
25.02.2025,Galle,C-4,3800.0,3750.0
25.02.2025,Matara,C-4,3800.0,3770.0
25.02.2025,Hambantota,C-5,4000.0,4000.0
25.02.2025,Matara,M-4,3650.0,3650.0
25.02.2025,Matara,H-1,3650.0,3640.0
25.02.2025,Matara,H-2,3600.0,3525.0
25.02.2025,Matara,H-Faq,3400.0,3300.0
25.02.2025,Hambantota,C-4,3850.0,3825.0
25.02.2025,Hambantota,H-1,3650.0,3650.0
25.02.2025,Hambantota,H-2,3600.0,3600.0
25.02.2025,Monaragala,H-1,3500.0,3500.0
25.02.2025,Monaragala,H-2,3300.0,3200.0
25.02.2025,Monaragala,Heen,2200.0,2100.0
25.02.2025,Kalutara,M-4,3000.0,2975.0
25.02.2025,Matara,M-5,3700.0,3700.0
25.02.2025,Kalutara,M-5,3100.0,3065.0
25.02.2025,Monaragala,Gorosu,1900.0,1800.0
25.02.2025,Kalutara,C-5,3700.0,3695.0
25.02.2025,Ratnapura,Alba,4500.0,4500.0
25.02.2025,Ratnapura,C-5 Sp,4000.0,3900.0
25.02.2025,Ratnapura,C-5,3850.0,3800.0
25.02.2025,Ratnapura,C-4,3750.0,3700.0
25.02.2025,Ratnapura,H-1,3600.0,3500.0
25.02.2025,Ratnapura,H-2,3450.0,3300.0
25.02.2025,Badulla,C-5,3900.0,3900.0
25.02.2025,Badulla,C-4,3700.0,3700.0
25.02.2025,Badulla,H-1,3500.0,3500.0
25.02.2025,Badulla,H-2,3300.0,3300.0
25.02.2025,Badulla,Heen,2500.0,2283.0
25.02.2025,Badulla,Gorosu,2000.0,1833.0
25.02.2025,Kalutara,C-4,3500.0,3490.0
25.02.2025,Kurunegala,Gorosu,1500.0,1500.0
25.02.2025,Colombo,C-5 Sp,4000.0,4000.0
25.02.2025,Colombo,C-5,3900.0,3900.0
25.02.2025,Colombo,C-4,3750.0,3750.0
25.02.2025,Colombo,H-1,3300.0,3300.0
25.02.2025,Colombo,H-2,3100.0,3100.0
25.02.2025,Gampaha,C-5,3700.0,3600.0
25.02.2025,Gampaha,C-4,3600.0,3550.0
25.02.2025,Gampaha,Gorosu,2100.0,1900.0
25.02.2025,Kalutara,Alba,4500.0,4480.0
25.02.2025,Kalutara,C-5 Sp,4100.0,4070.0
25.02.2025,Kurunegala,Heen,2000.0,2000.0
04.03.2025,Matara,C-5 Sp,4200.0,4050.0
04.03.2025,Matara,Alba,4600.0,4550.0
04.03.2025,Galle,H-2,3500.0,3400.0
04.03.2025,Galle,H-1,3600.0,3600.0
04.03.2025,Kalutara,H-1,2500.0,2495.0
04.03.2025,Galle,C-5,3900.0,3850.0
04.03.2025,Galle,C-5 Sp,4200.0,4100.0
04.03.2025,Galle,Alba,5000.0,4750.0
04.03.2025,Kalutara,H-2,2300.0,2300.0
04.03.2025,Matara,C-5,4000.0,3940.0
04.03.2025,Galle,C-4,3800.0,3750.0
04.03.2025,Matara,C-4,3850.0,3775.0
04.03.2025,Hambantota,C-5,4000.0,4000.0
04.03.2025,Matara,M-4,3700.0,3700.0
04.03.2025,Matara,H-1,3650.0,3588.0
04.03.2025,Matara,H-2,3600.0,3550.0
04.03.2025,Matara,H-Faq,3400.0,3275.0
04.03.2025,Hambantota,C-4,3850.0,3825.0
04.03.2025,Hambantota,H-1,3650.0,3650.0
04.03.2025,Hambantota,H-2,3600.0,3600.0
04.03.2025,Monaragala,H-1,3500.0,3400.0
04.03.2025,Monaragala,H-2,3300.0,3200.0
04.03.2025,Monaragala,Heen,2200.0,2000.0
04.03.2025,Kalutara,M-4,3000.0,2975.0
04.03.2025,Matara,M-5,3800.0,3775.0
04.03.2025,Monaragala,Gorosu,1900.0,1850.0
04.03.2025,Kalutara,M-5,3100.0,3065.0
04.03.2025,Kalutara,C-5,3700.0,3695.0
04.03.2025,Kalutara,C-4,3500.0,3490.0
04.03.2025,Ratnapura,Alba,4600.0,4500.0
04.03.2025,Ratnapura,C-5 Sp,4000.0,3900.0
04.03.2025,Ratnapura,C-5,3850.0,3750.0
04.03.2025,Ratnapura,C-4,3700.0,3650.0
04.03.2025,Ratnapura,H-1,3500.0,3350.0
04.03.2025,Ratnapura,H-2,3300.0,3250.0
04.03.2025,Badulla,C-4,3600.0,3600.0
04.03.2025,Badulla,H-1,3500.0,3500.0
04.03.2025,Badulla,H-2,3300.0,3300.0
04.03.2025,Badulla,Heen,2500.0,2250.0
04.03.2025,Badulla,Gorosu,2000.0,1500.0
04.03.2025,Badulla,C-5,3800.0,3800.0
04.03.2025,Kurunegala,Gorosu,1500.0,1500.0
04.03.2025,Kurunegala,Heen,2000.0,2000.0
04.03.2025,Kalutara,Alba,4500.0,4480.0
04.03.2025,Gampaha,Gorosu,2100.0,1900.0
04.03.2025,Gampaha,C-4,3600.0,3550.0
04.03.2025,Gampaha,C-5,3700.0,3600.0
04.03.2025,Kalutara,C-5 Sp,4100.0,4070.0
04.03.2025,Colombo,H-1,3300.0,3300.0
04.03.2025,Colombo,C-4,3750.0,3750.0
04.03.2025,Colombo,C-5,3850.0,3850.0
04.03.2025,Colombo,C-5 Sp,4000.0,4000.0
04.03.2025,Colombo,H-2,3100.0,3100.0
11.03.2025,Matara,C-5 Sp,4200.0,4000.0
11.03.2025,Matara,Alba,4600.0,4525.0
11.03.2025,Galle,H-2,3500.0,3425.0
11.03.2025,Galle,H-1,3600.0,3575.0
11.03.2025,Galle,C-4,3850.0,3800.0
11.03.2025,Galle,C-5 Sp,4500.0,4225.0
11.03.2025,Galle,Alba,5000.0,4750.0
11.03.2025,Kalutara,H-2,2300.0,2300.0
11.03.2025,Kalutara,H-1,2500.0,2495.0
11.03.2025,Matara,C-5,4000.0,3875.0
11.03.2025,Galle,C-5,4000.0,3925.0
11.03.2025,Matara,C-4,3900.0,3783.0
11.03.2025,Kalutara,M-4,3000.0,2975.0
11.03.2025,Matara,M-4,3750.0,3700.0
11.03.2025,Matara,H-1,3700.0,3600.0
11.03.2025,Matara,H-2,3600.0,3525.0
11.03.2025,Matara,H-Faq,3450.0,3263.0
11.03.2025,Hambantota,C-5,4000.0,4000.0
11.03.2025,Hambantota,C-4,3850.0,3825.0
11.03.2025,Hambantota,H-1,3650.0,3625.0
11.03.2025,Hambantota,H-2,3600.0,3600.0
11.03.2025,Monaragala,H-1,3400.0,3300.0
11.03.2025,Monaragala,Heen,2000.0,1900.0
11.03.2025,Monaragala,Gorosu,1800.0,1700.0
11.03.2025,Matara,M-5,3850.0,3775.0
11.03.2025,Kalutara,M-5,3100.0,3065.0
11.03.2025,Monaragala,H-2,3200.0,3100.0
11.03.2025,Kalutara,C-5,3700.0,3695.0
11.03.2025,Ratnapura,C-5 Sp,4000.0,3900.0
11.03.2025,Kalutara,C-4,3500.0,3490.0
11.03.2025,Ratnapura,C-5,3850.0,3750.0
11.03.2025,Ratnapura,C-4,3700.0,3650.0
11.03.2025,Ratnapura,H-1,3550.0,3400.0
11.03.2025,Ratnapura,H-2,3350.0,3250.0
11.03.2025,Badulla,C-5,3600.0,3600.0
11.03.2025,Badulla,C-4,3500.0,3500.0
11.03.2025,Badulla,H-1,3400.0,3400.0
11.03.2025,Badulla,H-2,3200.0,3200.0
11.03.2025,Badulla,Heen,2300.0,2150.0
11.03.2025,Badulla,Gorosu,2000.0,1550.0
11.03.2025,Ratnapura,Alba,4500.0,4500.0
11.03.2025,Kurunegala,Gorosu,3000.0,3000.0
11.03.2025,Colombo,C-5 Sp,4000.0,4000.0
11.03.2025,Colombo,C-5,3900.0,3900.0
11.03.2025,Colombo,C-4,3800.0,3800.0
11.03.2025,Colombo,H-1,3300.0,3300.0
11.03.2025,Colombo,H-2,3200.0,3200.0
11.03.2025,Gampaha,C-5,3700.0,3600.0
11.03.2025,Gampaha,C-4,3600.0,3550.0
11.03.2025,Gampaha,Gorosu,2100.0,1900.0
11.03.2025,Kalutara,Alba,4500.0,4480.0
11.03.2025,Kalutara,C-5 Sp,4100.0,4070.0
11.03.2025,Kurunegala,Heen,4500.0,4500.0
18.03.2025,Matara,C-5,4000.0,3888.0
18.03.2025,Matara,C-5 Sp,4200.0,4000.0
18.03.2025,Matara,Alba,4600.0,4550.0
18.03.2025,Galle,H-2,3550.0,3475.0
18.03.2025,Kalutara,H-2,2300.0,2300.0
18.03.2025,Galle,C-4,3900.0,3800.0
18.03.2025,Galle,C-5,4000.0,3950.0
18.03.2025,Galle,C-5 Sp,4350.0,4175.0
18.03.2025,Galle,Alba,5200.0,4900.0
18.03.2025,Matara,C-4,3900.0,3792.0
18.03.2025,Galle,H-1,3600.0,3550.0
18.03.2025,Matara,M-5,3850.0,3733.0
18.03.2025,Hambantota,C-4,3850.0,3825.0
18.03.2025,Matara,H-1,3650.0,3563.0
18.03.2025,Matara,H-2,3600.0,3507.0
18.03.2025,Matara,H-Faq,3300.0,3200.0
18.03.2025,Hambantota,C-5,4000.0,4000.0
18.03.2025,Hambantota,H-1,3650.0,3625.0
18.03.2025,Hambantota,H-2,3600.0,3600.0
18.03.2025,Monaragala,H-1,3500.0,3500.0
18.03.2025,Monaragala,H-2,3300.0,3250.0
18.03.2025,Monaragala,Heen,2200.0,2150.0
18.03.2025,Monaragala,Gorosu,2000.0,1850.0
18.03.2025,Kalutara,H-1,2500.0,2495.0
18.03.2025,Matara,M-4,3750.0,3650.0
18.03.2025,Kalutara,M-4,3000.0,2975.0
18.03.2025,Kalutara,M-5,3100.0,3065.0
18.03.2025,Kalutara,C-4,3500.0,3490.0
18.03.2025,Ratnapura,C-5 Sp,4000.0,4000.0
18.03.2025,Ratnapura,C-5,3850.0,3800.0
18.03.2025,Ratnapura,C-4,3750.0,3650.0
18.03.2025,Ratnapura,H-1,3550.0,3500.0
18.03.2025,Ratnapura,H-2,3450.0,3350.0
18.03.2025,Badulla,C-5,3800.0,3800.0
18.03.2025,Badulla,C-4,3700.0,3700.0
18.03.2025,Badulla,H-1,3500.0,3500.0
18.03.2025,Badulla,H-2,3400.0,3400.0
18.03.2025,Badulla,Heen,3000.0,2533.0
18.03.2025,Badulla,Gorosu,2100.0,1800.0
18.03.2025,Kurunegala,Heen,4500.0,4500.0
18.03.2025,Ratnapura,Alba,4500.0,4500.0
18.03.2025,Colombo,C-5 Sp,4000.0,4000.0
18.03.2025,Colombo,C-5,3800.0,3800.0
18.03.2025,Colombo,C-4,3700.0,3700.0
18.03.2025,Colombo,H-1,3400.0,3400.0
18.03.2025,Colombo,H-2,3300.0,3300.0
18.03.2025,Gampaha,C-5,3700.0,3600.0
18.03.2025,Gampaha,C-4,3600.0,3550.0
18.03.2025,Gampaha,Gorosu,2100.0,1900.0
18.03.2025,Kalutara,Alba,4500.0,4480.0
18.03.2025,Kalutara,C-5 Sp,4100.0,4070.0
18.03.2025,Kalutara,C-5,3700.0,3695.0
18.03.2025,Kurunegala,Gorosu,3000.0,2667.0
25.03.2025,Matara,C-5 Sp,4200.0,4083.0
25.03.2025,Matara,Alba,4600.0,4550.0
25.03.2025,Galle,H-2,3550.0,3450.0
25.03.2025,Galle,H-1,2600.0,3575.0
25.03.2025,Monaragala,Gorosu,1900.0,1800.0
25.03.2025,Galle,C-5,2950.0,2950.0
25.03.2025,Galle,C-5 Sp,4400.0,4250.0
25.03.2025,Galle,Alba,5300.0,4900.0
25.03.2025,Kalutara,H-2,2300.0,2300.0
25.03.2025,Matara,C-5,4100.0,3967.0
25.03.2025,Galle,C-4,3800.0,3775.0
25.03.2025,Matara,C-4,4000.0,3821.0
25.03.2025,Hambantota,C-5,4000.0,4000.0
25.03.2025,Matara,M-4,3800.0,3733.0
25.03.2025,Matara,H-1,3700.0,3625.0
25.03.2025,Matara,H-2,3600.0,3536.0
25.03.2025,Matara,H-Faq,3300.0,3188.0
25.03.2025,Hambantota,C-4,3850.0,3825.0
25.03.2025,Hambantota,H-1,3650.0,3625.0
25.03.2025,Hambantota,H-2,3600.0,3575.0
25.03.2025,Monaragala,H-1,3500.0,3500.0
25.03.2025,Monaragala,H-2,3300.0,3200.0
25.03.2025,Monaragala,Heen,2200.0,2100.0
25.03.2025,Kalutara,H-1,2500.0,2495.0
25.03.2025,Matara,M-5,3900.0,3800.0
25.03.2025,Kalutara,M-4,3000.0,2975.0
25.03.2025,Kalutara,C-5 Sp,4100.0,4070.0
25.03.2025,Kalutara,C-4,3500.0,3490.0
25.03.2025,Ratnapura,C-5 Sp,4000.0,3950.0
25.03.2025,Ratnapura,C-5,3900.0,3850.0
25.03.2025,Ratnapura,C-4,3800.0,3700.0
25.03.2025,Ratnapura,H-1,3650.0,3500.0
25.03.2025,Ratnapura,H-2,3450.0,3450.0
25.03.2025,Badulla,C-5,3800.0,3800.0
25.03.2025,Badulla,C-4,3600.0,3600.0
25.03.2025,Badulla,H-1,3500.0,3500.0
25.03.2025,Badulla,H-2,3400.0,3400.0
25.03.2025,Badulla,Heen,2800.0,2725.0
25.03.2025,Badulla,Gorosu,2300.0,1975.0
25.03.2025,Ratnapura,Alba,4500.0,4500.0
25.03.2025,Kurunegala,Gorosu,3000.0,3000.0
25.03.2025,Kurunegala,Heen,4500.0,4500.0
25.03.2025,Kalutara,C-5,3700.0,3695.0
25.03.2025,Kalutara,Alba,4500.0,4480.0
25.03.2025,Gampaha,Gorosu,2100.0,1900.0
25.03.2025,Gampaha,C-4,3650.0,3600.0
25.03.2025,Kalutara,M-5,3100.0,3065.0
25.03.2025,Colombo,H-2,3200.0,3200.0
25.03.2025,Colombo,H-1,3300.0,3300.0
25.03.2025,Colombo,C-4,3700.0,3700.0
25.03.2025,Colombo,C-5,3800.0,3800.0
25.03.2025,Gampaha,C-5,3750.0,3700.0
25.03.2025,Colombo,C-5 Sp,4000.0,4000.0
01.04.2025,Matara,C-5,4000.0,3930.0
01.04.2025,Matara,C-5 Sp,4200.0,4112.0
01.04.2025,Matara,Alba,4600.0,4550.0
01.04.2025,Galle,H-1,3650.0,3625.0
01.04.2025,Matara,C-4,3900.0,3831.0
01.04.2025,Galle,C-4,3850.0,3825.0
01.04.2025,Galle,C-5,4000.0,3950.0
01.04.2025,Galle,C-5 Sp,4700.0,4375.0
01.04.2025,Galle,Alba,5200.0,4850.0
01.04.2025,Galle,H-2,3550.0,3525.0
01.04.2025,Matara,M-5,3850.0,3800.0
01.04.2025,Matara,H-2,3600.0,3519.0
01.04.2025,Matara,H-1,3700.0,3660.0
01.04.2025,Matara,H-Faq,3300.0,3237.0
01.04.2025,Hambantota,C-5,4000.0,4000.0
01.04.2025,Hambantota,H-1,3700.0,3675.0
01.04.2025,Hambantota,H-2,3650.0,3625.0
01.04.2025,Monaragala,H-1,3500.0,3500.0
01.04.2025,Monaragala,H-2,3300.0,3200.0
01.04.2025,Monaragala,Heen,2200.0,2100.0
01.04.2025,Monaragala,Gorosu,1900.0,1800.0
01.04.2025,Kalutara,H-2,2300.0,2300.0
01.04.2025,Matara,M-4,3750.0,3733.0
01.04.2025,Hambantota,C-4,3900.0,3875.0
01.04.2025,Kalutara,H-1,2500.0,2495.0
01.04.2025,Kalutara,M-5,3100.0,3065.0
01.04.2025,Kalutara,M-4,3000.0,2975.0
01.04.2025,Ratnapura,Alba,4500.0,4450.0
01.04.2025,Ratnapura,C-5 Sp,4000.0,3960.0
01.04.2025,Ratnapura,C-5,3900.0,3850.0
01.04.2025,Ratnapura,C-4,3800.0,3700.0
01.04.2025,Ratnapura,H-2,3500.0,3370.0
01.04.2025,Badulla,C-5,3900.0,3900.0
01.04.2025,Badulla,C-4,3700.0,3700.0
01.04.2025,Badulla,H-1,3600.0,3600.0
01.04.2025,Badulla,H-2,3500.0,3500.0
01.04.2025,Ratnapura,H-1,3650.0,3550.0
01.04.2025,Badulla,Gorosu,2500.0,2250.0
01.04.2025,Kurunegala,Heen,4500.0,4500.0
01.04.2025,Kurunegala,Gorosu,3000.0,3000.0
01.04.2025,Gampaha,C-5,3850.0,3800.0
01.04.2025,Gampaha,C-4,3750.0,3700.0
01.04.2025,Gampaha,Gorosu,2100.0,1900.0
01.04.2025,Kalutara,Alba,4500.0,4480.0
01.04.2025,Kalutara,C-5 Sp,4100.0,4070.0
01.04.2025,Kalutara,C-5,3700.0,3695.0
01.04.2025,Badulla,Heen,3200.0,2825.0
01.04.2025,Kalutara,C-4,3500.0,3490.0
08.04.2025,Matara,C-5 Sp,4300.0,4050.0
08.04.2025,Matara,Alba,4600.0,4525.0
08.04.2025,Galle,H-2,3500.0,3500.0
08.04.2025,Galle,H-1,3600.0,3600.0
08.04.2025,Galle,C-4,3800.0,3800.0
08.04.2025,Monaragala,Gorosu,2000.0,1900.0
08.04.2025,Galle,C-5 Sp,4700.0,4400.0
08.04.2025,Galle,Alba,5200.0,4900.0
08.04.2025,Kalutara,H-1,2500.0,2495.0
08.04.2025,Matara,C-5,4100.0,3912.0
08.04.2025,Galle,C-5,4000.0,3950.0
08.04.2025,Matara,C-4,3900.0,3825.0
08.04.2025,Monaragala,H-2,3300.0,3200.0
08.04.2025,Matara,M-4,3700.0,3583.0
08.04.2025,Matara,H-1,3600.0,3570.0
08.04.2025,Matara,H-2,3550.0,3421.0
08.04.2025,Matara,H-Faq,3200.0,3100.0
08.04.2025,Hambantota,C-5,4000.0,4000.0
08.04.2025,Hambantota,C-4,3850.0,3850.0
08.04.2025,Hambantota,H-1,3650.0,3650.0
08.04.2025,Hambantota,H-2,3600.0,3575.0
08.04.2025,Monaragala,H-1,3500.0,3500.0
08.04.2025,Monaragala,Heen,2200.0,2150.0
08.04.2025,Kalutara,M-4,3000.0,2975.0
08.04.2025,Matara,M-5,3800.0,3633.0
08.04.2025,Kalutara,M-5,3100.0,3065.0
08.04.2025,Kalutara,H-2,2300.0,2300.0
08.04.2025,Kalutara,C-5,3700.0,3695.0
08.04.2025,Ratnapura,Alba,4550.0,4500.0
08.04.2025,Ratnapura,C-5 Sp,4000.0,3900.0
08.04.2025,Ratnapura,C-5,3850.0,3800.0
08.04.2025,Ratnapura,C-4,3750.0,3650.0
08.04.2025,Ratnapura,H-1,3550.0,3500.0
08.04.2025,Ratnapura,H-2,3450.0,3300.0
08.04.2025,Badulla,C-5,3700.0,3700.0
08.04.2025,Badulla,C-4,3600.0,3600.0
08.04.2025,Badulla,H-1,3500.0,3500.0
08.04.2025,Badulla,H-2,3300.0,3300.0
08.04.2025,Badulla,Heen,2600.0,2100.0
08.04.2025,Badulla,Gorosu,2100.0,1733.0
08.04.2025,Kalutara,C-4,3500.0,3490.0
08.04.2025,Kurunegala,Gorosu,3000.0,3000.0
08.04.2025,Colombo,C-5 Sp,4000.0,4000.0
08.04.2025,Colombo,C-5,3900.0,3900.0
08.04.2025,Colombo,C-4,3800.0,3800.0
08.04.2025,Colombo,H-1,3300.0,3300.0
08.04.2025,Colombo,H-2,3200.0,3200.0
08.04.2025,Gampaha,C-5,3850.0,3800.0
08.04.2025,Gampaha,C-4,3750.0,3700.0
08.04.2025,Gampaha,Gorosu,2100.0,1900.0
08.04.2025,Kalutara,Alba,4500.0,4480.0
08.04.2025,Kalutara,C-5 Sp,4100.0,4070.0
08.04.2025,Kurunegala,Heen,4500.0,4500.0
22.04.2025,Matara,C-5,4000.0,3990.0
22.04.2025,Matara,C-5 Sp,4300.0,4233.0
22.04.2025,Matara,Alba,4600.0,4550.0
22.04.2025,Galle,H-2,3500.0,3400.0
22.04.2025,Kalutara,H-2,2300.0,2300.0
22.04.2025,Galle,C-4,3900.0,3850.0
22.04.2025,Galle,C-5,4000.0,3950.0
22.04.2025,Galle,C-5 Sp,4300.0,4250.0
22.04.2025,Galle,Alba,5100.0,4800.0
22.04.2025,Matara,C-4,3900.0,3850.0
22.04.2025,Galle,H-1,3650.0,3625.0
22.04.2025,Matara,M-5,3800.0,3750.0
22.04.2025,Hambantota,C-4,3850.0,3850.0
22.04.2025,Matara,H-1,3650.0,3610.0
22.04.2025,Matara,H-2,3600.0,3362.0
22.04.2025,Matara,H-Faq,3400.0,3220.0
22.04.2025,Hambantota,C-5,4000.0,4000.0
22.04.2025,Hambantota,H-1,3650.0,3650.0
22.04.2025,Hambantota,H-2,3550.0,3525.0
22.04.2025,Monaragala,H-1,3500.0,3500.0
22.04.2025,Monaragala,H-2,3300.0,3200.0
22.04.2025,Monaragala,Heen,2200.0,2100.0
22.04.2025,Monaragala,Gorosu,2000.0,1900.0
22.04.2025,Kalutara,H-1,2500.0,2495.0
22.04.2025,Matara,M-4,3700.0,3662.0
22.04.2025,Kalutara,M-4,3000.0,2975.0
22.04.2025,Kalutara,M-5,3100.0,3065.0
22.04.2025,Kalutara,C-4,3500.0,3490.0
22.04.2025,Ratnapura,C-5 Sp,3950.0,3900.0
22.04.2025,Ratnapura,C-5,3850.0,3800.0
22.04.2025,Ratnapura,C-4,3750.0,3650.0
22.04.2025,Ratnapura,H-1,3550.0,3500.0
22.04.2025,Ratnapura,H-2,3400.0,3250.0
22.04.2025,Badulla,C-5,3800.0,3800.0
22.04.2025,Badulla,C-4,3700.0,3700.0
22.04.2025,Badulla,H-1,3500.0,3500.0
22.04.2025,Badulla,H-2,3400.0,3400.0
22.04.2025,Badulla,Heen,3000.0,2875.0
22.04.2025,Badulla,Gorosu,2500.0,2375.0
22.04.2025,Kurunegala,Heen,5000.0,5000.0
22.04.2025,Ratnapura,Alba,4500.0,4500.0
22.04.2025,Colombo,C-5 Sp,4000.0,4000.0
22.04.2025,Colombo,C-5,3850.0,3850.0
22.04.2025,Colombo,C-4,3750.0,3750.0
22.04.2025,Colombo,H-1,3300.0,3300.0
22.04.2025,Colombo,H-2,3200.0,3200.0
22.04.2025,Gampaha,C-5,3850.0,3800.0
22.04.2025,Gampaha,C-4,3750.0,3700.0
22.04.2025,Gampaha,Gorosu,2100.0,1900.0
22.04.2025,Kalutara,Alba,4500.0,4480.0
22.04.2025,Kalutara,C-5 Sp,4100.0,4070.0
22.04.2025,Kalutara,C-5,3700.0,3695.0
22.04.2025,Kurunegala,Gorosu,3500.0,3500.0
29.04.2025,Matara,C-5,4100.0,3962.0
29.04.2025,Matara,C-5 Sp,4300.0,4150.0
29.04.2025,Matara,Alba,4600.0,4550.0
29.04.2025,Galle,H-2,3600.0,3500.0
29.04.2025,Kalutara,H-2,2300.0,2300.0
29.04.2025,Galle,C-4,3800.0,3800.0
29.04.2025,Galle,C-5,3900.0,3900.0
29.04.2025,Galle,C-5 Sp,4300.0,4250.0
29.04.2025,Galle,Alba,5800.0,5150.0
29.04.2025,Matara,C-4,3900.0,3864.0
29.04.2025,Galle,H-1,3700.0,3650.0
29.04.2025,Matara,M-5,3800.0,3767.0
29.04.2025,Hambantota,C-4,3850.0,3850.0
29.04.2025,Matara,H-1,3600.0,3585.0
29.04.2025,Matara,H-2,3600.0,3550.0
29.04.2025,Matara,H-Faq,3300.0,3190.0
29.04.2025,Hambantota,C-5,4000.0,4000.0
29.04.2025,Hambantota,H-1,3650.0,3650.0
29.04.2025,Hambantota,H-2,3600.0,3575.0
29.04.2025,Monaragala,H-1,3600.0,3500.0
29.04.2025,Monaragala,H-2,3400.0,3300.0
29.04.2025,Monaragala,Heen,2200.0,2100.0
29.04.2025,Monaragala,Gorosu,2000.0,1900.0
29.04.2025,Kalutara,H-1,2500.0,2495.0
29.04.2025,Matara,M-4,3700.0,3700.0
29.04.2025,Kalutara,M-4,3000.0,2975.0
29.04.2025,Kalutara,M-5,3100.0,3065.0
29.04.2025,Kalutara,C-4,3500.0,3490.0
29.04.2025,Ratnapura,C-5 Sp,4000.0,3900.0
29.04.2025,Ratnapura,C-5,3850.0,3800.0
29.04.2025,Ratnapura,C-4,3750.0,3650.0
29.04.2025,Ratnapura,H-1,3600.0,3500.0
29.04.2025,Ratnapura,H-2,3400.0,3300.0
29.04.2025,Badulla,C-5,3750.0,3750.0
29.04.2025,Badulla,C-4,3650.0,3650.0
29.04.2025,Badulla,H-1,3500.0,3500.0
29.04.2025,Badulla,H-2,3400.0,3400.0
29.04.2025,Badulla,Heen,3000.0,2700.0
29.04.2025,Badulla,Gorosu,2500.0,1950.0
29.04.2025,Kurunegala,Heen,4500.0,4500.0
29.04.2025,Ratnapura,Alba,4500.0,4500.0
29.04.2025,Colombo,C-5 Sp,4000.0,4000.0
29.04.2025,Colombo,C-5,3900.0,3900.0
29.04.2025,Colombo,C-4,3750.0,3750.0
29.04.2025,Colombo,H-1,3300.0,3300.0
29.04.2025,Colombo,H-2,3200.0,3200.0
29.04.2025,Gampaha,C-5,3850.0,3800.0
29.04.2025,Gampaha,C-4,3750.0,3700.0
29.04.2025,Gampaha,Gorosu,2100.0,1900.0
29.04.2025,Kalutara,Alba,4500.0,4480.0
29.04.2025,Kalutara,C-5 Sp,4100.0,4070.0
29.04.2025,Kalutara,C-5,3700.0,3695.0
29.04.2025,Kurunegala,Gorosu,3000.0,3000.0
07.05.2025,Matara,C-4,3900.0,3821.0
07.05.2025,Matara,C-5,4000.0,3875.0
07.05.2025,Matara,C-5 Sp,4200.0,4133.0
07.05.2025,Matara,Alba,4600.0,4550.0
07.05.2025,Galle,C-5 Sp,4200.0,4125.0
07.05.2025,Galle,H-1,3600.0,3600.0
07.05.2025,Galle,C-4,3900.0,3825.0
07.05.2025,Galle,C-5,4000.0,3925.0
07.05.2025,Matara,M-5,3800.0,3717.0
07.05.2025,Galle,H-2,3500.0,3475.0
07.05.2025,Matara,M-4,3750.0,3667.0
07.05.2025,Hambantota,H-1,3600.0,3550.0
07.05.2025,Matara,H-2,3500.0,3471.0
07.05.2025,Matara,H-Faq,3200.0,3150.0
07.05.2025,Hambantota,C-5,4000.0,3950.0
07.05.2025,Hambantota,C-4,3850.0,3825.0
07.05.2025,Hambantota,H-2,3500.0,3500.0
07.05.2025,Monaragala,C-4,3600.0,3600.0
07.05.2025,Monaragala,H-1,3400.0,3300.0
07.05.2025,Monaragala,H-2,3200.0,3100.0
07.05.2025,Monaragala,Heen,2100.0,2000.0
07.05.2025,Monaragala,Gorosu,1900.0,1800.0
07.05.2025,Galle,Alba,4800.0,4650.0
07.05.2025,Matara,H-1,3600.0,3500.0
07.05.2025,Kalutara,H-2,2300.0,2300.0
07.05.2025,Kalutara,H-1,2500.0,2495.0
07.05.2025,Badulla,C-5,3800.0,3800.0
07.05.2025,Kalutara,M-4,3000.0,2975.0
07.05.2025,Ratnapura,Alba,4500.0,4500.0
07.05.2025,Ratnapura,C-5 Sp,4000.0,3900.0
07.05.2025,Ratnapura,C-5,3850.0,3800.0
07.05.2025,Ratnapura,C-4,3750.0,3650.0
07.05.2025,Ratnapura,H-1,3550.0,3500.0
07.05.2025,Ratnapura,H-2,3450.0,3350.0
07.05.2025,Badulla,C-4,3600.0,3600.0
07.05.2025,Badulla,H-1,3400.0,3400.0
07.05.2025,Badulla,H-2,3200.0,3200.0
07.05.2025,Badulla,Gorosu,1900.0,1883.0
07.05.2025,Colombo,C-5 Sp,4300.0,4300.0
07.05.2025,Badulla,Heen,2100.0,2067.0
07.05.2025,Colombo,C-4,3800.0,3800.0
07.05.2025,Kalutara,M-5,3100.0,3065.0
07.05.2025,Kalutara,C-4,3500.0,3490.0
07.05.2025,Kalutara,C-5,3700.0,3695.0
07.05.2025,Kalutara,C-5 Sp,4100.0,4070.0
07.05.2025,Colombo,C-5,4000.0,4000.0
07.05.2025,Gampaha,Gorosu,2100.0,1900.0
07.05.2025,Kalutara,Alba,4500.0,4480.0
07.05.2025,Gampaha,C-5,3750.0,3700.0
07.05.2025,Colombo,H-2,3000.0,3000.0
07.05.2025,Colombo,H-1,3200.0,3200.0
07.05.2025,Gampaha,C-4,3650.0,3600.0
14.05.2025,Matara,C-5,4000.0,3888.0
14.05.2025,Galle,H-2,3500.0,3450.0
14.05.2025,Matara,C-5 Sp,4200.0,4100.0
14.05.2025,Matara,Alba,4600.0,4550.0
14.05.2025,Galle,H-1,3600.0,3575.0
14.05.2025,Kalutara,H-1,2500.0,2495.0
14.05.2025,Galle,C-5,4100.0,4000.0
14.05.2025,Galle,C-5 Sp,4200.0,4200.0
14.05.2025,Galle,Alba,4700.0,4600.0
14.05.2025,Kalutara,H-2,2300.0,2300.0
14.05.2025,Matara,C-4,3950.0,3821.0
14.05.2025,Galle,C-4,3950.0,3875.0
14.05.2025,Matara,M-5,3800.0,3717.0
14.05.2025,Monaragala,Heen,2100.0,2000.0
14.05.2025,Matara,H-1,3600.0,3500.0
14.05.2025,Matara,H-2,3550.0,3444.0
14.05.2025,Matara,H-Faq,3200.0,3150.0
14.05.2025,Hambantota,C-5,4000.0,2975.0
14.05.2025,Hambantota,C-4,3800.0,3800.0
14.05.2025,Hambantota,H-1,3550.0,3525.0
14.05.2025,Hambantota,H-2,3450.0,3450.0
14.05.2025,Monaragala,C-4,3600.0,3600.0
14.05.2025,Monaragala,H-1,3400.0,3300.0
14.05.2025,Monaragala,H-2,3200.0,3150.0
14.05.2025,Monaragala,Gorosu,1900.0,1850.0
14.05.2025,Matara,M-4,3750.0,3667.0
14.05.2025,Kalutara,M-4,3000.0,2975.0
14.05.2025,Ratnapura,C-5 Sp,4000.0,3900.0
14.05.2025,Kalutara,C-4,3500.0,3490.0
14.05.2025,Ratnapura,Alba,4500.0,4500.0
14.05.2025,Ratnapura,C-5,3800.0,3700.0
14.05.2025,Ratnapura,C-4,3650.0,3500.0
14.05.2025,Ratnapura,H-1,3450.0,3400.0
14.05.2025,Ratnapura,H-2,3350.0,3300.0
14.05.2025,Badulla,C-5,3800.0,3800.0
14.05.2025,Badulla,C-4,3700.0,3700.0
14.05.2025,Badulla,H-1,3500.0,3500.0
14.05.2025,Badulla,H-2,3300.0,3300.0
14.05.2025,Badulla,Heen,3000.0,2800.0
14.05.2025,Badulla,Gorosu,2100.0,2025.0
14.05.2025,Kurunegala,Heen,4000.0,4000.0
14.05.2025,Kalutara,M-5,3100.0,3065.0
14.05.2025,Colombo,C-5 Sp,4200.0,4200.0
14.05.2025,Colombo,C-5,4000.0,4000.0
14.05.2025,Colombo,C-4,3750.0,3750.0
14.05.2025,Colombo,H-1,3200.0,3200.0
14.05.2025,Colombo,H-2,3000.0,3000.0
14.05.2025,Gampaha,C-5,3750.0,3700.0
14.05.2025,Gampaha,C-4,3650.0,3600.0
14.05.2025,Gampaha,Gorosu,2100.0,1900.0
14.05.2025,Kalutara,Alba,4500.0,4480.0
14.05.2025,Kalutara,C-5 Sp,4100.0,4070.0
14.05.2025,Kalutara,C-5,3700.0,3695.0
14.05.2025,Kurunegala,Gorosu,2800.0,2800.0
20.05.2025,Matara,C-5,4000.0,3888.0
20.05.2025,Matara,C-5 Sp,4200.0,4133.0
20.05.2025,Matara,Alba,4500.0,4500.0
20.05.2025,Galle,H-2,3400.0,3350.0
20.05.2025,Kalutara,H-2,2300.0,2300.0
20.05.2025,Galle,C-4,3800.0,3750.0
20.05.2025,Galle,C-5,3900.0,3875.0
20.05.2025,Galle,C-5 Sp,4100.0,4050.0
20.05.2025,Galle,Alba,4900.0,4700.0
20.05.2025,Matara,C-4,3900.0,3793.0
20.05.2025,Galle,H-1,3500.0,3475.0
20.05.2025,Matara,M-5,3700.0,3633.0
20.05.2025,Hambantota,C-4,3800.0,3800.0
20.05.2025,Matara,H-1,3500.0,3430.0
20.05.2025,Matara,H-2,3400.0,3388.0
20.05.2025,Matara,H-Faq,3100.0,2980.0
20.05.2025,Hambantota,C-5,3900.0,3875.0
20.05.2025,Hambantota,H-1,3400.0,3375.0
20.05.2025,Hambantota,H-2,3350.0,3325.0
20.05.2025,Monaragala,C-4,3600.0,3533.0
20.05.2025,Monaragala,H-1,3300.0,3125.0
20.05.2025,Monaragala,H-2,3100.0,2950.0
20.05.2025,Monaragala,Heen,2100.0,2025.0
20.05.2025,Kalutara,H-1,2500.0,2495.0
20.05.2025,Matara,M-4,3600.0,3567.0
20.05.2025,Kalutara,M-4,3000.0,2975.0
20.05.2025,Monaragala,Gorosu,1850.0,1813.0
20.05.2025,Kalutara,C-4,3500.0,3490.0
20.05.2025,Ratnapura,Alba,4500.0,4500.0
20.05.2025,Ratnapura,C-5 Sp,4000.0,3900.0
20.05.2025,Ratnapura,C-5,3800.0,3700.0
20.05.2025,Ratnapura,C-4,3650.0,3550.0
20.05.2025,Ratnapura,H-1,3450.0,3400.0
20.05.2025,Ratnapura,H-2,3350.0,3300.0
20.05.2025,Badulla,C-5,3750.0,3750.0
20.05.2025,Badulla,C-4,3650.0,3650.0
20.05.2025,Badulla,H-1,3500.0,3500.0
20.05.2025,Badulla,H-2,3400.0,3400.0
20.05.2025,Badulla,Heen,2500.0,2450.0
20.05.2025,Badulla,Gorosu,2000.0,1875.0
20.05.2025,Kalutara,M-5,3100.0,3065.0
20.05.2025,Kurunegala,Gorosu,2800.0,2800.0
20.05.2025,Kalutara,C-5,3700.0,3695.0
20.05.2025,Kalutara,C-5 Sp,4100.0,4070.0
20.05.2025,Kalutara,Alba,4500.0,4480.0
20.05.2025,Kurunegala,Heen,4000.0,4000.0
20.05.2025,Gampaha,C-4,3650.0,3600.0
20.05.2025,Gampaha,Gorosu,2100.0,1900.0
20.05.2025,Colombo,H-2,3000.0,3000.0
20.05.2025,Colombo,H-1,3200.0,3200.0
20.05.2025,Colombo,C-4,3800.0,3800.0
20.05.2025,Colombo,C-5,4000.0,4000.0
20.05.2025,Colombo,C-5 Sp,4200.0,4200.0
20.05.2025,Gampaha,C-5,3750.0,3700.0
27.05.2025,Matara,C-5 Sp,4200.0,4067.0
27.05.2025,Matara,Alba,4600.0,4525.0
27.05.2025,Galle,H-2,3400.0,3325.0
27.05.2025,Galle,H-1,3600.0,3550.0
27.05.2025,Kalutara,H-1,2500.0,2495.0
27.05.2025,Galle,C-5,3950.0,3950.0
27.05.2025,Galle,C-5 Sp,4150.0,4125.0
27.05.2025,Galle,Alba,4700.0,4600.0
27.05.2025,Kalutara,H-2,2300.0,2300.0
27.05.2025,Matara,C-5,3900.0,3825.0
27.05.2025,Galle,C-4,3800.0,3800.0
27.05.2025,Matara,C-4,3800.0,3786.0
27.05.2025,Hambantota,C-5,3800.0,3800.0
27.05.2025,Matara,M-4,3600.0,3567.0
27.05.2025,Matara,H-1,3400.0,3338.0
27.05.2025,Matara,H-2,3300.0,3250.0
27.05.2025,Matara,H-Faq,3000.0,2950.0
27.05.2025,Hambantota,C-4,3650.0,3625.0
27.05.2025,Hambantota,H-1,3300.0,3300.0
27.05.2025,Hambantota,H-2,3250.0,3250.0
27.05.2025,Monaragala,H-1,3000.0,3000.0
27.05.2025,Monaragala,H-2,2850.0,2788.0
27.05.2025,Monaragala,Heen,2100.0,2020.0
27.05.2025,Kalutara,M-4,3000.0,2975.0
27.05.2025,Matara,M-5,3700.0,3683.0
27.05.2025,Monaragala,Gorosu,1900.0,1820.0
27.05.2025,Kalutara,M-5,3100.0,3065.0
27.05.2025,Kalutara,C-5,3700.0,3695.0
27.05.2025,Kalutara,C-4,3500.0,3190.0
27.05.2025,Ratnapura,Alba,4500.0,4500.0
27.05.2025,Ratnapura,C-5 Sp,3900.0,3850.0
27.05.2025,Ratnapura,C-5,3800.0,3700.0
27.05.2025,Ratnapura,C-4,3650.0,3550.0
27.05.2025,Ratnapura,H-1,3500.0,3400.0
27.05.2025,Ratnapura,H-2,3350.0,3250.0
27.05.2025,Badulla,C-4,3600.0,3600.0
27.05.2025,Badulla,H-1,3400.0,3400.0
27.05.2025,Badulla,H-2,3200.0,3200.0
27.05.2025,Badulla,Heen,2500.0,2425.0
27.05.2025,Badulla,Gorosu,2000.0,1925.0
27.05.2025,Badulla,C-5,3800.0,3800.0
27.05.2025,Kurunegala,Gorosu,2800.0,2800.0
27.05.2025,Kalutara,C-5 Sp,4100.0,4070.0
27.05.2025,Kurunegala,Heen,4000.0,4000.0
27.05.2025,Kalutara,Alba,4500.0,4490.0
27.05.2025,Gampaha,Gorosu,2100.0,1900.0
27.05.2025,Gampaha,C-5,3750.0,3700.0
27.05.2025,Gampaha,C-4,3650.0,3600.0
27.05.2025,Colombo,H-1,3200.0,3200.0
27.05.2025,Colombo,C-4,3800.0,3800.0
27.05.2025,Colombo,C-5,4000.0,4000.0
27.05.2025,Colombo,C-5 Sp,4200.0,4200.0
27.05.2025,Colombo,H-2,3000.0,3000.0
03.06.2025,Galle,H-2,3400.0,3350.0
03.06.2025,Matara,C-5,3900.0,3817.0
03.06.2025,Matara,C-5 Sp,4200.0,4083.0
03.06.2025,Matara,Alba,4600.0,4525.0
03.06.2025,Galle,H-1,3750.0,3550.0
03.06.2025,Kalutara,H-2,2300.0,2300.0
03.06.2025,Galle,C-5,4000.0,3900.0
03.06.2025,Galle,C-5 Sp,4400.0,4250.0
03.06.2025,Galle,Alba,4900.0,4700.0
03.06.2025,Matara,C-4,3800.0,3744.0
03.06.2025,Galle,C-4,3800.0,3750.0
03.06.2025,Matara,M-5,3700.0,3667.0
03.06.2025,Monaragala,Heen,2100.0,2000.0
03.06.2025,Monaragala,Gorosu,1800.0,1750.0
03.06.2025,Matara,H-1,3400.0,3338.0
03.06.2025,Matara,H-2,3400.0,3313.0
03.06.2025,Matara,H-Faq,3200.0,3000.0
03.06.2025,Hambantota,C-5,3800.0,3800.0
03.06.2025,Hambantota,C-4,3700.0,3675.0
03.06.2025,Hambantota,H-1,3350.0,3350.0
03.06.2025,Hambantota,H-2,3300.0,3300.0
03.06.2025,Monaragala,C-4,3500.0,3500.0
03.06.2025,Monaragala,H-1,3300.0,3150.0
03.06.2025,Monaragala,H-2,3100.0,2900.0
03.06.2025,Kalutara,H-1,2500.0,2495.0
03.06.2025,Matara,M-4,3650.0,3600.0
03.06.2025,Kalutara,M-4,3000.0,2975.0
03.06.2025,Badulla,Gorosu,2050.0,2050.0
03.06.2025,Kalutara,C-4,3500.0,3490.0
03.06.2025,Ratnapura,Alba,4500.0,4500.0
03.06.2025,Ratnapura,C-5 Sp,3900.0,3850.0
03.06.2025,Ratnapura,C-5,3750.0,3700.0
03.06.2025,Ratnapura,C-4,3650.0,3600.0
03.06.2025,Ratnapura,H-1,3500.0,3400.0
03.06.2025,Ratnapura,H-2,3350.0,3300.0
03.06.2025,Badulla,C-5,3700.0,3700.0
03.06.2025,Badulla,C-4,3600.0,3600.0
03.06.2025,Badulla,H-1,3400.0,3400.0
03.06.2025,Badulla,H-2,3200.0,3200.0
03.06.2025,Badulla,Heen,2500.0,2500.0
03.06.2025,Kurunegala,Heen,4000.0,4000.0
03.06.2025,Kalutara,M-5,3100.0,3065.0
03.06.2025,Colombo,C-5 Sp,4100.0,4100.0
03.06.2025,Kalutara,C-5,3700.0,3695.0
03.06.2025,Kalutara,C-5 Sp,4100.0,4070.0
03.06.2025,Kalutara,Alba,4500.0,4490.0
03.06.2025,Gampaha,Gorosu,2100.0,1900.0
03.06.2025,Gampaha,C-4,3650.0,3600.0
03.06.2025,Kurunegala,Gorosu,2800.0,2600.0
03.06.2025,Colombo,H-2,3000.0,3000.0
03.06.2025,Colombo,H-1,3200.0,3200.0
03.06.2025,Colombo,C-4,3700.0,3700.0
03.06.2025,Colombo,C-5,4000.0,4000.0
03.06.2025,Gampaha,C-5,3750.0,3700.0
11.06.2025,Matara,C-4,3800.0,3657.0
11.06.2025,Matara,C-5,3900.0,3783.0
11.06.2025,Matara,C-5 Sp,4100.0,3950.0
11.06.2025,Matara,Alba,4500.0,4350.0
11.06.2025,Galle,H-2,3300.0,3275.0
11.06.2025,Galle,C-5,3950.0,3875.0
11.06.2025,Galle,C-5 Sp,4200.0,4175.0
11.06.2025,Galle,Alba,4700.0,4600.0
11.06.2025,Kalutara,H-2,2300.0,2300.0
11.06.2025,Matara,M-5,3650.0,3550.0
11.06.2025,Galle,H-1,3450.0,3400.0
11.06.2025,Matara,M-4,3550.0,3450.0
11.06.2025,Hambantota,H-1,3100.0,3075.0
11.06.2025,Matara,H-2,3350.0,3206.0
11.06.2025,Matara,H-Faq,3000.0,2880.0
11.06.2025,Hambantota,C-5,3800.0,3800.0
11.06.2025,Hambantota,C-4,3650.0,3625.0
11.06.2025,Kalutara,H-1,2500.0,2495.0
11.06.2025,Hambantota,H-2,3000.0,3000.0
11.06.2025,Monaragala,C-4,3500.0,3500.0
11.06.2025,Monaragala,H-1,3300.0,3250.0
11.06.2025,Monaragala,H-2,3100.0,3050.0
11.06.2025,Monaragala,Heen,2100.0,2000.0
11.06.2025,Monaragala,Gorosu,1800.0,1700.0
11.06.2025,Matara,H-1,3400.0,3288.0
11.06.2025,Kalutara,M-4,3000.0,2975.0
11.06.2025,Galle,C-4,3700.0,3700.0
11.06.2025,Kalutara,C-4,3500.0,3490.0
11.06.2025,Kalutara,M-5,3100.0,3065.0
11.06.2025,Ratnapura,C-5 Sp,3800.0,3750.0
11.06.2025,Ratnapura,C-5,3700.0,3650.0
11.06.2025,Ratnapura,C-4,3600.0,3500.0
11.06.2025,Ratnapura,H-1,3300.0,3250.0
11.06.2025,Ratnapura,H-2,3100.0,3000.0
11.06.2025,Badulla,C-5,3700.0,3700.0
11.06.2025,Badulla,C-4,3650.0,3650.0
11.06.2025,Badulla,H-1,3300.0,3300.0
11.06.2025,Badulla,H-2,3200.0,3200.0
11.06.2025,Badulla,Heen,3000.0,2883.0
11.06.2025,Badulla,Gorosu,2500.0,2183.0
11.06.2025,Kurunegala,Heen,4000.0,4000.0
11.06.2025,Ratnapura,Alba,4400.0,4300.0
11.06.2025,Colombo,C-5 Sp,4000.0,4000.0
11.06.2025,Kurunegala,Gorosu,2800.0,2800.0
11.06.2025,Kalutara,C-5 Sp,4100.0,4070.0
11.06.2025,Kalutara,Alba,4500.0,4490.0
11.06.2025,Gampaha,Gorosu,2100.0,1900.0
11.06.2025,Gampaha,C-4,3650.0,3600.0
11.06.2025,Kalutara,C-5,3700.0,3695.0
11.06.2025,Gampaha,C-5,3750.0,3700.0
11.06.2025,Colombo,H-2,3000.0,3000.0
11.06.2025,Colombo,H-1,3200.0,3200.0
11.06.2025,Colombo,C-4,3800.0,3800.0
11.06.2025,Colombo,C-5,3900.0,3900.0
17.06.2025,Matara,C-4,3750.0,3667.0
17.06.2025,Matara,C-5,3900.0,3833.0
17.06.2025,Matara,C-5 Sp,4200.0,4000.0
17.06.2025,Matara,Alba,4500.0,4475.0
17.06.2025,Galle,C-4,3750.0,3750.0
17.06.2025,Kalutara,H-2,2500.0,2500.0
17.06.2025,Galle,C-5,4000.0,3950.0
17.06.2025,Galle,C-5 Sp,4200.0,4100.0
17.06.2025,Galle,Alba,4600.0,4550.0
17.06.2025,Matara,M-5,3700.0,3588.0
17.06.2025,Galle,H-2,3200.0,3200.0
17.06.2025,Matara,M-4,3450.0,3450.0
17.06.2025,Hambantota,H-1,3300.0,3250.0
17.06.2025,Matara,H-2,3150.0,3113.0
17.06.2025,Matara,H-Faq,3000.0,2825.0
17.06.2025,Hambantota,C-5,3800.0,3800.0
17.06.2025,Hambantota,C-4,3650.0,3625.0
17.06.2025,Hambantota,H-2,3150.0,3150.0
17.06.2025,Monaragala,C-4,3500.0,3500.0
17.06.2025,Monaragala,H-1,3200.0,3100.0
17.06.2025,Monaragala,H-2,3100.0,3050.0
17.06.2025,Monaragala,Heen,2100.0,2000.0
17.06.2025,Monaragala,Gorosu,1900.0,1800.0
17.06.2025,Kalutara,H-1,2700.0,2670.0
17.06.2025,Matara,H-1,3250.0,3210.0
17.06.2025,Kalutara,M-4,3000.0,2975.0
17.06.2025,Galle,H-1,3400.0,3375.0
17.06.2025,Kalutara,C-4,3500.0,3490.0
17.06.2025,Ratnapura,C-5 Sp,3850.0,3800.0
17.06.2025,Ratnapura,C-5,3700.0,3650.0
17.06.2025,Ratnapura,C-4,3500.0,3450.0
17.06.2025,Ratnapura,H-1,3300.0,3250.0
17.06.2025,Ratnapura,H-2,3200.0,3100.0
17.06.2025,Badulla,C-5,3700.0,3700.0
17.06.2025,Badulla,C-4,3600.0,3600.0
17.06.2025,Badulla,H-1,3300.0,3300.0
17.06.2025,Badulla,H-2,3200.0,3200.0
17.06.2025,Badulla,Heen,2800.0,2666.0
17.06.2025,Badulla,Gorosu,2300.0,2150.0
17.06.2025,Kurunegala,Heen,3500.0,3500.0
17.06.2025,Ratnapura,Alba,4300.0,4300.0
17.06.2025,Colombo,C-5 Sp,4000.0,4000.0
17.06.2025,Kurunegala,Gorosu,2800.0,2800.0
17.06.2025,Kalutara,C-5,3700.0,3695.0
17.06.2025,Kalutara,C-5 Sp,4100.0,4070.0
17.06.2025,Kalutara,Alba,4500.0,4490.0
17.06.2025,Gampaha,Gorosu,2100.0,1900.0
17.06.2025,Gampaha,C-4,3650.0,3600.0
17.06.2025,Kalutara,M-5,3100.0,3065.0
17.06.2025,Colombo,H-2,2800.0,2800.0
17.06.2025,Colombo,H-1,3000.0,3000.0
17.06.2025,Colombo,C-4,3600.0,3600.0
17.06.2025,Gampaha,C-5,3750.0,3700.0
17.06.2025,Colombo,C-5,3800.0,3800.0
24.06.2025,Monaragala,Gorosu,1900.0,1800.0
24.06.2025,Matara,C-5 Sp,4200.0,3983.0
24.06.2025,Matara,Alba,4500.0,4500.0
24.06.2025,Galle,H-2,3300.0,3250.0
24.06.2025,Galle,H-1,3400.0,3375.0
24.06.2025,Galle,C-5,4000.0,3950.0
24.06.2025,Matara,C-5,3900.0,3767.0
24.06.2025,Galle,C-5 Sp,4150.0,4125.0
24.06.2025,Galle,Alba,4700.0,4600.0
24.06.2025,Kalutara,H-2,2600.0,2600.0
24.06.2025,Kalutara,H-1,2800.0,2765.0
24.06.2025,Galle,C-4,3800.0,3775.0
24.06.2025,Matara,C-4,3750.0,3650.0
24.06.2025,Matara,H-1,3400.0,3210.0
24.06.2025,Matara,M-4,3600.0,3500.0
24.06.2025,Matara,H-2,3300.0,3194.0
24.06.2025,Matara,H-Faq,2900.0,2800.0
24.06.2025,Hambantota,C-5,3800.0,3775.0
24.06.2025,Hambantota,H-1,3300.0,3275.0
24.06.2025,Hambantota,H-2,3200.0,3200.0
24.06.2025,Monaragala,C-4,3600.0,3600.0
24.06.2025,Monaragala,H-1,3300.0,3200.0
24.06.2025,Monaragala,H-2,3100.0,3050.0
24.06.2025,Monaragala,Heen,2100.0,2000.0
24.06.2025,Kalutara,M-4,3000.0,2900.0
24.06.2025,Matara,M-5,3700.0,3567.0
24.06.2025,Hambantota,C-4,3650.0,3625.0
24.06.2025,Kalutara,M-5,3100.0,3065.0
24.06.2025,Kalutara,C-5,3700.0,3695.0
24.06.2025,Kalutara,C-4,3500.0,3490.0
24.06.2025,Ratnapura,Alba,4300.0,4300.0
24.06.2025,Ratnapura,C-5 Sp,3850.0,3800.0
24.06.2025,Ratnapura,C-5,3700.0,3650.0
24.06.2025,Ratnapura,C-4,3500.0,3450.0
24.06.2025,Ratnapura,H-1,3300.0,3250.0
24.06.2025,Ratnapura,H-2,3200.0,3100.0
24.06.2025,Badulla,C-4,3600.0,3600.0
24.06.2025,Badulla,H-1,3100.0,3100.0
24.06.2025,Badulla,H-2,3000.0,3000.0
24.06.2025,Badulla,Heen,2400.0,2325.0
24.06.2025,Badulla,Gorosu,2100.0,2025.0
24.06.2025,Badulla,C-5,3700.0,3700.0
24.06.2025,Kurunegala,Gorosu,2000.0,2000.0
24.06.2025,Kalutara,C-5 Sp,4100.0,4070.0
24.06.2025,Kurunegala,Heen,3000.0,3000.0
24.06.2025,Kalutara,Alba,4500.0,4490.0
24.06.2025,Gampaha,Gorosu,2100.0,1900.0
24.06.2025,Gampaha,C-5,3750.0,3700.0
24.06.2025,Gampaha,C-4,3650.0,3600.0
24.06.2025,Colombo,H-1,3100.0,3100.0
24.06.2025,Colombo,C-4,3650.0,3650.0
24.06.2025,Colombo,C-5,3750.0,3750.0
24.06.2025,Colombo,C-5 Sp,4000.0,4000.0
24.06.2025,Colombo,H-2,2900.0,2900.0
01.07.2025,Galle,H-2,3350.0,3275.0
01.07.2025,Matara,C-5,4000.0,3850.0
01.07.2025,Matara,C-5 Sp,4200.0,4033.0
01.07.2025,Matara,Alba,4700.0,4550.0
01.07.2025,Galle,H-1,3400.0,3375.0
01.07.2025,Kalutara,H-2,2800.0,2800.0
01.07.2025,Galle,C-5,3900.0,3850.0
01.07.2025,Galle,C-5 Sp,4100.0,4050.0
01.07.2025,Galle,Alba,4500.0,4450.0
01.07.2025,Matara,C-4,3800.0,3721.0
01.07.2025,Galle,C-4,3800.0,3775.0
01.07.2025,Matara,M-5,3700.0,3633.0
01.07.2025,Monaragala,Gorosu,1800.0,1760.0
01.07.2025,Matara,H-1,3400.0,3288.0
01.07.2025,Matara,H-2,3300.0,3200.0
01.07.2025,Matara,H-Faq,3000.0,2825.0
01.07.2025,Hambantota,C-5,3750.0,3750.0
01.07.2025,Hambantota,C-4,3650.0,3650.0
01.07.2025,Hambantota,H-1,3300.0,3275.0
01.07.2025,Hambantota,H-2,3250.0,3225.0
01.07.2025,Monaragala,C-4,3600.0,3600.0
01.07.2025,Monaragala,H-1,3300.0,3266.0
01.07.2025,Monaragala,H-2,3100.0,3066.0
01.07.2025,Monaragala,Heen,2100.0,2040.0
01.07.2025,Kalutara,H-1,2900.0,2880.0
01.07.2025,Matara,M-4,3600.0,3533.0
01.07.2025,Kalutara,M-4,3000.0,2975.0
01.07.2025,Badulla,C-5,3700.0,3700.0
01.07.2025,Kalutara,C-4,3500.0,3490.0
01.07.2025,Ratnapura,C-5 Sp,3950.0,3900.0
01.07.2025,Ratnapura,C-5,3800.0,3750.0
01.07.2025,Ratnapura,C-4,3700.0,3650.0
01.07.2025,Ratnapura,H-1,3400.0,3300.0
01.07.2025,Ratnapura,H-2,3100.0,3000.0
01.07.2025,Kalutara,M-5,3100.0,3070.0
01.07.2025,Badulla,C-4,3500.0,3500.0
01.07.2025,Badulla,H-1,3200.0,3200.0
01.07.2025,Badulla,H-2,3000.0,3000.0
01.07.2025,Badulla,Heen,2500.0,2500.0
01.07.2025,Badulla,Gorosu,2000.0,1875.0
01.07.2025,Kurunegala,Heen,3000.0,3000.0
01.07.2025,Ratnapura,Alba,4500.0,4500.0
01.07.2025,Colombo,C-5 Sp,4000.0,4000.0
01.07.2025,Colombo,C-5,3800.0,3800.0
01.07.2025,Colombo,C-4,3700.0,3700.0
01.07.2025,Colombo,H-1,3100.0,3100.0
01.07.2025,Colombo,H-2,3000.0,3000.0
01.07.2025,Gampaha,C-5,3750.0,3700.0
01.07.2025,Gampaha,C-4,3650.0,3600.0
01.07.2025,Gampaha,Gorosu,2100.0,1900.0
01.07.2025,Kalutara,Alba,4500.0,4490.0
01.07.2025,Kalutara,C-5 Sp,4100.0,4070.0
01.07.2025,Kalutara,C-5,3700.0,3695.0
01.07.2025,Kurunegala,Gorosu,2000.0,2000.0
08.07.2025,Matara,C-5,4000.0,3863.0
08.07.2025,Matara,C-5 Sp,4200.0,4100.0
08.07.2025,Matara,Alba,4600.0,4525.0
08.07.2025,Galle,H-2,3200.0,3200.0
08.07.2025,Kalutara,H-2,2800.0,2800.0
08.07.2025,Galle,C-4,3750.0,3725.0
08.07.2025,Galle,C-5,3850.0,3850.0
08.07.2025,Galle,C-5 Sp,4200.0,4175.0
08.07.2025,Galle,Alba,4700.0,4600.0
08.07.2025,Matara,C-4,3800.0,3736.0
08.07.2025,Galle,H-1,3350.0,3325.0
08.07.2025,Matara,M-5,3700.0,3667.0
08.07.2025,Hambantota,C-4,3650.0,3650.0
08.07.2025,Matara,H-1,3400.0,3288.0
08.07.2025,Matara,H-2,3300.0,3213.0
08.07.2025,Matara,H-Faq,3000.0,2913.0
08.07.2025,Hambantota,C-5,3750.0,3750.0
08.07.2025,Hambantota,H-1,3300.0,3275.0
08.07.2025,Hambantota,H-2,3250.0,3250.0
08.07.2025,Monaragala,C-4,3600.0,3600.0
08.07.2025,Monaragala,H-1,3300.0,3200.0
08.07.2025,Monaragala,H-2,3100.0,3000.0
08.07.2025,Monaragala,Heen,2000.0,1900.0
08.07.2025,Kalutara,H-1,2900.0,2880.0
08.07.2025,Matara,M-4,3600.0,3567.0
08.07.2025,Kalutara,M-4,3000.0,2975.0
08.07.2025,Monaragala,Gorosu,1800.0,1750.0
08.07.2025,Kalutara,C-4,3500.0,3490.0
08.07.2025,Ratnapura,Alba,4500.0,4500.0
08.07.2025,Ratnapura,C-5 Sp,3900.0,3850.0
08.07.2025,Ratnapura,C-5,3820.0,3800.0
08.07.2025,Ratnapura,C-4,3750.0,3700.0
08.07.2025,Ratnapura,H-1,3300.0,3250.0
08.07.2025,Ratnapura,H-2,3100.0,3000.0
08.07.2025,Badulla,C-5,3750.0,3750.0
08.07.2025,Badulla,C-4,3600.0,3600.0
08.07.2025,Badulla,H-1,3300.0,3300.0
08.07.2025,Badulla,H-2,3200.0,3200.0
08.07.2025,Badulla,Heen,2500.0,2450.0
08.07.2025,Badulla,Gorosu,2000.0,1925.0
08.07.2025,Kalutara,M-5,3100.0,3070.0
08.07.2025,Kurunegala,Gorosu,2500.0,2500.0
08.07.2025,Kalutara,C-5,3700.0,3695.0
08.07.2025,Kalutara,C-5 Sp,4100.0,4070.0
08.07.2025,Kalutara,Alba,4500.0,4490.0
08.07.2025,Kurunegala,Heen,3000.0,3000.0
08.07.2025,Gampaha,C-4,3650.0,3600.0
08.07.2025,Gampaha,Gorosu,2100.0,1900.0
08.07.2025,Colombo,H-2,3000.0,3000.0
08.07.2025,Colombo,H-1,3100.0,3100.0
08.07.2025,Colombo,C-4,3600.0,3600.0
08.07.2025,Colombo,C-5,3700.0,3700.0
08.07.2025,Colombo,C-5 Sp,4000.0,4000.0
08.07.2025,Gampaha,C-5,3750.0,3700.0
15.07.2025,Matara,C-5 Sp,4200.0,4067.0
15.07.2025,Matara,Alba,4600.0,4525.0
15.07.2025,Galle,H-2,3100.0,3100.0
15.07.2025,Galle,H-1,3300.0,3300.0
15.07.2025,Kalutara,H-1,2900.0,2880.0
15.07.2025,Galle,C-5,3750.0,3750.0
15.07.2025,Galle,C-5 Sp,4000.0,4000.0
15.07.2025,Galle,Alba,4600.0,4550.0
15.07.2025,Kalutara,H-2,2800.0,2800.0
15.07.2025,Matara,C-5,4000.0,3863.0
15.07.2025,Galle,C-4,3800.0,3700.0
15.07.2025,Matara,C-4,3800.0,3736.0
15.07.2025,Hambantota,C-4,3650.0,3625.0
15.07.2025,Matara,M-4,3600.0,3550.0
15.07.2025,Matara,H-1,3300.0,3263.0
15.07.2025,Matara,H-2,3250.0,3200.0
15.07.2025,Hambantota,C-5,3750.0,3750.0
15.07.2025,Hambantota,H-1,3300.0,3275.0
15.07.2025,Hambantota,H-2,3250.0,3250.0
15.07.2025,Monaragala,C-4,3600.0,3600.0
15.07.2025,Monaragala,H-1,3300.0,3250.0
15.07.2025,Monaragala,H-2,3200.0,3100.0
15.07.2025,Monaragala,Heen,2200.0,2000.0
15.07.2025,Kalutara,M-4,3000.0,2975.0
15.07.2025,Matara,M-5,3750.0,3683.0
15.07.2025,Monaragala,Gorosu,1900.0,1800.0
15.07.2025,Kalutara,C-4,3500.0,3490.0
15.07.2025,Kalutara,C-5,3700.0,3695.0
15.07.2025,Kalutara,M-5,3100.0,3070.0
15.07.2025,Ratnapura,Alba,4500.0,4500.0
15.07.2025,Ratnapura,C-5 Sp,3900.0,3850.0
15.07.2025,Ratnapura,C-5,3800.0,3750.0
15.07.2025,Ratnapura,C-4,3650.0,3600.0
15.07.2025,Ratnapura,H-1,3350.0,3300.0
15.07.2025,Ratnapura,H-2,3100.0,3000.0
15.07.2025,Badulla,C-4,3400.0,3400.0
15.07.2025,Badulla,H-1,3200.0,3200.0
15.07.2025,Badulla,H-2,3000.0,3000.0
15.07.2025,Badulla,Heen,2800.0,2650.0
15.07.2025,Badulla,Gorosu,2500.0,2250.0
15.07.2025,Badulla,C-5,3500.0,3500.0
15.07.2025,Kurunegala,Gorosu,2000.0,2000.0
15.07.2025,Kurunegala,Heen,3000.0,3000.0
15.07.2025,Kalutara,Alba,4500.0,4490.0
15.07.2025,Gampaha,Gorosu,2100.0,1900.0
15.07.2025,Gampaha,C-4,3650.0,3600.0
15.07.2025,Gampaha,C-5,3750.0,3700.0
15.07.2025,Kalutara,C-5 Sp,4100.0,4070.0
15.07.2025,Colombo,H-1,3000.0,3000.0
15.07.2025,Colombo,C-4,3600.0,3600.0
15.07.2025,Colombo,C-5,3750.0,3750.0
15.07.2025,Colombo,C-5 Sp,3900.0,3900.0
15.07.2025,Colombo,H-2,2900.0,2900.0
22.07.2025,Matara,C-5,4000.0,3813.0
22.07.2025,Matara,C-5 Sp,4200.0,3967.0
22.07.2025,Matara,Alba,4600.0,4550.0
22.07.2025,Galle,H-2,3200.0,3175.0
22.07.2025,Galle,H-1,3350.0,3300.0
22.07.2025,Galle,C-5,3900.0,3900.0
22.07.2025,Galle,C-5 Sp,4100.0,4050.0
22.07.2025,Monaragala,Gorosu,1900.0,1850.0
22.07.2025,Kalutara,H-2,2800.0,2800.0
22.07.2025,Matara,C-4,3800.0,3721.0
22.07.2025,Galle,C-4,3700.0,3700.0
22.07.2025,Matara,M-5,3750.0,3550.0
22.07.2025,Kalutara,H-1,2900.0,2880.0
22.07.2025,Matara,H-1,3400.0,3275.0
22.07.2025,Matara,H-2,3250.0,3206.0
22.07.2025,Matara,H-Faq,2800.0,2725.0
22.07.2025,Hambantota,C-5,3750.0,3750.0
22.07.2025,Hambantota,C-4,3650.0,3625.0
22.07.2025,Hambantota,H-1,3500.0,3300.0
22.07.2025,Hambantota,H-2,3250.0,3250.0
22.07.2025,Monaragala,C-4,3500.0,3500.0
22.07.2025,Monaragala,H-1,3200.0,3150.0
22.07.2025,Monaragala,H-2,3100.0,3000.0
22.07.2025,Monaragala,Heen,2100.0,2000.0
22.07.2025,Matara,M-4,3600.0,3467.0
22.07.2025,Kalutara,M-4,3000.0,2975.0
22.07.2025,Galle,Alba,4700.0,4600.0
22.07.2025,Kalutara,C-4,3500.0,3490.0
22.07.2025,Kalutara,M-5,3100.0,3070.0
22.07.2025,Ratnapura,Alba,4500.0,4500.0
22.07.2025,Ratnapura,C-5 Sp,3950.0,3900.0
22.07.2025,Ratnapura,C-5,3800.0,3780.0
22.07.2025,Ratnapura,C-4,3700.0,3670.0
22.07.2025,Ratnapura,H-1,3250.0,3200.0
22.07.2025,Ratnapura,H-2,3050.0,3000.0
22.07.2025,Badulla,C-5,3700.0,3700.0
22.07.2025,Badulla,C-4,3600.0,3600.0
22.07.2025,Badulla,H-1,3300.0,3300.0
22.07.2025,Badulla,H-2,3200.0,3200.0
22.07.2025,Badulla,Heen,3000.0,2950.0
22.07.2025,Badulla,Gorosu,2500.0,2475.0
22.07.2025,Kalutara,C-5 Sp,4100.0,4070.0
22.07.2025,Kurunegala,Gorosu,2000.0,2000.0
22.07.2025,Kurunegala,Heen,3000.0,3000.0
22.07.2025,Kalutara,Alba,4500.0,4490.0
22.07.2025,Gampaha,Gorosu,2100.0,1900.0
22.07.2025,Gampaha,C-4,3650.0,3600.0
22.07.2025,Gampaha,C-5,3750.0,3700.0
22.07.2025,Kalutara,C-5,3700.0,3695.0
22.07.2025,Colombo,H-1,3000.0,3000.0
22.07.2025,Colombo,C-4,3650.0,3650.0
22.07.2025,Colombo,C-5,3850.0,3850.0
22.07.2025,Colombo,C-5 Sp,4000.0,4000.0
22.07.2025,Colombo,H-2,2900.0,2900.0
29.07.2025,Matara,C-4,3800.0,3736.0
29.07.2025,Matara,C-5,4000.0,3825.0
29.07.2025,Matara,C-5 Sp,4200.0,4017.0
29.07.2025,Matara,Alba,4600.0,4525.0
29.07.2025,Galle,H-2,3250.0,3225.0
29.07.2025,Galle,C-5,4000.0,3950.0
29.07.2025,Galle,C-5 Sp,4100.0,4100.0
29.07.2025,Galle,Alba,4700.0,4600.0
29.07.2025,Kalutara,H-2,2800.0,2800.0
29.07.2025,Matara,M-5,3700.0,3650.0
29.07.2025,Galle,C-4,3800.0,3775.0
29.07.2025,Matara,M-4,3600.0,3550.0
29.07.2025,Hambantota,H-1,3250.0,3250.0
29.07.2025,Matara,H-2,3300.0,3219.0
29.07.2025,Matara,H-Faq,2800.0,2725.0
29.07.2025,Hambantota,C-5,3800.0,3775.0
29.07.2025,Hambantota,C-4,3700.0,3675.0
29.07.2025,Kalutara,H-1,2900.0,2890.0
29.07.2025,Hambantota,H-2,3200.0,3200.0
29.07.2025,Monaragala,C-4,3600.0,3600.0
29.07.2025,Monaragala,H-1,3200.0,3100.0
29.07.2025,Monaragala,H-2,3000.0,2900.0
29.07.2025,Monaragala,Heen,2100.0,2000.0
29.07.2025,Monaragala,Gorosu,1900.0,1800.0
29.07.2025,Matara,H-1,3400.0,3288.0
29.07.2025,Kalutara,M-4,3000.0,2975.0
29.07.2025,Galle,H-1,3350.0,3325.0
29.07.2025,Kalutara,C-4,3500.0,3490.0
29.07.2025,Kalutara,M-5,3100.0,3070.0
29.07.2025,Ratnapura,C-5 Sp,3950.0,3900.0
29.07.2025,Ratnapura,C-5,3800.0,3780.0
29.07.2025,Ratnapura,C-4,3700.0,3650.0
29.07.2025,Ratnapura,H-1,3250.0,3200.0
29.07.2025,Ratnapura,H-2,3050.0,3000.0
29.07.2025,Badulla,C-5,3700.0,3700.0
29.07.2025,Badulla,C-4,3500.0,3500.0
29.07.2025,Badulla,H-1,3300.0,3300.0
29.07.2025,Badulla,H-2,3200.0,3200.0
29.07.2025,Badulla,Heen,3000.0,2600.0
29.07.2025,Badulla,Gorosu,2500.0,2225.0
29.07.2025,Kurunegala,Heen,3000.0,3000.0
29.07.2025,Ratnapura,Alba,4500.0,4500.0
29.07.2025,Colombo,C-5 Sp,4000.0,4000.0
29.07.2025,Kurunegala,Gorosu,2500.0,2167.0
29.07.2025,Kalutara,C-5 Sp,4100.0,4070.0
29.07.2025,Kalutara,Alba,4500.0,4490.0
29.07.2025,Gampaha,Gorosu,2100.0,1900.0
29.07.2025,Gampaha,C-4,3650.0,3600.0
29.07.2025,Kalutara,C-5,3700.0,3695.0
29.07.2025,Colombo,H-2,2900.0,2900.0
29.07.2025,Colombo,H-1,3000.0,3000.0
29.07.2025,Colombo,C-4,3700.0,3700.0
29.07.2025,Colombo,C-5,3900.0,3900.0
29.07.2025,Gampaha,C-5,3750.0,3700.0
05.08.2025,Kalutara,H-2,3000.0,3000.0
05.08.2025,Matara,C-5,4000.0,3862.0
05.08.2025,Matara,C-5 Sp,4300.0,4167.0
05.08.2025,Matara,Alba,4600.0,4525.0
05.08.2025,Galle,H-2,3100.0,3050.0
05.08.2025,Galle,C-4,4100.0,3900.0
05.08.2025,Galle,C-5,4200.0,4000.0
05.08.2025,Galle,C-5 Sp,4700.0,4350.0
05.08.2025,Galle,Alba,6000.0,5250.0
05.08.2025,Matara,C-4,3800.0,3731.0
05.08.2025,Galle,H-1,3300.0,3275.0
05.08.2025,Matara,M-5,3600.0,3583.0
05.08.2025,Hambantota,C-4,3700.0,3700.0
05.08.2025,Matara,H-1,3500.0,3320.0
05.08.2025,Matara,H-2,3300.0,3200.0
05.08.2025,Matara,H-Faq,3000.0,2930.0
05.08.2025,Hambantota,C-5,3850.0,3825.0
05.08.2025,Hambantota,H-1,3300.0,3275.0
05.08.2025,Hambantota,H-2,3200.0,3200.0
05.08.2025,Monaragala,C-4,3500.0,3500.0
05.08.2025,Monaragala,H-1,3300.0,3250.0
05.08.2025,Monaragala,H-2,3100.0,3050.0
05.08.2025,Monaragala,Heen,2200.0,2140.0
05.08.2025,Monaragala,Gorosu,2000.0,1960.0
05.08.2025,Kalutara,H-1,3100.0,3085.0
05.08.2025,Matara,M-4,3500.0,3500.0
05.08.2025,Kalutara,M-4,3200.0,3190.0
05.08.2025,Badulla,C-5,3700.0,3700.0
05.08.2025,Kalutara,C-4,3500.0,3490.0
05.08.2025,Kalutara,M-5,3300.0,3285.0
05.08.2025,Ratnapura,C-5 Sp,3950.0,3900.0
05.08.2025,Ratnapura,C-5,3800.0,3770.0
05.08.2025,Ratnapura,C-4,3680.0,3650.0
05.08.2025,Ratnapura,H-1,3250.0,3200.0
05.08.2025,Ratnapura,H-2,3100.0,3050.0
05.08.2025,Badulla,C-4,3500.0,3500.0
05.08.2025,Badulla,H-1,3200.0,3200.0
05.08.2025,Badulla,H-2,3100.0,3100.0
05.08.2025,Badulla,Heen,3000.0,2750.0
05.08.2025,Badulla,Gorosu,2500.0,2225.0
05.08.2025,Kurunegala,Heen,3000.0,3000.0
05.08.2025,Ratnapura,Alba,4500.0,4500.0
05.08.2025,Colombo,C-5 Sp,4100.0,4100.0
05.08.2025,Kurunegala,Gorosu,2500.0,2167.0
05.08.2025,Kalutara,C-5 Sp,4100.0,4070.0
05.08.2025,Kalutara,Alba,4500.0,4490.0
05.08.2025,Gampaha,Gorosu,2100.0,1900.0
05.08.2025,Gampaha,C-4,3650.0,3600.0
05.08.2025,Kalutara,C-5,3700.0,3695.0
05.08.2025,Colombo,H-2,2900.0,2900.0
05.08.2025,Colombo,H-1,3000.0,3000.0
05.08.2025,Colombo,C-4,3700.0,3700.0
05.08.2025,Colombo,C-5,4000.0,4000.0
05.08.2025,Gampaha,C-5,3750.0,3700.0
12.08.2025,Kalutara,H-1,3100.0,3095.0
12.08.2025,Matara,C-5 Sp,4200.0,4067.0
12.08.2025,Kalutara,H-2,3000.0,3000.0
12.08.2025,Galle,Alba,5000.0,4750.0
12.08.2025,Galle,C-5 Sp,4500.0,4225.0
12.08.2025,Galle,C-5,4000.0,3900.0
12.08.2025,Galle,C-4,3750.0,3725.0
12.08.2025,Galle,H-1,3350.0,3325.0
12.08.2025,Galle,H-2,3200.0,3150.0
12.08.2025,Matara,Alba,4600.0,4525.0
12.08.2025,Matara,C-5,4000.0,3837.0
12.08.2025,Matara,H-Faq,3000.0,2890.0
12.08.2025,Matara,M-5,3700.0,3617.0
12.08.2025,Matara,M-4,3600.0,3517.0
12.08.2025,Matara,H-1,3500.0,3320.0
12.08.2025,Matara,H-2,3250.0,3169.0
12.08.2025,Hambantota,C-5,3850.0,3825.0
12.08.2025,Hambantota,C-4,3700.0,3700.0
12.08.2025,Hambantota,H-1,3300.0,3275.0
12.08.2025,Hambantota,H-2,3200.0,3200.0
12.08.2025,Monaragala,Gorosu,2000.0,1875.0
12.08.2025,Monaragala,Heen,2200.0,2166.0
12.08.2025,Kalutara,M-4,3200.0,3190.0
12.08.2025,Matara,C-4,3800.0,3736.0
12.08.2025,Kalutara,M-5,3300.0,3285.0
12.08.2025,Monaragala,C-4,3600.0,3550.0
12.08.2025,Kalutara,C-5,3700.0,3695.0
12.08.2025,Ratnapura,Alba,4500.0,4500.0
12.08.2025,Ratnapura,C-5 Sp,4000.0,3900.0
12.08.2025,Ratnapura,C-5,3800.0,3750.0
12.08.2025,Ratnapura,C-4,3700.0,3650.0
12.08.2025,Ratnapura,H-1,3200.0,3175.0
12.08.2025,Ratnapura,H-2,3000.0,2900.0
12.08.2025,Badulla,C-5,3700.0,3700.0
12.08.2025,Badulla,C-4,3500.0,3500.0
12.08.2025,Badulla,H-1,3300.0,3300.0
12.08.2025,Badulla,H-2,3100.0,3100.0
12.08.2025,Badulla,Heen,2800.0,2800.0
12.08.2025,Badulla,Gorosu,2500.0,2300.0
12.08.2025,Kalutara,C-4,3500.0,3490.0
12.08.2025,Kurunegala,Gorosu,2500.0,2167.0
12.08.2025,Colombo,C-5 Sp,4100.0,4100.0
12.08.2025,Colombo,C-5,3900.0,3900.0
12.08.2025,Colombo,C-4,3700.0,3700.0
12.08.2025,Colombo,H-1,3100.0,3100.0
12.08.2025,Colombo,H-2,3000.0,3000.0
12.08.2025,Gampaha,C-5,3750.0,3700.0
12.08.2025,Gampaha,C-4,3650.0,3600.0
12.08.2025,Gampaha,Gorosu,2100.0,1900.0
12.08.2025,Kalutara,Alba,4500.0,4490.0
12.08.2025,Kalutara,C-5 Sp,4100.0,4070.0
12.08.2025,Kurunegala,Heen,3000.0,3000.0
26.08.2025,Matara,C-5 Sp,4200.0,4100.0
26.08.2025,Matara,Alba,4600.0,4525.0
26.08.2025,Galle,H-2,3200.0,3200.0
26.08.2025,Galle,H-1,3350.0,3325.0
26.08.2025,Kalutara,H-1,3100.0,3095.0
26.08.2025,Galle,C-5,4000.0,3950.0
26.08.2025,Galle,C-5 Sp,4538.0,4075.0
26.08.2025,Galle,Alba,5000.0,4725.0
26.08.2025,Kalutara,H-2,3000.0,3000.0
26.08.2025,Matara,C-5,4100.0,3912.0
26.08.2025,Galle,C-4,3800.0,3750.0
26.08.2025,Matara,C-4,3800.0,3756.0
26.08.2025,Hambantota,C-5,3900.0,3875.0
26.08.2025,Matara,M-4,3700.0,3600.0
26.08.2025,Matara,H-1,3600.0,3370.0
26.08.2025,Matara,H-2,3300.0,3225.0
26.08.2025,Matara,H-Faq,3100.0,2970.0
26.08.2025,Hambantota,C-4,3750.0,3750.0
26.08.2025,Hambantota,H-1,3300.0,3300.0
26.08.2025,Hambantota,H-2,3250.0,3225.0
26.08.2025,Monaragala,C-4,3500.0,3500.0
26.08.2025,Monaragala,Heen,2200.0,2100.0
26.08.2025,Monaragala,Gorosu,2000.0,1900.0
26.08.2025,Kalutara,M-4,3200.0,3190.0
26.08.2025,Matara,M-5,3750.0,3683.0
26.08.2025,Kalutara,M-5,3300.0,3295.0
26.08.2025,Ratnapura,H-1,3250.0,3200.0
26.08.2025,Kalutara,C-5,3700.0,3695.0
26.08.2025,Ratnapura,Alba,4500.0,4500.0
26.08.2025,Ratnapura,C-5 Sp,4000.0,3950.0
26.08.2025,Ratnapura,C-5,3800.0,3750.0
26.08.2025,Ratnapura,C-4,3700.0,3680.0
26.08.2025,Kalutara,C-4,3500.0,3490.0
26.08.2025,Ratnapura,H-2,3050.0,3000.0
26.08.2025,Badulla,C-4,3500.0,3500.0
26.08.2025,Badulla,H-1,3300.0,3300.0
26.08.2025,Badulla,H-2,3100.0,3100.0
26.08.2025,Badulla,Heen,3000.0,3000.0
26.08.2025,Badulla,Gorosu,2500.0,2500.0
26.08.2025,Badulla,C-5,3700.0,3700.0
26.08.2025,Kurunegala,Gorosu,2500.0,2167.0
26.08.2025,Kurunegala,Heen,3000.0,3000.0
26.08.2025,Kalutara,Alba,4500.0,4490.0
26.08.2025,Gampaha,Gorosu,2100.0,1900.0
26.08.2025,Gampaha,C-4,3650.0,3600.0
26.08.2025,Gampaha,C-5,3750.0,3700.0
26.08.2025,Kalutara,C-5 Sp,4100.0,4070.0
26.08.2025,Colombo,H-1,3200.0,3200.0
26.08.2025,Colombo,C-4,3700.0,3700.0
26.08.2025,Colombo,C-5,3900.0,3900.0
26.08.2025,Colombo,C-5 Sp,4100.0,4100.0
26.08.2025,Colombo,H-2,3000.0,3000.0
02.09.2025,Matara,C-5,4000.0,3850.0
02.09.2025,Matara,C-5 Sp,4200.0,4100.0
02.09.2025,Matara,Alba,4600.0,4525.0
02.09.2025,Galle,H-2,3200.0,3175.0
02.09.2025,Galle,H-1,3300.0,3300.0
02.09.2025,Galle,C-5 Sp,4500.0,4225.0
02.09.2025,Galle,C-5,4000.0,3900.0
02.09.2025,Galle,Alba,5000.0,4750.0
02.09.2025,Kalutara,H-2,3000.0,3000.0
02.09.2025,Kalutara,H-1,3100.0,3095.0
02.09.2025,Galle,C-4,3750.0,3725.0
02.09.2025,Matara,C-4,3800.0,3756.0
02.09.2025,Monaragala,Gorosu,2000.0,1900.0
02.09.2025,Matara,M-4,3600.0,3525.0
02.09.2025,Matara,H-1,3500.0,3360.0
02.09.2025,Matara,H-2,3300.0,3265.0
02.09.2025,Matara,H-Faq,3000.0,2960.0
02.09.2025,Hambantota,C-5,4000.0,4000.0
02.09.2025,Hambantota,C-4,3750.0,3745.0
02.09.2025,Hambantota,H-1,3300.0,3300.0
02.09.2025,Hambantota,H-2,3250.0,3240.0
02.09.2025,Monaragala,C-4,3500.0,3500.0
02.09.2025,Monaragala,Heen,2300.0,2100.0
02.09.2025,Kalutara,M-4,3200.0,3190.0
02.09.2025,Matara,M-5,3700.0,3650.0
02.09.2025,Kalutara,M-5,3300.0,3285.0
02.09.2025,Kalutara,C-4,3500.0,3490.0
02.09.2025,Kalutara,C-5,3700.0,3695.0
02.09.2025,Ratnapura,C-5 Sp,3950.0,3900.0
02.09.2025,Ratnapura,C-5,3800.0,3760.0
02.09.2025,Ratnapura,C-4,3700.0,3650.0
02.09.2025,Ratnapura,H-1,3250.0,3200.0
02.09.2025,Ratnapura,H-2,3050.0,3000.0
02.09.2025,Badulla,C-5,3700.0,3700.0
02.09.2025,Badulla,C-4,3500.0,3500.0
02.09.2025,Badulla,H-1,3300.0,3300.0
02.09.2025,Badulla,H-2,3200.0,3200.0
02.09.2025,Badulla,Heen,3000.0,3000.0
02.09.2025,Badulla,Gorosu,2500.0,2300.0
02.09.2025,Ratnapura,Alba,4500.0,4500.0
02.09.2025,Kurunegala,Gorosu,2500.0,2167.0
02.09.2025,Colombo,C-5 Sp,4100.0,4100.0
02.09.2025,Colombo,C-5,3900.0,3900.0
02.09.2025,Colombo,C-4,3700.0,3700.0
02.09.2025,Colombo,H-1,3100.0,3100.0
02.09.2025,Colombo,H-2,3000.0,3000.0
02.09.2025,Gampaha,C-5,3750.0,3700.0
02.09.2025,Gampaha,C-4,3650.0,3600.0
02.09.2025,Gampaha,Gorosu,2100.0,1900.0
02.09.2025,Kalutara,Alba,4500.0,4490.0
02.09.2025,Kalutara,C-5 Sp,4100.0,4070.0
02.09.2025,Kurunegala,Heen,3000.0,3000.0
09.09.2025,Matara,C-5 Sp,4200.0,4167.0
09.09.2025,Matara,Alba,4600.0,4525.0
09.09.2025,Galle,H-2,3200.0,3175.0
09.09.2025,Galle,H-1,3350.0,3325.0
09.09.2025,Kalutara,H-2,3000.0,3000.0
09.09.2025,Galle,C-5,3900.0,3875.0
09.09.2025,Galle,C-5 Sp,4200.0,4088.0
09.09.2025,Galle,Alba,5000.0,4550.0
09.09.2025,Matara,C-5,3900.0,3830.0
09.09.2025,Galle,C-4,3800.0,3775.0
09.09.2025,Matara,C-4,3800.0,3750.0
09.09.2025,Hambantota,C-5,4000.0,4000.0
09.09.2025,Matara,M-4,3600.0,3500.0
09.09.2025,Matara,H-1,3400.0,3330.0
09.09.2025,Matara,H-2,3300.0,3256.0
09.09.2025,Matara,H-Faq,3000.0,2960.0
09.09.2025,Hambantota,C-4,3750.0,3745.0
09.09.2025,Hambantota,H-1,3300.0,3300.0
09.09.2025,Hambantota,H-2,3250.0,3245.0
09.09.2025,Monaragala,C-4,3500.0,3500.0
09.09.2025,Monaragala,Heen,2200.0,2100.0
09.09.2025,Monaragala,Gorosu,2000.0,1900.0
09.09.2025,Kalutara,H-1,3100.0,3095.0
09.09.2025,Matara,M-5,3700.0,3600.0
09.09.2025,Kalutara,M-4,3200.0,3190.0
09.09.2025,Kalutara,M-5,3300.0,3285.0
09.09.2025,Ratnapura,Alba,4500.0,4500.0
09.09.2025,Kalutara,C-4,3500.0,3490.0
09.09.2025,Ratnapura,C-5 Sp,3920.0,3900.0
09.09.2025,Ratnapura,C-5,3800.0,3775.0
09.09.2025,Ratnapura,C-4,3700.0,3670.0
09.09.2025,Ratnapura,H-1,3250.0,3200.0
09.09.2025,Ratnapura,H-2,3050.0,3000.0
09.09.2025,Badulla,C-5,3700.0,3700.0
09.09.2025,Badulla,H-1,3400.0,3400.0
09.09.2025,Badulla,H-2,3200.0,3200.0
09.09.2025,Badulla,Heen,3000.0,2883.0
09.09.2025,Badulla,Gorosu,2500.0,2416.0
09.09.2025,Kurunegala,Heen,3000.0,3000.0
09.09.2025,Badulla,C-4,3500.0,3500.0
09.09.2025,Colombo,C-5 Sp,4000.0,4000.0
09.09.2025,Kurunegala,Gorosu,2500.0,2000.0
09.09.2025,Kalutara,C-5 Sp,4100.0,4070.0
09.09.2025,Kalutara,Alba,4500.0,4490.0
09.09.2025,Gampaha,Gorosu,2200.0,2100.0
09.09.2025,Gampaha,C-4,3750.0,3700.0
09.09.2025,Kalutara,C-5,3700.0,3695.0
09.09.2025,Colombo,H-2,2900.0,2900.0
09.09.2025,Colombo,H-1,3000.0,3000.0
09.09.2025,Colombo,C-4,3700.0,3700.0
09.09.2025,Colombo,C-5,3850.0,3850.0
09.09.2025,Gampaha,C-5,3900.0,3850.0
16.09.2025,Matara,Alba,4500.0,4500.0
16.09.2025,Galle,H-2,3200.0,3200.0
16.09.2025,Galle,H-1,3300.0,3275.0
16.09.2025,Galle,C-4,3800.0,3750.0
16.09.2025,Galle,C-5,4000.0,3950.0
16.09.2025,Galle,Alba,5000.0,4800.0
16.09.2025,Kalutara,H-2,3000.0,3000.0
16.09.2025,Kalutara,H-1,3100.0,3095.0
16.09.2025,Kalutara,M-4,3200.0,3190.0
16.09.2025,Matara,C-5 Sp,4200.0,4067.0
16.09.2025,Galle,C-5 Sp,4500.0,4350.0
16.09.2025,Matara,C-5,3900.0,3820.0
16.09.2025,Monaragala,Gorosu,2000.0,1900.0
16.09.2025,Matara,M-5,3750.0,3633.0
16.09.2025,Matara,M-4,3650.0,3567.0
16.09.2025,Matara,H-1,3500.0,3360.0
16.09.2025,Matara,H-2,3300.0,3259.0
16.09.2025,Matara,H-Faq,3050.0,3010.0
16.09.2025,Hambantota,C-5,4000.0,4000.0
16.09.2025,Hambantota,C-4,3750.0,3745.0
16.09.2025,Hambantota,H-1,3300.0,3300.0
16.09.2025,Hambantota,H-2,3250.0,3245.0
16.09.2025,Monaragala,C-4,3500.0,3500.0
16.09.2025,Monaragala,Heen,2200.0,2100.0
16.09.2025,Matara,C-4,3800.0,3750.0
16.09.2025,Kalutara,M-5,3300.0,3285.0
16.09.2025,Kalutara,C-4,3700.0,3665.0
16.09.2025,Kalutara,C-5 Sp,4100.0,4070.0
16.09.2025,Ratnapura,Alba,4500.0,4500.0
16.09.2025,Ratnapura,C-5 Sp,4000.0,3920.0
16.09.2025,Ratnapura,C-5,2900.0,2875.0
16.09.2025,Ratnapura,C-4,3750.0,3700.0
16.09.2025,Ratnapura,H-1,3200.0,3150.0
16.09.2025,Ratnapura,H-2,3050.0,3000.0
16.09.2025,Badulla,C-5,3600.0,3600.0
16.09.2025,Badulla,C-4,3500.0,3500.0
16.09.2025,Badulla,H-1,3300.0,3300.0
16.09.2025,Badulla,H-2,3200.0,3200.0
16.09.2025,Badulla,Heen,3000.0,2650.0
16.09.2025,Kalutara,C-5,3800.0,3765.0
16.09.2025,Kurunegala,Heen,3000.0,3000.0
16.09.2025,Kurunegala,Gorosu,2500.0,2000.0
16.09.2025,Colombo,C-5 Sp,4000.0,4000.0
16.09.2025,Colombo,C-5,3900.0,3900.0
16.09.2025,Colombo,C-4,3750.0,3750.0
16.09.2025,Colombo,H-1,3000.0,3000.0
16.09.2025,Colombo,H-2,2900.0,2900.0
16.09.2025,Gampaha,C-5,3900.0,3850.0
16.09.2025,Gampaha,C-4,3750.0,3700.0
16.09.2025,Gampaha,Gorosu,2200.0,2100.0
16.09.2025,Kalutara,Alba,4500.0,4490.0
16.09.2025,Badulla,Gorosu,2000.0,1833.0
23.09.2025,Matara,Alba,4600.0,4525.0
23.09.2025,Galle,H-2,3250.0,3225.0
23.09.2025,Galle,H-1,3350.0,3000.0
23.09.2025,Galle,C-4,3800.0,3725.0
23.09.2025,Kalutara,H-1,3100.0,3095.0
23.09.2025,Galle,C-5 Sp,4500.0,4250.0
23.09.2025,Galle,Alba,5000.0,4750.0
23.09.2025,Kalutara,H-2,3000.0,3000.0
23.09.2025,Matara,C-5 Sp,4200.0,4100.0
23.09.2025,Galle,C-5,4000.0,3925.0
23.09.2025,Matara,C-5,3900.0,3850.0
23.09.2025,Matara,H-Faq,3100.0,2970.0
23.09.2025,Matara,M-5,3700.0,3650.0
23.09.2025,Matara,M-4,3600.0,3550.0
23.09.2025,Matara,H-1,3400.0,3350.0
23.09.2025,Matara,H-2,3300.0,3265.0
23.09.2025,Hambantota,C-5,4000.0,3950.0
23.09.2025,Hambantota,C-4,3800.0,3775.0
23.09.2025,Hambantota,H-1,3250.0,3250.0
23.09.2025,Hambantota,H-2,3300.0,3300.0
23.09.2025,Monaragala,C-4,3500.0,3500.0
23.09.2025,Monaragala,Heen,2200.0,2160.0
23.09.2025,Kalutara,M-4,3200.0,3190.0
23.09.2025,Matara,C-4,3800.0,3756.0
23.09.2025,Kalutara,M-5,3300.0,3285.0
23.09.2025,Monaragala,Gorosu,2000.0,1920.0
23.09.2025,Kalutara,C-5,3800.0,3765.0
23.09.2025,Ratnapura,Alba,4500.0,4500.0
23.09.2025,Ratnapura,C-5 Sp,4000.0,3980.0
23.09.2025,Ratnapura,C-5,3850.0,3800.0
23.09.2025,Ratnapura,C-4,3750.0,3700.0
23.09.2025,Ratnapura,H-1,3300.0,3275.0
23.09.2025,Ratnapura,H-2,3100.0,3050.0
23.09.2025,Badulla,C-5,3800.0,3800.0
23.09.2025,Badulla,C-4,3500.0,3500.0
23.09.2025,Badulla,H-1,3400.0,3400.0
23.09.2025,Badulla,H-2,3200.0,3200.0
23.09.2025,Badulla,Heen,3000.0,2733.0
23.09.2025,Badulla,Gorosu,2500.0,2233.0
23.09.2025,Kalutara,C-4,3700.0,3670.0
23.09.2025,Kurunegala,Gorosu,2500.0,2000.0
23.09.2025,Colombo,C-5 Sp,4300.0,4300.0
23.09.2025,Colombo,C-5,4000.0,4000.0
23.09.2025,Colombo,C-4,3800.0,3800.0
23.09.2025,Colombo,H-1,3200.0,3200.0
23.09.2025,Colombo,H-2,3000.0,3000.0
23.09.2025,Gampaha,C-5,3900.0,3850.0
23.09.2025,Gampaha,C-4,3750.0,3700.0
23.09.2025,Gampaha,Gorosu,2200.0,2100.0
23.09.2025,Kalutara,Alba,4500.0,4490.0
23.09.2025,Kalutara,C-5 Sp,4100.0,4080.0
23.09.2025,Kurunegala,Heen,3000.0,3000.0
30.09.2025,Matara,Alba,4600.0,4550.0
30.09.2025,Galle,H-2,3250.0,3200.0
30.09.2025,Galle,H-1,3350.0,3300.0
30.09.2025,Galle,C-4,3850.0,3825.0
30.09.2025,Kalutara,M-4,3200.0,3190.0
30.09.2025,Galle,C-5 Sp,4400.0,4275.0
30.09.2025,Galle,Alba,5000.0,4800.0
30.09.2025,Kalutara,H-2,3000.0,3000.0
30.09.2025,Kalutara,H-1,3100.0,3090.0
30.09.2025,Matara,C-5 Sp,4400.0,4233.0
30.09.2025,Galle,C-5,4000.0,3950.0
30.09.2025,Matara,C-5,4100.0,3870.0
30.09.2025,Matara,H-Faq,3100.0,3000.0
30.09.2025,Matara,M-5,3700.0,3633.0
30.09.2025,Matara,M-4,3600.0,3517.0
30.09.2025,Matara,H-1,3400.0,3340.0
30.09.2025,Matara,H-2,3300.0,3265.0
30.09.2025,Hambantota,C-5,4000.0,3950.0
30.09.2025,Hambantota,C-4,3800.0,3800.0
30.09.2025,Hambantota,H-1,3300.0,3300.0
30.09.2025,Hambantota,H-2,3250.0,3250.0
30.09.2025,Monaragala,C-4,3500.0,3500.0
30.09.2025,Monaragala,Heen,2200.0,2100.0
30.09.2025,Kalutara,M-5,3300.0,3295.0
30.09.2025,Matara,C-4,3850.0,3763.0
30.09.2025,Monaragala,Gorosu,2000.0,1900.0
30.09.2025,Kalutara,C-4,3500.0,3490.0
30.09.2025,Kalutara,C-5 Sp,4200.0,4170.0
30.09.2025,Kalutara,C-5,3750.0,3735.0
30.09.2025,Ratnapura,Alba,4500.0,4500.0
30.09.2025,Ratnapura,C-5 Sp,4050.0,4000.0
30.09.2025,Ratnapura,C-5,3850.0,3800.0
30.09.2025,Ratnapura,C-4,3750.0,3730.0
30.09.2025,Ratnapura,H-1,3300.0,3250.0
30.09.2025,Ratnapura,H-2,3100.0,3050.0
30.09.2025,Badulla,C-4,3600.0,3600.0
30.09.2025,Badulla,H-1,3300.0,3300.0
30.09.2025,Badulla,H-2,3200.0,3200.0
30.09.2025,Badulla,Heen,3000.0,2766.0
30.09.2025,Badulla,C-5,3800.0,3800.0
30.09.2025,Kurunegala,Heen,3000.0,3000.0
30.09.2025,Badulla,Gorosu,2500.0,2250.0
30.09.2025,Gampaha,Gorosu,2300.0,2100.0
30.09.2025,Gampaha,C-4,3600.0,3500.0
30.09.2025,Gampaha,C-5,3750.0,3700.0
30.09.2025,Colombo,H-2,3000.0,3000.0
30.09.2025,Kalutara,Alba,4550.0,4535.0
30.09.2025,Colombo,C-4,3750.0,3750.0
30.09.2025,Colombo,C-5,4000.0,4000.0
30.09.2025,Colombo,C-5 Sp,4200.0,4200.0
30.09.2025,Kurunegala,Gorosu,2500.0,2167.0
30.09.2025,Colombo,H-1,3100.0,3100.0
07.10.2025,Matara,C-5 Sp,4200.0,4133.0
07.10.2025,Kalutara,H-1,3100.0,3090.0
07.10.2025,Kalutara,H-2,3000.0,3000.0
07.10.2025,Galle,Alba,5000.0,4750.0
07.10.2025,Galle,C-5 Sp,4200.0,4150.0
07.10.2025,Galle,C-5,4000.0,3950.0
07.10.2025,Galle,C-4,3800.0,3800.0
07.10.2025,Galle,H-1,3350.0,3325.0
07.10.2025,Galle,H-2,3250.0,3225.0
07.10.2025,Matara,Alba,4600.0,4550.0
07.10.2025,Matara,C-5,3950.0,3860.0
07.10.2025,Kalutara,M-4,3200.0,3190.0
07.10.2025,Matara,M-5,3700.0,3675.0
07.10.2025,Matara,M-4,3600.0,3550.0
07.10.2025,Matara,H-1,3500.0,3360.0
07.10.2025,Matara,H-2,3300.0,3260.0
07.10.2025,Matara,H-Faq,3000.0,2925.0
07.10.2025,Hambantota,C-5,4000.0,3950.0
07.10.2025,Hambantota,C-4,3800.0,3800.0
07.10.2025,Hambantota,H-1,3300.0,3300.0
07.10.2025,Hambantota,H-2,3250.0,3250.0
07.10.2025,Monaragala,C-4,3500.0,3500.0
07.10.2025,Monaragala,Heen,2200.0,2100.0
07.10.2025,Matara,C-4,3800.0,3764.0
07.10.2025,Kalutara,M-5,3300.0,3285.0
07.10.2025,Monaragala,Gorosu,2000.0,1900.0
07.10.2025,Kalutara,C-5,3750.0,3740.0
07.10.2025,Ratnapura,Alba,4500.0,4500.0
07.10.2025,Ratnapura,C-5 Sp,4100.0,4000.0
07.10.2025,Ratnapura,C-5,3850.0,3800.0
07.10.2025,Ratnapura,C-4,3750.0,3700.0
07.10.2025,Ratnapura,H-1,3300.0,3250.0
07.10.2025,Ratnapura,H-2,3100.0,3000.0
07.10.2025,Badulla,C-5,3700.0,3700.0
07.10.2025,Badulla,C-4,3500.0,3500.0
07.10.2025,Badulla,H-1,3400.0,3400.0
07.10.2025,Badulla,H-2,3200.0,3200.0
07.10.2025,Badulla,Heen,2800.0,2566.0
07.10.2025,Badulla,Gorosu,2000.0,1833.0
07.10.2025,Kalutara,C-4,3500.0,3480.0
07.10.2025,Kurunegala,Gorosu,2500.0,2000.0
07.10.2025,Colombo,C-5 Sp,4200.0,4200.0
07.10.2025,Colombo,C-5,4000.0,4000.0
07.10.2025,Colombo,C-4,3800.0,3800.0
07.10.2025,Colombo,H-1,3300.0,3300.0
07.10.2025,Colombo,H-2,3000.0,3000.0
07.10.2025,Gampaha,C-5,3900.0,3850.0
07.10.2025,Gampaha,C-4,3750.0,3700.0
07.10.2025,Gampaha,Gorosu,2200.0,2100.0
07.10.2025,Kalutara,Alba,4550.0,4540.0
07.10.2025,Kalutara,C-5 Sp,4200.0,4185.0
07.10.2025,Kurunegala,Heen,3000.0,3000.0
14.10.2025,Matara,C-5 Sp,4300.0,4200.0
14.10.2025,Matara,Alba,4600.0,4550.0
14.10.2025,Galle,H-2,3250.0,3225.0
14.10.2025,Galle,H-1,3350.0,3350.0
14.10.2025,Kalutara,H-1,3100.0,3090.0
14.10.2025,Galle,C-5 Sp,4400.0,4300.0
14.10.2025,Galle,Alba,5000.0,4800.0
14.10.2025,Kalutara,H-2,3000.0,3000.0
14.10.2025,Matara,C-5,4100.0,3913.0
14.10.2025,Galle,C-4,3900.0,3850.0
14.10.2025,Matara,C-4,3850.0,3792.0
14.10.2025,Matara,H-Faq,3050.0,3013.0
14.10.2025,Matara,M-4,3600.0,3600.0
14.10.2025,Matara,H-1,3400.0,3363.0
14.10.2025,Matara,H-2,3300.0,3257.0
14.10.2025,Kalutara,M-4,3200.0,3190.0
14.10.2025,Hambantota,C-5,3900.0,3900.0
14.10.2025,Hambantota,C-4,3800.0,3800.0
14.10.2025,Hambantota,H-1,3300.0,3300.0
14.10.2025,Hambantota,H-2,3250.0,3225.0
14.10.2025,Monaragala,C-4,3500.0,3500.0
14.10.2025,Monaragala,Heen,2200.0,2100.0
14.10.2025,Monaragala,Gorosu,2000.0,1800.0
14.10.2025,Matara,M-5,3750.0,3717.0
14.10.2025,Kalutara,M-5,3300.0,3285.0
14.10.2025,Galle,C-5,4100.0,4025.0
14.10.2025,Kalutara,C-5,3800.0,3785.0
14.10.2025,Ratnapura,Alba,4500.0,4500.0
14.10.2025,Ratnapura,C-5 Sp,4100.0,4000.0
14.10.2025,Ratnapura,C-5,3900.0,3850.0
14.10.2025,Ratnapura,C-4,3750.0,3700.0
14.10.2025,Ratnapura,H-1,3250.0,3200.0
14.10.2025,Ratnapura,H-2,3100.0,3000.0
14.10.2025,Badulla,C-5,3750.0,3750.0
14.10.2025,Badulla,C-4,3650.0,3650.0
14.10.2025,Badulla,H-1,3400.0,3400.0
14.10.2025,Badulla,H-2,3200.0,3200.0
14.10.2025,Badulla,Heen,3000.0,2833.0
14.10.2025,Badulla,Gorosu,2500.0,2166.0
14.10.2025,Kalutara,C-4,3600.0,3590.0
14.10.2025,Kurunegala,Gorosu,2000.0,2000.0
14.10.2025,Colombo,C-5 Sp,4100.0,4100.0
14.10.2025,Colombo,C-5,4000.0,4000.0
14.10.2025,Colombo,C-4,3750.0,3750.0
14.10.2025,Colombo,H-1,3100.0,3100.0
14.10.2025,Colombo,H-2,3000.0,3000.0
14.10.2025,Gampaha,C-5,3900.0,3850.0
14.10.2025,Gampaha,C-4,3750.0,3700.0
14.10.2025,Gampaha,Gorosu,2200.0,2100.0
14.10.2025,Kalutara,Alba,4550.0,4545.0
14.10.2025,Kalutara,C-5 Sp,4300.0,4290.0
14.10.2025,Kurunegala,Heen,2500.0,2500.0
21.10.2025,Matara,Alba,4600.0,4575.0
21.10.2025,Galle,H-2,3300.0,3250.0
21.10.2025,Galle,H-1,3350.0,3350.0
21.10.2025,Galle,C-4,3800.0,3775.0
21.10.2025,Kalutara,M-4,3200.0,3190.0
21.10.2025,Galle,C-5 Sp,4400.0,4300.0
21.10.2025,Galle,Alba,5000.0,4875.0
21.10.2025,Kalutara,H-2,3000.0,3000.0
21.10.2025,Kalutara,H-1,3100.0,3090.0
21.10.2025,Matara,C-5 Sp,4300.0,4200.0
21.10.2025,Galle,C-5,4100.0,4025.0
21.10.2025,Matara,C-5,4100.0,3967.0
21.10.2025,Matara,H-Faq,3050.0,3010.0
21.10.2025,Matara,M-5,3700.0,3700.0
21.10.2025,Matara,M-4,3600.0,3600.0
21.10.2025,Matara,H-1,3400.0,3363.0
21.10.2025,Matara,H-2,3350.0,3288.0
21.10.2025,Hambantota,C-5,3900.0,3900.0
21.10.2025,Hambantota,C-4,3850.0,3825.0
21.10.2025,Hambantota,H-1,3350.0,3325.0
21.10.2025,Hambantota,H-2,3300.0,3275.0
21.10.2025,Monaragala,C-4,3500.0,3500.0
21.10.2025,Monaragala,Heen,2200.0,2000.0
21.10.2025,Kalutara,M-5,3300.0,3285.0
21.10.2025,Matara,C-4,3850.0,3800.0
21.10.2025,Monaragala,Gorosu,1800.0,1700.0
21.10.2025,Kalutara,C-4,3600.0,3595.0
21.10.2025,Kalutara,C-5 Sp,4300.0,4290.0
21.10.2025,Ratnapura,Alba,4500.0,4500.0
21.10.2025,Ratnapura,C-5 Sp,3950.0,3930.0
21.10.2025,Ratnapura,C-5,3850.0,3800.0
21.10.2025,Ratnapura,C-4,3750.0,3700.0
21.10.2025,Ratnapura,H-1,3300.0,3250.0
21.10.2025,Ratnapura,H-2,3100.0,3000.0
21.10.2025,Badulla,C-5,3700.0,3700.0
21.10.2025,Badulla,C-4,3500.0,3500.0
21.10.2025,Badulla,H-1,3200.0,3200.0
21.10.2025,Badulla,H-2,3000.0,3000.0
21.10.2025,Badulla,Heen,2800.0,2716.0
21.10.2025,Kalutara,C-5,3800.0,3785.0
21.10.2025,Kurunegala,Heen,3000.0,3000.0
21.10.2025,Kurunegala,Gorosu,2000.0,2000.0
21.10.2025,Colombo,C-5 Sp,4100.0,4100.0
21.10.2025,Colombo,C-5,4000.0,4000.0
21.10.2025,Colombo,C-4,3800.0,3800.0
21.10.2025,Colombo,H-1,3150.0,3150.0
21.10.2025,Colombo,H-2,3100.0,3100.0
21.10.2025,Gampaha,C-5,3900.0,3850.0
21.10.2025,Gampaha,C-4,3750.0,3700.0
21.10.2025,Gampaha,Gorosu,2200.0,2100.0
21.10.2025,Kalutara,Alba,4550.0,4545.0
21.10.2025,Badulla,Gorosu,2500.0,2166.0
28.10.2025,Matara,Alba,4700.0,4600.0
28.10.2025,Galle,H-2,3300.0,3250.0
28.10.2025,Galle,H-1,3350.0,3350.0
28.10.2025,Galle,C-4,3850.0,3825.0
28.10.2025,Kalutara,M-4,3200.0,3190.0
28.10.2025,Galle,C-5 Sp,4500.0,4300.0
28.10.2025,Galle,Alba,5000.0,4750.0
28.10.2025,Kalutara,H-2,3000.0,3000.0
28.10.2025,Kalutara,H-1,3100.0,3090.0
28.10.2025,Matara,C-5 Sp,4300.0,4167.0
28.10.2025,Galle,C-5,3900.0,3875.0
28.10.2025,Matara,C-5,4100.0,3925.0
28.10.2025,Matara,H-Faq,3100.0,3030.0
28.10.2025,Matara,M-5,3800.0,3733.0
28.10.2025,Matara,M-4,3700.0,3583.0
28.10.2025,Matara,H-1,3400.0,3360.0
28.10.2025,Matara,H-2,3320.0,3245.0
28.10.2025,Hambantota,C-5,4000.0,3950.0
28.10.2025,Hambantota,C-4,3900.0,3850.0
28.10.2025,Hambantota,H-1,3350.0,3325.0
28.10.2025,Hambantota,H-2,3300.0,3275.0
28.10.2025,Monaragala,C-4,3500.0,3500.0
28.10.2025,Kalutara,M-5,3300.0,3285.0
28.10.2025,Monaragala,Gorosu,1900.0,1800.0
28.10.2025,Matara,C-4,3900.0,3814.0
28.10.2025,Monaragala,Heen,2200.0,2100.0
28.10.2025,Kalutara,C-4,3600.0,3590.0
28.10.2025,Kalutara,C-5 Sp,4300.0,4290.0
28.10.2025,Kalutara,C-5,3800.0,3785.0
28.10.2025,Ratnapura,Alba,4500.0,4500.0
28.10.2025,Ratnapura,C-5 Sp,2950.0,3900.0
28.10.2025,Ratnapura,C-5,3875.0,3850.0
28.10.2025,Ratnapura,C-4,3750.0,3700.0
28.10.2025,Ratnapura,H-1,3250.0,3200.0
28.10.2025,Ratnapura,H-2,3050.0,3000.0
28.10.2025,Badulla,C-4,3600.0,3600.0
28.10.2025,Badulla,H-1,3200.0,3200.0
28.10.2025,Badulla,H-2,3100.0,3100.0
28.10.2025,Badulla,Heen,3000.0,2833.0
28.10.2025,Badulla,C-5,3700.0,3700.0
28.10.2025,Kurunegala,Heen,3000.0,3000.0
28.10.2025,Badulla,Gorosu,2500.0,2333.0
28.10.2025,Gampaha,Gorosu,2200.0,2100.0
28.10.2025,Gampaha,C-4,3750.0,3700.0
28.10.2025,Gampaha,C-5,3900.0,3850.0
28.10.2025,Colombo,H-2,3000.0,3000.0
28.10.2025,Kalutara,Alba,4550.0,4545.0
28.10.2025,Colombo,C-4,3900.0,3900.0
28.10.2025,Colombo,C-5,4100.0,4100.0
28.10.2025,Colombo,C-5 Sp,4200.0,4200.0
28.10.2025,Kurunegala,Gorosu,2000.0,2000.0
28.10.2025,Colombo,H-1,3150.0,3150.0
04.11.2025,Matara,C-5 Sp,4250.0,4217.0
04.11.2025,Kalutara,H-1,3100.0,3090.0
04.11.2025,Kalutara,H-2,3000.0,3000.0
04.11.2025,Galle,Alba,5000.0,5000.0
04.11.2025,Galle,C-5 Sp,4500.0,4500.0
04.11.2025,Galle,C-5,4000.0,4000.0
04.11.2025,Galle,C-4,3900.0,3900.0
04.11.2025,Monaragala,Gorosu,2100.0,2000.0
04.11.2025,Galle,H-2,3300.0,3300.0
04.11.2025,Matara,Alba,4700.0,4600.0
04.11.2025,Matara,C-5,4000.0,3962.0
04.11.2025,Kalutara,M-4,3200.0,3190.0
04.11.2025,Matara,M-5,3850.0,3750.0
04.11.2025,Matara,M-4,3700.0,3650.0
04.11.2025,Matara,H-1,3700.0,3500.0
04.11.2025,Matara,H-2,3370.0,3338.0
04.11.2025,Matara,H-Faq,3100.0,3075.0
04.11.2025,Hambantota,C-5,4000.0,4000.0
04.11.2025,Hambantota,C-4,3900.0,3900.0
04.11.2025,Hambantota,H-1,3400.0,3400.0
04.11.2025,Hambantota,H-2,3300.0,3300.0
04.11.2025,Monaragala,C-4,3600.0,3500.0
04.11.2025,Monaragala,Heen,2300.0,2200.0
04.11.2025,Matara,C-4,4000.0,3886.0
04.11.2025,Kalutara,M-5,3300.0,3285.0
04.11.2025,Galle,H-1,3400.0,3400.0
04.11.2025,Kalutara,C-5,4000.0,3900.0
04.11.2025,Ratnapura,Alba,4500.0,4500.0
04.11.2025,Ratnapura,C-5 Sp,4000.0,3950.0
04.11.2025,Ratnapura,C-5,3900.0,3850.0
04.11.2025,Ratnapura,C-4,3800.0,3750.0
04.11.2025,Ratnapura,H-1,3250.0,3200.0
04.11.2025,Ratnapura,H-2,3100.0,3000.0
04.11.2025,Badulla,C-5,3750.0,3750.0
04.11.2025,Badulla,C-4,3600.0,3600.0
04.11.2025,Badulla,H-1,3200.0,3200.0
04.11.2025,Badulla,H-2,3100.0,3100.0
04.11.2025,Badulla,Heen,3000.0,2833.0
04.11.2025,Badulla,Gorosu,2000.0,1916.0
04.11.2025,Kalutara,C-4,3800.0,3585.0
04.11.2025,Kurunegala,Gorosu,2000.0,2000.0
04.11.2025,Colombo,C-5 Sp,4100.0,4100.0
04.11.2025,Colombo,C-5,4000.0,4000.0
04.11.2025,Colombo,C-4,3900.0,3900.0
04.11.2025,Colombo,H-1,3100.0,3100.0
04.11.2025,Colombo,H-2,3000.0,3000.0
04.11.2025,Gampaha,C-5,3900.0,3850.0
04.11.2025,Gampaha,C-4,3750.0,3700.0
04.11.2025,Gampaha,Gorosu,2200.0,2100.0
04.11.2025,Kalutara,Alba,4550.0,4545.0
04.11.2025,Kalutara,C-5 Sp,4300.0,4290.0
04.11.2025,Kurunegala,Heen,3000.0,3000.0
11.11.2025,Matara,C-5 Sp,4200.0,4200.0
11.11.2025,Matara,Alba,4700.0,4650.0
11.11.2025,Galle,H-2,3350.0,3350.0
11.11.2025,Galle,H-1,3450.0,3400.0
11.11.2025,Kalutara,H-1,3100.0,3090.0
11.11.2025,Galle,C-5,4200.0,4100.0
11.11.2025,Galle,C-5 Sp,4500.0,4400.0
11.11.2025,Galle,Alba,5000.0,5000.0
11.11.2025,Kalutara,H-2,3000.0,3000.0
11.11.2025,Matara,C-5,4000.0,3975.0
11.11.2025,Galle,C-4,4100.0,3800.0
11.11.2025,Matara,C-4,4000.0,3871.0
11.11.2025,Hambantota,C-5,4000.0,4000.0
11.11.2025,Matara,M-4,3800.0,3700.0
11.11.2025,Matara,H-1,3500.0,3425.0
11.11.2025,Matara,H-2,3370.0,3338.0
11.11.2025,Matara,H-Faq,3200.0,3050.0
11.11.2025,Hambantota,C-4,3900.0,3900.0
11.11.2025,Hambantota,H-1,3400.0,3400.0
11.11.2025,Hambantota,H-2,3350.0,3325.0
11.11.2025,Monaragala,C-4,3600.0,3600.0
11.11.2025,Monaragala,Heen,2300.0,2100.0
11.11.2025,Monaragala,Gorosu,2000.0,1900.0
11.11.2025,Kalutara,M-4,3200.0,3190.0
11.11.2025,Matara,M-5,3850.0,3767.0
11.11.2025,Kalutara,M-5,3300.0,3285.0
11.11.2025,Kalutara,C-4,3800.0,3780.0
11.11.2025,Kalutara,C-5,4000.0,3900.0
11.11.2025,Ratnapura,Alba,4500.0,4500.0
11.11.2025,Ratnapura,C-5 Sp,4100.0,4050.0
11.11.2025,Ratnapura,C-5,4000.0,3950.0
11.11.2025,Ratnapura,C-4,3900.0,3875.0
11.11.2025,Ratnapura,H-1,3400.0,3350.0
11.11.2025,Ratnapura,H-2,3250.0,3200.0
11.11.2025,Badulla,C-4,3600.0,3600.0
11.11.2025,Badulla,H-1,3400.0,3400.0
11.11.2025,Badulla,H-2,3200.0,3200.0
11.11.2025,Badulla,Heen,3000.0,3000.0
11.11.2025,Badulla,Gorosu,2500.0,2500.0
11.11.2025,Badulla,C-5,3900.0,3900.0
11.11.2025,Kurunegala,Gorosu,2000.0,2000.0
11.11.2025,Kurunegala,Heen,3000.0,3000.0
11.11.2025,Kalutara,Alba,4600.0,4585.0
11.11.2025,Gampaha,Gorosu,2200.0,2150.0
11.11.2025,Gampaha,C-4,3750.0,3700.0
11.11.2025,Gampaha,C-5,3900.0,3850.0
11.11.2025,Kalutara,C-5 Sp,4300.0,4290.0
11.11.2025,Colombo,H-1,3100.0,3100.0
11.11.2025,Colombo,C-4,3850.0,3850.0
11.11.2025,Colombo,C-5,4000.0,4000.0
11.11.2025,Colombo,C-5 Sp,4100.0,4100.0
11.11.2025,Colombo,H-2,3000.0,3000.0
18.11.2025,Matara,C-5,4050.0,4025.0
18.11.2025,Matara,C-5 Sp,4500.0,4333.0
18.11.2025,Matara,Alba,5000.0,4775.0
18.11.2025,Galle,H-2,3400.0,3375.0
18.11.2025,Galle,H-1,3500.0,3475.0
18.11.2025,Galle,C-5 Sp,4500.0,4425.0
18.11.2025,Galle,C-5,4250.0,4175.0
18.11.2025,Galle,Alba,5000.0,5000.0
18.11.2025,Kalutara,H-2,3000.0,3000.0
18.11.2025,Kalutara,H-1,3100.0,3090.0
18.11.2025,Galle,C-4,4150.0,4075.0
18.11.2025,Matara,C-4,4000.0,3900.0
18.11.2025,Monaragala,Gorosu,2100.0,2033.0
18.11.2025,Matara,M-4,3700.0,3675.0
18.11.2025,Matara,H-1,3600.0,3462.0
18.11.2025,Matara,H-2,3450.0,3382.0
18.11.2025,Matara,H-Faq,3250.0,3137.0
18.11.2025,Hambantota,C-5,4000.0,4000.0
18.11.2025,Hambantota,C-4,3900.0,3900.0
18.11.2025,Hambantota,H-1,3400.0,3400.0
18.11.2025,Hambantota,H-2,3350.0,3325.0
18.11.2025,Monaragala,C-4,3600.0,3550.0
18.11.2025,Monaragala,Heen,2300.0,2200.0
18.11.2025,Kalutara,M-4,3200.0,3190.0
18.11.2025,Matara,M-5,3800.0,3783.0
18.11.2025,Kalutara,M-5,3300.0,3285.0
18.11.2025,Kalutara,C-5,4000.0,3900.0
18.11.2025,Badulla,C-5,3900.0,3900.0
18.11.2025,Kalutara,C-4,3800.0,3800.0
18.11.2025,Ratnapura,Alba,4700.0,4600.0
18.11.2025,Ratnapura,C-5 Sp,4300.0,4200.0
18.11.2025,Ratnapura,C-5,4100.0,4000.0
18.11.2025,Ratnapura,C-4,3900.0,3820.0
18.11.2025,Ratnapura,H-1,3400.0,3350.0
18.11.2025,Ratnapura,H-2,3200.0,3150.0
18.11.2025,Badulla,C-4,3700.0,3700.0
18.11.2025,Badulla,H-1,3500.0,3500.0
18.11.2025,Badulla,H-2,3300.0,3300.0
18.11.2025,Badulla,Gorosu,2500.0,2500.0
18.11.2025,Badulla,Heen,3000.0,3000.0
18.11.2025,Kurunegala,Gorosu,2000.0,2000.0
18.11.2025,Kalutara,C-5 Sp,4300.0,4285.0
18.11.2025,Kalutara,Alba,4600.0,4590.0
18.11.2025,Gampaha,Gorosu,2100.0,2000.0
18.11.2025,Gampaha,C-4,3750.0,3700.0
18.11.2025,Kurunegala,Heen,3000.0,3000.0
18.11.2025,Colombo,H-2,3000.0,3000.0
18.11.2025,Gampaha,C-5,3900.0,3850.0
18.11.2025,Colombo,C-4,3900.0,3900.0
18.11.2025,Colombo,C-5,4000.0,4000.0
18.11.2025,Colombo,C-5 Sp,4100.0,4100.0
18.11.2025,Colombo,H-1,3100.0,3100.0
25.11.2025,Matara,Alba,4850.0,4787.0
25.11.2025,Galle,C-4,4200.0,4100.0
25.11.2025,Galle,H-2,3500.0,3450.0
25.11.2025,Galle,H-1,3600.0,3550.0
25.11.2025,Galle,C-5,4500.0,4400.0
25.11.2025,Kalutara,C-5,4300.0,4295.0
25.11.2025,Galle,Alba,5500.0,5250.0
25.11.2025,Kalutara,H-2,3000.0,3000.0
25.11.2025,Kalutara,H-1,3100.0,3090.0
25.11.2025,Matara,C-5 Sp,4700.0,4383.0
25.11.2025,Galle,C-5 Sp,4800.0,4650.0
25.11.2025,Matara,C-5,4050.0,4050.0
25.11.2025,Monaragala,Gorosu,2100.0,2000.0
25.11.2025,Matara,M-5,3850.0,3817.0
25.11.2025,Matara,M-4,3750.0,3700.0
25.11.2025,Matara,H-1,3650.0,3500.0
25.11.2025,Matara,H-2,3500.0,3393.0
25.11.2025,Matara,H-Faq,3350.0,3187.0
25.11.2025,Hambantota,C-5,4300.0,4250.0
25.11.2025,Hambantota,C-4,4050.0,4025.0
25.11.2025,Hambantota,H-1,3450.0,3400.0
25.11.2025,Hambantota,H-2,3350.0,3325.0
25.11.2025,Monaragala,C-4,3700.0,3650.0
25.11.2025,Monaragala,Heen,2300.0,2200.0
25.11.2025,Matara,C-4,4200.0,3993.0
25.11.2025,Kalutara,M-4,3200.0,3190.0
25.11.2025,Colombo,H-2,3100.0,3100.0
25.11.2025,Kalutara,C-4,4000.0,3980.0
25.11.2025,Ratnapura,Alba,4700.0,4600.0
25.11.2025,Ratnapura,C-5 Sp,4350.0,4300.0
25.11.2025,Ratnapura,C-5,4250.0,4200.0
25.11.2025,Ratnapura,C-4,4000.0,3900.0
25.11.2025,Ratnapura,H-1,3450.0,3350.0
25.11.2025,Ratnapura,H-2,3300.0,3250.0
25.11.2025,Badulla,C-5,3900.0,3900.0
25.11.2025,Kalutara,M-5,3300.0,3295.0
25.11.2025,Badulla,H-1,3500.0,3500.0
25.11.2025,Badulla,H-2,3300.0,3300.0
25.11.2025,Badulla,Heen,3000.0,3000.0
25.11.2025,Badulla,Gorosu,2500.0,2500.0
25.11.2025,Badulla,C-4,3800.0,3800.0
25.11.2025,Kurunegala,Gorosu,2000.0,2000.0
25.11.2025,Kurunegala,Heen,3000.0,3000.0
25.11.2025,Kalutara,Alba,4800.0,4785.0
25.11.2025,Gampaha,Gorosu,2100.0,2000.0
25.11.2025,Gampaha,C-4,3700.0,3600.0
25.11.2025,Gampaha,C-5,3800.0,3750.0
25.11.2025,Kalutara,C-5 Sp,4500.0,4460.0
25.11.2025,Colombo,H-1,3200.0,3200.0
25.11.2025,Colombo,C-4,4100.0,4100.0
25.11.2025,Colombo,C-5,4200.0,4200.0
25.11.2025,Colombo,C-5 Sp,4300.0,4300.0
02.12.2025,Galle,C-5 Sp,4800.0,4650.0
02.12.2025,Galle,C-5,4500.0,4450.0
02.12.2025,Galle,C-4,4100.0,4050.0
02.12.2025,Galle,H-1,3600.0,3600.0
02.12.2025,Galle,H-2,3500.0,3450.0
02.12.2025,Matara,Alba,5100.0,4900.0
02.12.2025,Matara,C-5 Sp,4400.0,4333.0
02.12.2025,Matara,C-5,4500.0,4190.0
02.12.2025,Matara,C-4,4300.0,4044.0
02.12.2025,Matara,M-5,4000.0,3763.0
02.12.2025,Galle,Alba,5500.0,5500.0
02.12.2025,Matara,H-1,3600.0,3486.0
02.12.2025,Matara,H-2,3500.0,3356.0
02.12.2025,Monaragala,Gorosu,2100.0,2000.0
02.12.2025,Matara,H-Faq,3350.0,3150.0
02.12.2025,Hambantota,C-5,4500.0,4400.0
02.12.2025,Hambantota,C-4,4150.0,4125.0
02.12.2025,Hambantota,H-1,3550.0,3550.0
02.12.2025,Hambantota,H-2,3500.0,3500.0
02.12.2025,Monaragala,C-4,3600.0,3600.0
02.12.2025,Monaragala,Heen,2300.0,2200.0
02.12.2025,Matara,M-4,3700.0,3575.0
02.12.2025,Kalutara,H-2,3000.0,3000.0
02.12.2025,Badulla,C-4,3800.0,3800.0
02.12.2025,Kalutara,M-4,3200.0,3190.0
02.12.2025,Kalutara,H-1,3100.0,3090.0
02.12.2025,Ratnapura,Alba,4800.0,4700.0
02.12.2025,Ratnapura,C-5 Sp,4400.0,4350.0
02.12.2025,Ratnapura,C-5,4200.0,4150.0
02.12.2025,Ratnapura,C-4,4100.0,4000.0
02.12.2025,Ratnapura,H-1,3500.0,3450.0
02.12.2025,Badulla,C-5,4000.0,4000.0
02.12.2025,Badulla,H-1,3600.0,3600.0
02.12.2025,Badulla,H-2,3400.0,3400.0
02.12.2025,Badulla,Heen,3000.0,3000.0
02.12.2025,Ratnapura,H-2,3300.0,3250.0
02.12.2025,Kurunegala,Heen,3000.0,3000.0
02.12.2025,Badulla,Gorosu,2500.0,2500.0
02.12.2025,Kalutara,C-4,4000.0,3980.0
02.12.2025,Kalutara,C-5,4300.0,4295.0
02.12.2025,Kalutara,C-5 Sp,4500.0,4460.0
02.12.2025,Kalutara,Alba,4800.0,4785.0
02.12.2025,Kalutara,M-5,3300.0,3285.0
02.12.2025,Gampaha,C-4,3750.0,3700.0
02.12.2025,Gampaha,C-5,3900.0,3850.0
02.12.2025,Kurunegala,Gorosu,2000.0,2000.0
02.12.2025,Gampaha,Gorosu,2200.0,2100.0
09.12.2025,Matara,C-5,4500.0,4280.0
09.12.2025,Kalutara,H-2,3000.0,3000.0
09.12.2025,Galle,Alba,5500.0,5500.0
09.12.2025,Galle,C-5 Sp,5000.0,4850.0
09.12.2025,Galle,C-5,4500.0,4500.0
09.12.2025,Galle,C-4,4300.0,4250.0
09.12.2025,Galle,H-1,3700.0,3675.0
09.12.2025,Galle,H-2,3550.0,3525.0
09.12.2025,Matara,Alba,5400.0,5200.0
09.12.2025,Matara,C-5 Sp,4700.0,4533.0
09.12.2025,Matara,C-4,4300.0,4075.0
09.12.2025,Monaragala,Gorosu,2100.0,2000.0
09.12.2025,Matara,M-4,3900.0,3850.0
09.12.2025,Matara,H-1,3650.0,3570.0
09.12.2025,Matara,H-2,3500.0,3431.0
09.12.2025,Matara,H-Faq,3300.0,3180.0
09.12.2025,Hambantota,C-5,4500.0,4425.0
09.12.2025,Hambantota,C-4,4150.0,4125.0
09.12.2025,Hambantota,H-1,3550.0,3550.0
09.12.2025,Hambantota,H-2,3500.0,3500.0
09.12.2025,Monaragala,C-4,3600.0,3566.0
09.12.2025,Monaragala,Heen,2300.0,2200.0
09.12.2025,Kalutara,H-1,3100.0,3090.0
09.12.2025,Matara,M-5,4000.0,4000.0
09.12.2025,Kalutara,M-5,3300.0,3285.0
09.12.2025,Kalutara,M-4,3200.0,3190.0
09.12.2025,Kalutara,C-5,4300.0,4295.0
09.12.2025,Kalutara,C-4,4000.0,3980.0
09.12.2025,Ratnapura,C-5 Sp,4450.0,4400.0
09.12.2025,Ratnapura,C-5,4350.0,4300.0
09.12.2025,Ratnapura,C-4,4200.0,4100.0
09.12.2025,Ratnapura,H-1,3500.0,3450.0
09.12.2025,Ratnapura,H-2,3300.0,3250.0
09.12.2025,Badulla,C-5,4000.0,4000.0
09.12.2025,Badulla,C-4,3800.0,3800.0
09.12.2025,Badulla,H-1,3600.0,3600.0
09.12.2025,Badulla,H-2,3400.0,3400.0
09.12.2025,Badulla,Heen,3000.0,2750.0
09.12.2025,Badulla,Gorosu,2500.0,2266.0
09.12.2025,Ratnapura,Alba,4800.0,4700.0
09.12.2025,Kurunegala,Gorosu,2000.0,2000.0
09.12.2025,Colombo,C-5 Sp,4300.0,4300.0
09.12.2025,Colombo,C-5,4200.0,4200.0
09.12.2025,Colombo,C-4,4000.0,4000.0
09.12.2025,Colombo,H-1,3100.0,3100.0
09.12.2025,Colombo,H-2,3000.0,3000.0
09.12.2025,Gampaha,C-5,3900.0,3850.0
09.12.2025,Gampaha,C-4,3750.0,3700.0
09.12.2025,Gampaha,Gorosu,2200.0,2100.0
09.12.2025,Kalutara,Alba,4800.0,4780.0
09.12.2025,Kalutara,C-5 Sp,4500.0,4470.0
09.12.2025,Kurunegala,Heen,3000.0,3000.0
16.12.2025,Matara,C-5 Sp,5200.0,4733.0
16.12.2025,Matara,Alba,5450.0,5363.0
16.12.2025,Galle,H-2,3550.0,3550.0
16.12.2025,Galle,H-1,3650.0,3650.0
16.12.2025,Kalutara,H-1,3100.0,3090.0
16.12.2025,Galle,C-5,4500.0,4300.0
16.12.2025,Galle,C-5 Sp,5000.0,4850.0
16.12.2025,Galle,Alba,6000.0,5750.0
16.12.2025,Kalutara,H-2,3000.0,3000.0
16.12.2025,Matara,C-5,5000.0,4440.0
16.12.2025,Galle,C-4,4300.0,4150.0
16.12.2025,Matara,C-4,4600.0,4219.0
16.12.2025,Matara,H-Faq,3300.0,3225.0
16.12.2025,Matara,M-5,4400.0,4167.0
16.12.2025,Matara,M-4,4000.0,3900.0
16.12.2025,Matara,H-1,3900.0,3660.0
16.12.2025,Matara,H-2,3550.0,3463.0
16.12.2025,Hambantota,C-5,4500.0,4425.0
16.12.2025,Hambantota,C-4,4150.0,4125.0
16.12.2025,Hambantota,H-1,3550.0,3550.0
16.12.2025,Hambantota,H-2,3500.0,3500.0
16.12.2025,Monaragala,C-4,3600.0,3600.0
16.12.2025,Monaragala,Heen,2300.0,2100.0
16.12.2025,Kalutara,M-4,3200.0,3190.0
16.12.2025,Monaragala,Gorosu,2000.0,1900.0
16.12.2025,Kalutara,M-5,3300.0,3285.0
16.12.2025,Badulla,Gorosu,2600.0,2525.0
16.12.2025,Kalutara,C-5,4300.0,4295.0
16.12.2025,Kalutara,C-4,4000.0,3980.0
16.12.2025,Ratnapura,C-5 Sp,4500.0,4450.0
16.12.2025,Ratnapura,C-5,4300.0,4250.0
16.12.2025,Ratnapura,C-4,4200.0,4100.0
16.12.2025,Ratnapura,H-1,3500.0,3450.0
16.12.2025,Ratnapura,H-2,3300.0,3250.0
16.12.2025,Badulla,C-5,4200.0,4200.0
16.12.2025,Badulla,C-4,4000.0,4000.0
16.12.2025,Badulla,H-1,3600.0,3600.0
16.12.2025,Badulla,H-2,3400.0,3400.0
16.12.2025,Badulla,Heen,3000.0,2925.0
16.12.2025,Ratnapura,Alba,5000.0,5000.0
16.12.2025,Kurunegala,Gorosu,2000.0,2000.0
16.12.2025,Kurunegala,Heen,3000.0,3000.0
16.12.2025,Kalutara,Alba,4800.0,4785.0
16.12.2025,Gampaha,Gorosu,2200.0,2100.0
16.12.2025,Gampaha,C-4,3900.0,3700.0
16.12.2025,Gampaha,C-5,4100.0,4000.0
16.12.2025,Kalutara,C-5 Sp,4500.0,4460.0
16.12.2025,Colombo,H-1,3200.0,3200.0
16.12.2025,Colombo,C-4,4100.0,4100.0
16.12.2025,Colombo,C-5,4300.0,4300.0
16.12.2025,Colombo,C-5 Sp,4400.0,4400.0
16.12.2025,Colombo,H-2,3100.0,3100.0
23.12.2025,Matara,C-5,5000.0,4540.0
23.12.2025,Galle,C-5 Sp,5000.0,4850.0
23.12.2025,Galle,C-5,4700.0,4450.0
23.12.2025,Galle,C-4,4300.0,4150.0
23.12.2025,Galle,H-1,3750.0,3700.0
23.12.2025,Galle,H-2,3650.0,3600.0
23.12.2025,Matara,Alba,5500.0,5450.0
23.12.2025,Matara,C-5 Sp,5200.0,4933.0
23.12.2025,Galle,Alba,5500.0,5500.0
23.12.2025,Matara,H-Faq,3300.0,3250.0
23.12.2025,Matara,M-5,4150.0,4063.0
23.12.2025,Matara,M-4,4000.0,3925.0
23.12.2025,Matara,H-1,3800.0,3724.0
23.12.2025,Matara,H-2,3650.0,3556.0
23.12.2025,Hambantota,C-5,4500.0,4450.0
23.12.2025,Hambantota,C-4,4150.0,4150.0
23.12.2025,Hambantota,H-1,3550.0,3550.0
23.12.2025,Hambantota,H-2,3500.0,3500.0
23.12.2025,Monaragala,C-4,3800.0,3650.0
23.12.2025,Kalutara,H-2,3000.0,3000.0
23.12.2025,Matara,C-4,4500.0,4288.0
23.12.2025,Kalutara,H-1,3100.0,3090.0
23.12.2025,Badulla,Heen,3000.0,3000.0
23.12.2025,Kalutara,M-5,3300.0,3280.0
23.12.2025,Monaragala,Heen,2300.0,2250.0
23.12.2025,Ratnapura,Alba,5200.0,5000.0
23.12.2025,Ratnapura,C-5 Sp,4550.0,4500.0
23.12.2025,Ratnapura,C-5,4350.0,4300.0
23.12.2025,Ratnapura,C-4,4250.0,4200.0
23.12.2025,Ratnapura,H-1,3600.0,3500.0
23.12.2025,Ratnapura,H-2,3400.0,3300.0
23.12.2025,Badulla,C-5,4200.0,4200.0
23.12.2025,Badulla,C-4,4000.0,4000.0
23.12.2025,Badulla,H-1,3600.0,3600.0
23.12.2025,Badulla,H-2,3400.0,3400.0
23.12.2025,Badulla,Gorosu,2600.0,2600.0
23.12.2025,Kurunegala,Heen,3000.0,3000.0
23.12.2025,Kurunegala,Gorosu,2000.0,2000.0
23.12.2025,Gampaha,C-5,4300.0,4200.0
23.12.2025,Gampaha,C-4,4100.0,4000.0
23.12.2025,Gampaha,Gorosu,2400.0,2300.0
23.12.2025,Kalutara,Alba,4900.0,4850.0
23.12.2025,Kalutara,C-5 Sp,4600.0,4580.0
23.12.2025,Kalutara,C-5,4300.0,4295.0
23.12.2025,Kalutara,C-4,4000.0,3980.0
23.12.2025,Kalutara,M-4,3200.0,3190.0
23.12.2025,Monaragala,Gorosu,2100.0,2050.0
